"../../../Engine/Content/EditorResources/S_Actor.ubulk" 0
"../../../Engine/Content/EditorResources/S_Actor.uasset" 1
"../../../Engine/Content/EditorResources/S_Actor.uexp" 2
"../../../Engine/Content/EditorResources/S_BoxReflectionCapture.uasset" 3
"../../../Engine/Content/EditorResources/S_BoxReflectionCapture.uexp" 4
"../../../Engine/Content/EngineResources/DefaultTextureCube.uasset" 5
"../../../Engine/Content/EngineResources/DefaultTextureCube.uexp" 6
"../../../Engine/Content/EngineResources/DefaultVolumeTexture2D.uasset" 7
"../../../Engine/Content/EngineResources/DefaultVolumeTexture2D.uexp" 8
"../../../Engine/Content/EngineResources/DefaultVolumeTexture.uasset" 9
"../../../Engine/Content/EngineResources/DefaultVolumeTexture.uexp" 10
"../../../Engine/Content/EditorResources/S_Trigger.ubulk" 11
"../../../Engine/Content/EditorResources/S_Trigger.uasset" 12
"../../../Engine/Content/EditorResources/S_Trigger.uexp" 13
"../../../Engine/Content/EditorResources/S_TriggerBox.uasset" 14
"../../../Engine/Content/EditorResources/S_TriggerBox.uexp" 15
"../../../Engine/Content/EditorResources/S_TriggerCapsule.uasset" 16
"../../../Engine/Content/EditorResources/S_TriggerCapsule.uexp" 17
"../../../Engine/Content/EditorResources/S_TriggerSphere.uasset" 18
"../../../Engine/Content/EditorResources/S_TriggerSphere.uexp" 19
"../../../Engine/Content/EngineResources/GradientTexture0.uasset" 20
"../../../Engine/Content/EngineResources/GradientTexture0.uexp" 21
"../../../Engine/Content/EngineResources/Black.uasset" 22
"../../../Engine/Content/EngineResources/Black.uexp" 23
"../../../Engine/Content/VREditor/LaserPointer/VR_LaserPower_01.ubulk" 24
"../../../Engine/Content/VREditor/LaserPointer/VR_LaserPower_01.uasset" 25
"../../../Engine/Content/VREditor/LaserPointer/VR_LaserPower_01.uexp" 26
"../../../Engine/Content/VREditor/TransformGizmo/TransformGizmoMaterial.uasset" 27
"../../../Engine/Content/VREditor/TransformGizmo/TransformGizmoMaterial.uexp" 28
"../../../Engine/Content/VREditor/TransformGizmo/TranslucentTransformGizmoMaterial.uasset" 29
"../../../Engine/Content/VREditor/TransformGizmo/TranslucentTransformGizmoMaterial.uexp" 30
"../../../Engine/Content/VREditor/TransformGizmo/BoundingBoxCorner.ubulk" 31
"../../../Engine/Content/VREditor/TransformGizmo/BoundingBoxCorner.uasset" 32
"../../../Engine/Content/VREditor/TransformGizmo/BoundingBoxCorner.uexp" 33
"../../../Engine/Content/VREditor/TransformGizmo/BoundingBoxEdge.ubulk" 34
"../../../Engine/Content/VREditor/TransformGizmo/BoundingBoxEdge.uasset" 35
"../../../Engine/Content/VREditor/TransformGizmo/BoundingBoxEdge.uexp" 36
"../../../Engine/Content/VREditor/TransformGizmo/Main.uasset" 37
"../../../Engine/Content/VREditor/TransformGizmo/Main.uexp" 38
"../../../Engine/Content/VREditor/TransformGizmo/Xray.uasset" 39
"../../../Engine/Content/VREditor/TransformGizmo/Xray.uexp" 40
"../../../Engine/Content/VREditor/TransformGizmo/SM_Sequencer_Node.ubulk" 41
"../../../Engine/Content/VREditor/TransformGizmo/SM_Sequencer_Node.uasset" 42
"../../../Engine/Content/VREditor/TransformGizmo/SM_Sequencer_Node.uexp" 43
"../../../Engine/Content/EditorResources/S_Solver.ubulk" 44
"../../../Engine/Content/EditorResources/S_Solver.uasset" 45
"../../../Engine/Content/EditorResources/S_Solver.uexp" 46
"../../../Engine/Content/EditorMaterials/Camera/CineMat.uasset" 47
"../../../Engine/Content/EditorMaterials/Camera/CineMat.uexp" 48
"../../../Engine/Content/EditorMaterials/Camera/MI_CineMat_Rig.uasset" 49
"../../../Engine/Content/EditorMaterials/Camera/MI_CineMat_Rig.uexp" 50
"../../../Engine/Content/EditorMeshes/Camera/SM_CraneRig_Base.ubulk" 51
"../../../Engine/Content/EditorMeshes/Camera/SM_CraneRig_Base.uasset" 52
"../../../Engine/Content/EditorMeshes/Camera/SM_CraneRig_Base.uexp" 53
"../../../Engine/Content/EditorMeshes/Camera/SM_CraneRig_Arm.ubulk" 54
"../../../Engine/Content/EditorMeshes/Camera/SM_CraneRig_Arm.uasset" 55
"../../../Engine/Content/EditorMeshes/Camera/SM_CraneRig_Arm.uexp" 56
"../../../Engine/Content/EditorMeshes/Camera/SM_CraneRig_Mount.ubulk" 57
"../../../Engine/Content/EditorMeshes/Camera/SM_CraneRig_Mount.uasset" 58
"../../../Engine/Content/EditorMeshes/Camera/SM_CraneRig_Mount.uexp" 59
"../../../Engine/Content/EditorMeshes/Camera/SM_CraneRig_Body.ubulk" 60
"../../../Engine/Content/EditorMeshes/Camera/SM_CraneRig_Body.uasset" 61
"../../../Engine/Content/EditorMeshes/Camera/SM_CraneRig_Body.uexp" 62
"../../../Engine/Content/EditorMeshes/Camera/SM_RailRig_Track.ubulk" 63
"../../../Engine/Content/EditorMeshes/Camera/SM_RailRig_Track.uasset" 64
"../../../Engine/Content/EditorMeshes/Camera/SM_RailRig_Track.uexp" 65
"../../../Engine/Content/EditorMeshes/Camera/SM_RailRig_Mount.ubulk" 66
"../../../Engine/Content/EditorMeshes/Camera/SM_RailRig_Mount.uasset" 67
"../../../Engine/Content/EditorMeshes/Camera/SM_RailRig_Mount.uexp" 68
"../../../Engine/Content/EngineMaterials/T_Default_Material_Grid_M.ubulk" 69
"../../../Engine/Content/EngineMaterials/T_Default_Material_Grid_M.uasset" 70
"../../../Engine/Content/EngineMaterials/T_Default_Material_Grid_M.uexp" 71
"../../../Engine/Content/EngineMaterials/T_Default_Material_Grid_N.ubulk" 72
"../../../Engine/Content/EngineMaterials/T_Default_Material_Grid_N.uasset" 73
"../../../Engine/Content/EngineMaterials/T_Default_Material_Grid_N.uexp" 74
"../../../Engine/Content/Functions/Engine_MaterialFunctions01/Opacity/CameraDepthFade.uasset" 75
"../../../Engine/Content/Functions/Engine_MaterialFunctions01/Opacity/CameraDepthFade.uexp" 76
"../../../Engine/Content/EngineMaterials/WorldGridMaterial.uasset" 77
"../../../Engine/Content/EngineMaterials/WorldGridMaterial.uexp" 78
"../../../Engine/Content/ArtTools/RenderToTexture/Meshes/S_1_Unit_Plane.ubulk" 79
"../../../Engine/Content/ArtTools/RenderToTexture/Meshes/S_1_Unit_Plane.uasset" 80
"../../../Engine/Content/ArtTools/RenderToTexture/Meshes/S_1_Unit_Plane.uexp" 81
"../../../Engine/Content/EditorMaterials/ParticleSystems/PSysThumbnail_NoImage.ubulk" 82
"../../../Engine/Content/EditorMaterials/ParticleSystems/PSysThumbnail_NoImage.uasset" 83
"../../../Engine/Content/EditorMaterials/ParticleSystems/PSysThumbnail_NoImage.uexp" 84
"../../../Engine/Content/EditorMaterials/ParticleSystems/PSysThumbnail_OOD.ubulk" 85
"../../../Engine/Content/EditorMaterials/ParticleSystems/PSysThumbnail_OOD.uasset" 86
"../../../Engine/Content/EditorMaterials/ParticleSystems/PSysThumbnail_OOD.uexp" 87
"../../../Engine/Content/EditorLandscapeResources/SplineEditorMeshMat.uasset" 88
"../../../Engine/Content/EditorLandscapeResources/SplineEditorMeshMat.uexp" 89
"../../../Engine/Content/EditorLandscapeResources/SplineEditorMesh.ubulk" 90
"../../../Engine/Content/EditorLandscapeResources/SplineEditorMesh.uasset" 91
"../../../Engine/Content/EditorLandscapeResources/SplineEditorMesh.uexp" 92
"../../../Engine/Plugins/Marketplace/BlockoutToolsPlugin/Content/Textures/T_Blockout_Actor_Icon.ubulk" 93
"../../../Engine/Plugins/Marketplace/BlockoutToolsPlugin/Content/Textures/T_Blockout_Actor_Icon.uasset" 94
"../../../Engine/Plugins/Marketplace/BlockoutToolsPlugin/Content/Textures/T_Blockout_Actor_Icon.uexp" 95
"../../../Engine/Plugins/Media/MediaPlate/Content/SM_MediaPlateScreen.ubulk" 96
"../../../Engine/Plugins/Media/MediaPlate/Content/SM_MediaPlateScreen.uasset" 97
"../../../Engine/Plugins/Media/MediaPlate/Content/SM_MediaPlateScreen.uexp" 98
"../../../Engine/Content/EngineMaterials/DefaultBokeh.uasset" 99
"../../../Engine/Content/EngineMaterials/DefaultBokeh.uexp" 100
"../../../Engine/Content/EngineMaterials/MiniFont.uasset" 101
"../../../Engine/Content/EngineMaterials/MiniFont.uexp" 102
"../../../Engine/Content/EngineMaterials/PreintegratedSkinBRDF.uasset" 103
"../../../Engine/Content/EngineMaterials/PreintegratedSkinBRDF.uexp" 104
"../../../Engine/Plugins/Runtime/MeshModelingToolset/Content/Materials/M_DynamicMeshComponentVtxColor.uasset" 105
"../../../Engine/Plugins/Runtime/MeshModelingToolset/Content/Materials/M_DynamicMeshComponentVtxColor.uexp" 106
"../../../Engine/Content/EngineMaterials/T_Default_BaseColor.ubulk" 107
"../../../Engine/Content/EngineMaterials/T_Default_BaseColor.uasset" 108
"../../../Engine/Content/EngineMaterials/T_Default_BaseColor.uexp" 109
"../../../Engine/Content/Functions/Engine_MaterialFunctions02/Utility/VectorLength.uasset" 110
"../../../Engine/Content/Functions/Engine_MaterialFunctions02/Utility/VectorLength.uexp" 111
"../../../Engine/Content/Functions/Engine_MaterialFunctions02/WorldPositionOffset/ObjectScale.uasset" 112
"../../../Engine/Content/Functions/Engine_MaterialFunctions02/WorldPositionOffset/ObjectScale.uexp" 113
"../../../Engine/Content/Functions/Engine_MaterialFunctions01/Gradient/LinearGradient.uasset" 114
"../../../Engine/Content/Functions/Engine_MaterialFunctions01/Gradient/LinearGradient.uexp" 115
"../../../Engine/Content/Functions/Engine_MaterialFunctions01/ImageAdjustment/CheapContrast.uasset" 116
"../../../Engine/Content/Functions/Engine_MaterialFunctions01/ImageAdjustment/CheapContrast.uexp" 117
"../../../Engine/Plugins/Marketplace/BlockoutToolsPlugin/Content/Materials/Functions/MF_Blockout_Triplanar.uasset" 118
"../../../Engine/Plugins/Marketplace/BlockoutToolsPlugin/Content/Materials/Functions/MF_Blockout_Triplanar.uexp" 119
"../../../Engine/Content/EngineMaterials/T_Default_Normal.ubulk" 120
"../../../Engine/Content/EngineMaterials/T_Default_Normal.uasset" 121
"../../../Engine/Content/EngineMaterials/T_Default_Normal.uexp" 122
"../../../Engine/Plugins/Marketplace/BlockoutToolsPlugin/Content/Materials/Functions/MF_Blockout_Triplanar_Normal.uasset" 123
"../../../Engine/Plugins/Marketplace/BlockoutToolsPlugin/Content/Materials/Functions/MF_Blockout_Triplanar_Normal.uexp" 124
"../../../Engine/Plugins/Marketplace/BlockoutToolsPlugin/Content/Materials/M_BlockoutTools_Custom.uasset" 125
"../../../Engine/Plugins/Marketplace/BlockoutToolsPlugin/Content/Materials/M_BlockoutTools_Custom.uexp" 126
"../../../Engine/Plugins/Marketplace/BlockoutToolsPlugin/Content/Materials/MI_BlockoutTools_Custom.uasset" 127
"../../../Engine/Plugins/Marketplace/BlockoutToolsPlugin/Content/Materials/MI_BlockoutTools_Custom.uexp" 128
"../../../Engine/Plugins/Marketplace/BlockoutToolsPlugin/Content/Meshes/SM_Blockout_Box.ubulk" 129
"../../../Engine/Plugins/Marketplace/BlockoutToolsPlugin/Content/Meshes/SM_Blockout_Box.uasset" 130
"../../../Engine/Plugins/Marketplace/BlockoutToolsPlugin/Content/Meshes/SM_Blockout_Box.uexp" 131
"../../../Engine/Plugins/Marketplace/BlockoutToolsPlugin/Content/Blueprints/Utility/BlockoutToolsFunctions.uasset" 132
"../../../Engine/Plugins/Marketplace/BlockoutToolsPlugin/Content/Blueprints/Utility/BlockoutToolsFunctions.uexp" 133
"../../../Engine/Plugins/Marketplace/BlockoutToolsPlugin/Content/Blueprints/Blockout_Window.uasset" 134
"../../../Engine/Plugins/Marketplace/BlockoutToolsPlugin/Content/Blueprints/Blockout_Window.uexp" 135
"../../../Engine/Plugins/Marketplace/BlockoutToolsPlugin/Content/Meshes/SM_Blockout_Box_Right.ubulk" 136
"../../../Engine/Plugins/Marketplace/BlockoutToolsPlugin/Content/Meshes/SM_Blockout_Box_Right.uasset" 137
"../../../Engine/Plugins/Marketplace/BlockoutToolsPlugin/Content/Meshes/SM_Blockout_Box_Right.uexp" 138
"../../../Engine/Plugins/Marketplace/BlockoutToolsPlugin/Content/Blueprints/Utility/EBlockoutAlignment.uasset" 139
"../../../Engine/Plugins/Marketplace/BlockoutToolsPlugin/Content/Blueprints/Utility/EBlockoutAlignment.uexp" 140
"../../../Engine/Plugins/Marketplace/BlockoutToolsPlugin/Content/Meshes/SM_Blockout_Box_Centered.ubulk" 141
"../../../Engine/Plugins/Marketplace/BlockoutToolsPlugin/Content/Meshes/SM_Blockout_Box_Centered.uasset" 142
"../../../Engine/Plugins/Marketplace/BlockoutToolsPlugin/Content/Meshes/SM_Blockout_Box_Centered.uexp" 143
"../../../Engine/Content/EditorBlueprintResources/StandardMacros.uasset" 144
"../../../Engine/Content/EditorBlueprintResources/StandardMacros.uexp" 145
"../../../Engine/Plugins/Marketplace/BlockoutToolsPlugin/Content/Blueprints/Blockout_Tube.uasset" 146
"../../../Engine/Plugins/Marketplace/BlockoutToolsPlugin/Content/Blueprints/Blockout_Tube.uexp" 147
"../../../Engine/Plugins/Marketplace/BlockoutToolsPlugin/Content/Blueprints/Utility/EBlockoutStairsType.uasset" 148
"../../../Engine/Plugins/Marketplace/BlockoutToolsPlugin/Content/Blueprints/Utility/EBlockoutStairsType.uexp" 149
"../../../Engine/Plugins/Marketplace/BlockoutToolsPlugin/Content/Meshes/SM_Blockout_Step_Box.ubulk" 150
"../../../Engine/Plugins/Marketplace/BlockoutToolsPlugin/Content/Meshes/SM_Blockout_Step_Box.uasset" 151
"../../../Engine/Plugins/Marketplace/BlockoutToolsPlugin/Content/Meshes/SM_Blockout_Step_Box.uexp" 152
"../../../Engine/Plugins/Marketplace/BlockoutToolsPlugin/Content/Meshes/SM_Blockout_Step_Sloped_Linear.ubulk" 153
"../../../Engine/Plugins/Marketplace/BlockoutToolsPlugin/Content/Meshes/SM_Blockout_Step_Sloped_Linear.uasset" 154
"../../../Engine/Plugins/Marketplace/BlockoutToolsPlugin/Content/Meshes/SM_Blockout_Step_Sloped_Linear.uexp" 155
"../../../Engine/Plugins/Marketplace/BlockoutToolsPlugin/Content/Blueprints/Blockout_Stairs_Linear_Manual.uasset" 156
"../../../Engine/Plugins/Marketplace/BlockoutToolsPlugin/Content/Blueprints/Blockout_Stairs_Linear_Manual.uexp" 157
"../../../Engine/Plugins/Marketplace/BlockoutToolsPlugin/Content/Blueprints/Blockout_Stairs_Linear.uasset" 158
"../../../Engine/Plugins/Marketplace/BlockoutToolsPlugin/Content/Blueprints/Blockout_Stairs_Linear.uexp" 159
"../../../Engine/Plugins/Marketplace/BlockoutToolsPlugin/Content/Meshes/SM_Blockout_Step_Sloped_Centered.ubulk" 160
"../../../Engine/Plugins/Marketplace/BlockoutToolsPlugin/Content/Meshes/SM_Blockout_Step_Sloped_Centered.uasset" 161
"../../../Engine/Plugins/Marketplace/BlockoutToolsPlugin/Content/Meshes/SM_Blockout_Step_Sloped_Centered.uexp" 162
"../../../Engine/Plugins/Marketplace/BlockoutToolsPlugin/Content/Meshes/SM_Blockout_Step_Box_Centered.ubulk" 163
"../../../Engine/Plugins/Marketplace/BlockoutToolsPlugin/Content/Meshes/SM_Blockout_Step_Box_Centered.uasset" 164
"../../../Engine/Plugins/Marketplace/BlockoutToolsPlugin/Content/Meshes/SM_Blockout_Step_Box_Centered.uexp" 165
"../../../Engine/Plugins/Marketplace/BlockoutToolsPlugin/Content/Blueprints/Blockout_Stairs_Curved.uasset" 166
"../../../Engine/Plugins/Marketplace/BlockoutToolsPlugin/Content/Blueprints/Blockout_Stairs_Curved.uexp" 167
"../../../Engine/Plugins/Marketplace/BlockoutToolsPlugin/Content/Meshes/SM_Blockout_Sphere_Q4.ubulk" 168
"../../../Engine/Plugins/Marketplace/BlockoutToolsPlugin/Content/Meshes/SM_Blockout_Sphere_Q4.uasset" 169
"../../../Engine/Plugins/Marketplace/BlockoutToolsPlugin/Content/Meshes/SM_Blockout_Sphere_Q4.uexp" 170
"../../../Engine/Plugins/Marketplace/BlockoutToolsPlugin/Content/Meshes/SM_Blockout_Hemisphere_Q4.ubulk" 171
"../../../Engine/Plugins/Marketplace/BlockoutToolsPlugin/Content/Meshes/SM_Blockout_Hemisphere_Q4.uasset" 172
"../../../Engine/Plugins/Marketplace/BlockoutToolsPlugin/Content/Meshes/SM_Blockout_Hemisphere_Q4.uexp" 173
"../../../Engine/Plugins/Marketplace/BlockoutToolsPlugin/Content/Meshes/SM_Blockout_Hemisphere_Q3.ubulk" 174
"../../../Engine/Plugins/Marketplace/BlockoutToolsPlugin/Content/Meshes/SM_Blockout_Hemisphere_Q3.uasset" 175
"../../../Engine/Plugins/Marketplace/BlockoutToolsPlugin/Content/Meshes/SM_Blockout_Hemisphere_Q3.uexp" 176
"../../../Engine/Plugins/Marketplace/BlockoutToolsPlugin/Content/Meshes/SM_Blockout_Hemisphere_Q1.ubulk" 177
"../../../Engine/Plugins/Marketplace/BlockoutToolsPlugin/Content/Meshes/SM_Blockout_Hemisphere_Q1.uasset" 178
"../../../Engine/Plugins/Marketplace/BlockoutToolsPlugin/Content/Meshes/SM_Blockout_Hemisphere_Q1.uexp" 179
"../../../Engine/Plugins/Marketplace/BlockoutToolsPlugin/Content/Meshes/SM_Blockout_Sphere_Q3.ubulk" 180
"../../../Engine/Plugins/Marketplace/BlockoutToolsPlugin/Content/Meshes/SM_Blockout_Sphere_Q3.uasset" 181
"../../../Engine/Plugins/Marketplace/BlockoutToolsPlugin/Content/Meshes/SM_Blockout_Sphere_Q3.uexp" 182
"../../../Engine/Plugins/Marketplace/BlockoutToolsPlugin/Content/Meshes/SM_Blockout_Hemisphere_Q2.ubulk" 183
"../../../Engine/Plugins/Marketplace/BlockoutToolsPlugin/Content/Meshes/SM_Blockout_Hemisphere_Q2.uasset" 184
"../../../Engine/Plugins/Marketplace/BlockoutToolsPlugin/Content/Meshes/SM_Blockout_Hemisphere_Q2.uexp" 185
"../../../Engine/Plugins/Marketplace/BlockoutToolsPlugin/Content/Meshes/SM_Blockout_Sphere_Q2.ubulk" 186
"../../../Engine/Plugins/Marketplace/BlockoutToolsPlugin/Content/Meshes/SM_Blockout_Sphere_Q2.uasset" 187
"../../../Engine/Plugins/Marketplace/BlockoutToolsPlugin/Content/Meshes/SM_Blockout_Sphere_Q2.uexp" 188
"../../../Engine/Plugins/Marketplace/BlockoutToolsPlugin/Content/Meshes/SM_Blockout_Sphere_Q1.ubulk" 189
"../../../Engine/Plugins/Marketplace/BlockoutToolsPlugin/Content/Meshes/SM_Blockout_Sphere_Q1.uasset" 190
"../../../Engine/Plugins/Marketplace/BlockoutToolsPlugin/Content/Meshes/SM_Blockout_Sphere_Q1.uexp" 191
"../../../Engine/Plugins/Marketplace/BlockoutToolsPlugin/Content/Blueprints/Blockout_Sphere.uasset" 192
"../../../Engine/Plugins/Marketplace/BlockoutToolsPlugin/Content/Blueprints/Blockout_Sphere.uexp" 193
"../../../Engine/Plugins/Marketplace/BlockoutToolsPlugin/Content/Blueprints/Blockout_Skewbox.uasset" 194
"../../../Engine/Plugins/Marketplace/BlockoutToolsPlugin/Content/Blueprints/Blockout_Skewbox.uexp" 195
"../../../Engine/Plugins/Marketplace/BlockoutToolsPlugin/Content/Meshes/SM_Blockout_Railing_Open.ubulk" 196
"../../../Engine/Plugins/Marketplace/BlockoutToolsPlugin/Content/Meshes/SM_Blockout_Railing_Open.uasset" 197
"../../../Engine/Plugins/Marketplace/BlockoutToolsPlugin/Content/Meshes/SM_Blockout_Railing_Open.uexp" 198
"../../../Engine/Plugins/Marketplace/BlockoutToolsPlugin/Content/Meshes/SM_Blockout_Railing_Pole.ubulk" 199
"../../../Engine/Plugins/Marketplace/BlockoutToolsPlugin/Content/Meshes/SM_Blockout_Railing_Pole.uasset" 200
"../../../Engine/Plugins/Marketplace/BlockoutToolsPlugin/Content/Meshes/SM_Blockout_Railing_Pole.uexp" 201
"../../../Engine/Plugins/Marketplace/BlockoutToolsPlugin/Content/Blueprints/Utility/EBlockoutRailingType.uasset" 202
"../../../Engine/Plugins/Marketplace/BlockoutToolsPlugin/Content/Blueprints/Utility/EBlockoutRailingType.uexp" 203
"../../../Engine/Plugins/Marketplace/BlockoutToolsPlugin/Content/Meshes/SM_Blockout_Railing_Closed.ubulk" 204
"../../../Engine/Plugins/Marketplace/BlockoutToolsPlugin/Content/Meshes/SM_Blockout_Railing_Closed.uasset" 205
"../../../Engine/Plugins/Marketplace/BlockoutToolsPlugin/Content/Meshes/SM_Blockout_Railing_Closed.uexp" 206
"../../../Engine/Plugins/Marketplace/BlockoutToolsPlugin/Content/Blueprints/Blockout_Railing.uasset" 207
"../../../Engine/Plugins/Marketplace/BlockoutToolsPlugin/Content/Blueprints/Blockout_Railing.uexp" 208
"../../../Engine/Plugins/Marketplace/BlockoutToolsPlugin/Content/Blueprints/Blockout_Doorway.uasset" 209
"../../../Engine/Plugins/Marketplace/BlockoutToolsPlugin/Content/Blueprints/Blockout_Doorway.uexp" 210
"../../../Engine/Plugins/Marketplace/BlockoutToolsPlugin/Content/Meshes/SM_Blockout_Corner_Ramp.ubulk" 211
"../../../Engine/Plugins/Marketplace/BlockoutToolsPlugin/Content/Meshes/SM_Blockout_Corner_Ramp.uasset" 212
"../../../Engine/Plugins/Marketplace/BlockoutToolsPlugin/Content/Meshes/SM_Blockout_Corner_Ramp.uexp" 213
"../../../Engine/Plugins/Marketplace/BlockoutToolsPlugin/Content/Blueprints/Blockout_Corner_Ramp.uasset" 214
"../../../Engine/Plugins/Marketplace/BlockoutToolsPlugin/Content/Blueprints/Blockout_Corner_Ramp.uexp" 215
"../../../Engine/Plugins/Interchange/Runtime/Content/Pipelines/DefaultTexturePipeline.uasset" 216
"../../../Engine/Plugins/Interchange/Runtime/Content/Pipelines/DefaultTexturePipeline.uexp" 217
"../../../Engine/Plugins/Interchange/Runtime/Content/Pipelines/DefaultSceneLevelPipeline.uasset" 218
"../../../Engine/Plugins/Interchange/Runtime/Content/Pipelines/DefaultSceneLevelPipeline.uexp" 219
"../../../Engine/Plugins/Interchange/Runtime/Content/Pipelines/DefaultSceneAssetsPipeline.uasset" 220
"../../../Engine/Plugins/Interchange/Runtime/Content/Pipelines/DefaultSceneAssetsPipeline.uexp" 221
"../../../Engine/Plugins/Interchange/Runtime/Content/Pipelines/DefaultMaterialXPipeline.uasset" 222
"../../../Engine/Plugins/Interchange/Runtime/Content/Pipelines/DefaultMaterialXPipeline.uexp" 223
"../../../Engine/Plugins/Interchange/Runtime/Content/Pipelines/DefaultMaterialPipeline.uasset" 224
"../../../Engine/Plugins/Interchange/Runtime/Content/Pipelines/DefaultMaterialPipeline.uexp" 225
"../../../Engine/Plugins/Interchange/Runtime/Content/Pipelines/DefaultGLTFSceneAssetsPipeline.uasset" 226
"../../../Engine/Plugins/Interchange/Runtime/Content/Pipelines/DefaultGLTFSceneAssetsPipeline.uexp" 227
"../../../Engine/Plugins/Interchange/Runtime/Content/Pipelines/DefaultGLTFPipeline.uasset" 228
"../../../Engine/Plugins/Interchange/Runtime/Content/Pipelines/DefaultGLTFPipeline.uexp" 229
"../../../Engine/Plugins/Interchange/Runtime/Content/Pipelines/DefaultGLTFAssetsPipeline.uasset" 230
"../../../Engine/Plugins/Interchange/Runtime/Content/Pipelines/DefaultGLTFAssetsPipeline.uexp" 231
"../../../Engine/Plugins/Interchange/Runtime/Content/Pipelines/DefaultAssetsPipeline.uasset" 232
"../../../Engine/Plugins/Interchange/Runtime/Content/Pipelines/DefaultAssetsPipeline.uexp" 233
"../../../Engine/Plugins/Interchange/Runtime/Content/Functions/MX_UsdPreviewSurface.uasset" 234
"../../../Engine/Plugins/Interchange/Runtime/Content/Functions/MX_UsdPreviewSurface.uexp" 235
"../../../Engine/Plugins/Interchange/Runtime/Content/Functions/MX_UniformEDF.uasset" 236
"../../../Engine/Plugins/Interchange/Runtime/Content/Functions/MX_UniformEDF.uexp" 237
"../../../Engine/Plugins/Interchange/Runtime/Content/Functions/MX_TranslucentBSDF.uasset" 238
"../../../Engine/Plugins/Interchange/Runtime/Content/Functions/MX_TranslucentBSDF.uexp" 239
"../../../Engine/Plugins/Interchange/Runtime/Content/Functions/MX_ThinFilmBSDF.uasset" 240
"../../../Engine/Plugins/Interchange/Runtime/Content/Functions/MX_ThinFilmBSDF.uexp" 241
"../../../Engine/Plugins/Interchange/Runtime/Content/Functions/MX_SurfaceUnlit.uasset" 242
"../../../Engine/Plugins/Interchange/Runtime/Content/Functions/MX_SurfaceUnlit.uexp" 243
"../../../Engine/Plugins/Interchange/Runtime/Content/Functions/MX_Surface.uasset" 244
"../../../Engine/Plugins/Interchange/Runtime/Content/Functions/MX_Surface.uexp" 245
"../../../Engine/Plugins/Interchange/Runtime/Content/Functions/MX_SubsurfaceBSDF.uasset" 246
"../../../Engine/Plugins/Interchange/Runtime/Content/Functions/MX_SubsurfaceBSDF.uexp" 247
"../../../Engine/Plugins/Interchange/Runtime/Content/Functions/MX_SheenBSDF.uasset" 248
"../../../Engine/Plugins/Interchange/Runtime/Content/Functions/MX_SheenBSDF.uexp" 249
"../../../Engine/Plugins/Interchange/Runtime/Content/Functions/MX_OrenNayarBSDF.uasset" 250
"../../../Engine/Plugins/Interchange/Runtime/Content/Functions/MX_OrenNayarBSDF.uexp" 251
"../../../Engine/Content/Functions/Engine_MaterialFunctions02/Utility/CameraDirectionVector.uasset" 252
"../../../Engine/Content/Functions/Engine_MaterialFunctions02/Utility/CameraDirectionVector.uexp" 253
"../../../Engine/Content/Functions/Engine_MaterialFunctions01/Volumetrics/BeersLaw.uasset" 254
"../../../Engine/Content/Functions/Engine_MaterialFunctions01/Volumetrics/BeersLaw.uexp" 255
"../../../Engine/Content/EngineMaterials/Good64x64TilingNoiseHighFreq.uasset" 256
"../../../Engine/Content/EngineMaterials/Good64x64TilingNoiseHighFreq.uexp" 257
"../../../Engine/Content/Functions/Engine_MaterialFunctions02/Texturing/ScreenAlignedPixelToPixelUVs.uasset" 258
"../../../Engine/Content/Functions/Engine_MaterialFunctions02/Texturing/ScreenAlignedPixelToPixelUVs.uexp" 259
"../../../Engine/Plugins/Interchange/Runtime/Content/gltf/MaterialFunctions/MF_Temporal_Blur.uasset" 260
"../../../Engine/Plugins/Interchange/Runtime/Content/gltf/MaterialFunctions/MF_Temporal_Blur.uexp" 261
"../../../Engine/Plugins/Interchange/Runtime/Content/gltf/MaterialFunctions/MF_Fresnel_DS.uasset" 262
"../../../Engine/Plugins/Interchange/Runtime/Content/gltf/MaterialFunctions/MF_Fresnel_DS.uexp" 263
"../../../Engine/Content/Functions/Engine_MaterialFunctions02/Utility/BreakOutFloat3Components.uasset" 264
"../../../Engine/Content/Functions/Engine_MaterialFunctions02/Utility/BreakOutFloat3Components.uexp" 265
"../../../Engine/Plugins/Interchange/Runtime/Content/Functions/MX_Transmission.uasset" 266
"../../../Engine/Plugins/Interchange/Runtime/Content/Functions/MX_Transmission.uexp" 267
"../../../Engine/Plugins/Interchange/Runtime/Content/Functions/MF_OrenNayerView.uasset" 268
"../../../Engine/Plugins/Interchange/Runtime/Content/Functions/MF_OrenNayerView.uexp" 269
"../../../Engine/Plugins/Interchange/Runtime/Content/Functions/MF_SchlickApprox.uasset" 270
"../../../Engine/Plugins/Interchange/Runtime/Content/Functions/MF_SchlickApprox.uexp" 271
"../../../Engine/Plugins/Interchange/Runtime/Content/Utilities/New_LUT.uasset" 272
"../../../Engine/Plugins/Interchange/Runtime/Content/Utilities/New_LUT.uexp" 273
"../../../Engine/Content/Functions/Engine_MaterialFunctions03/Math/RemapValueRange.uasset" 274
"../../../Engine/Content/Functions/Engine_MaterialFunctions03/Math/RemapValueRange.uexp" 275
"../../../Engine/Plugins/Interchange/Runtime/Content/Functions/MF_Iridescence.uasset" 276
"../../../Engine/Plugins/Interchange/Runtime/Content/Functions/MF_Iridescence.uexp" 277
"../../../Engine/Plugins/Interchange/Runtime/Content/Functions/MX_StandardSurface.uasset" 278
"../../../Engine/Plugins/Interchange/Runtime/Content/Functions/MX_StandardSurface.uexp" 279
"../../../Engine/Plugins/Interchange/Runtime/Content/Functions/MX_TransmissionSurface.uasset" 280
"../../../Engine/Plugins/Interchange/Runtime/Content/Functions/MX_TransmissionSurface.uexp" 281
"../../../Engine/Plugins/Interchange/Runtime/Content/Functions/MX_OpenPBR_Translucent.uasset" 282
"../../../Engine/Plugins/Interchange/Runtime/Content/Functions/MX_OpenPBR_Translucent.uexp" 283
"../../../Engine/Plugins/Interchange/Runtime/Content/Functions/MX_OpenPBR_Opaque.uasset" 284
"../../../Engine/Plugins/Interchange/Runtime/Content/Functions/MX_OpenPBR_Opaque.uexp" 285
"../../../Engine/Plugins/Interchange/Runtime/Content/Functions/MX_MeasuredEDF.uasset" 286
"../../../Engine/Plugins/Interchange/Runtime/Content/Functions/MX_MeasuredEDF.uexp" 287
"../../../Engine/Plugins/Interchange/Runtime/Content/Functions/MX_GeneralizedSchlickBSDF.uasset" 288
"../../../Engine/Plugins/Interchange/Runtime/Content/Functions/MX_GeneralizedSchlickBSDF.uexp" 289
"../../../Engine/Plugins/Interchange/Runtime/Content/Functions/MX_DielectricBSDF.uasset" 290
"../../../Engine/Plugins/Interchange/Runtime/Content/Functions/MX_DielectricBSDF.uexp" 291
"../../../Engine/Plugins/Interchange/Runtime/Content/Functions/MX_ConicalEDF.uasset" 292
"../../../Engine/Plugins/Interchange/Runtime/Content/Functions/MX_ConicalEDF.uexp" 293
"../../../Engine/Plugins/Interchange/Runtime/Content/Functions/MX_ConductorBSDF.uasset" 294
"../../../Engine/Plugins/Interchange/Runtime/Content/Functions/MX_ConductorBSDF.uexp" 295
"../../../Engine/Plugins/Interchange/Runtime/Content/Functions/MX_BurleyDiffuseBSDF.uasset" 296
"../../../Engine/Plugins/Interchange/Runtime/Content/Functions/MX_BurleyDiffuseBSDF.uexp" 297
"../../../Engine/Plugins/Interchange/Runtime/Content/Functions/MX_AnisotropicVDF.uasset" 298
"../../../Engine/Plugins/Interchange/Runtime/Content/Functions/MX_AnisotropicVDF.uexp" 299
"../../../Engine/Plugins/Interchange/Runtime/Content/Functions/MX_AbsorptionVDF.uasset" 300
"../../../Engine/Plugins/Interchange/Runtime/Content/Functions/MX_AbsorptionVDF.uexp" 301
"../../../Engine/Plugins/Editor/SpeedTreeImporter/Content/SpeedTree9/game_wind_noise.ubulk" 302
"../../../Engine/Plugins/Editor/SpeedTreeImporter/Content/SpeedTree9/game_wind_noise.uasset" 303
"../../../Engine/Plugins/Editor/SpeedTreeImporter/Content/SpeedTree9/game_wind_noise.uexp" 304
"../../../Engine/Plugins/Editor/SpeedTreeImporter/Content/SpeedTree9/UnpackDirection.uasset" 305
"../../../Engine/Plugins/Editor/SpeedTreeImporter/Content/SpeedTree9/UnpackDirection.uexp" 306
"../../../Engine/Content/Functions/Engine_MaterialFunctions02/ObjectLocalBounds.uasset" 307
"../../../Engine/Content/Functions/Engine_MaterialFunctions02/ObjectLocalBounds.uexp" 308
"../../../Engine/Content/Functions/Engine_MaterialFunctions02/UVs/BoundingBoxBased_0-1_UVW.uasset" 309
"../../../Engine/Content/Functions/Engine_MaterialFunctions02/UVs/BoundingBoxBased_0-1_UVW.uexp" 310
"../../../Engine/Plugins/Editor/SpeedTreeImporter/Content/SpeedTree9/UnpackInteger3.uasset" 311
"../../../Engine/Plugins/Editor/SpeedTreeImporter/Content/SpeedTree9/UnpackInteger3.uexp" 312
"../../../Engine/Plugins/Editor/SpeedTreeImporter/Content/SpeedTree9/SpeedTreeCameraFacing.uasset" 313
"../../../Engine/Plugins/Editor/SpeedTreeImporter/Content/SpeedTree9/SpeedTreeCameraFacing.uexp" 314
"../../../Engine/Content/Functions/Engine_MaterialFunctions02/SafeNormalize.uasset" 315
"../../../Engine/Content/Functions/Engine_MaterialFunctions02/SafeNormalize.uexp" 316
"../../../Engine/Plugins/Editor/SpeedTreeImporter/Content/SpeedTree9/SpeedTreeWindMotion.uasset" 317
"../../../Engine/Plugins/Editor/SpeedTreeImporter/Content/SpeedTree9/SpeedTreeWindMotion.uexp" 318
"../../../Engine/Plugins/Editor/SpeedTreeImporter/Content/SpeedTree9/SpeedTreeBranchMotion.uasset" 319
"../../../Engine/Plugins/Editor/SpeedTreeImporter/Content/SpeedTree9/SpeedTreeBranchMotion.uexp" 320
"../../../Engine/Plugins/Editor/SpeedTreeImporter/Content/SpeedTree9/SpeedTreeWind.uasset" 321
"../../../Engine/Plugins/Editor/SpeedTreeImporter/Content/SpeedTree9/SpeedTreeWind.uexp" 322
"../../../Engine/Plugins/Editor/SpeedTreeImporter/Content/SpeedTree9/EmptyNormal.uasset" 323
"../../../Engine/Plugins/Editor/SpeedTreeImporter/Content/SpeedTree9/EmptyNormal.uexp" 324
"../../../Engine/Plugins/Editor/SpeedTreeImporter/Content/SpeedTree9/Empty.uasset" 325
"../../../Engine/Plugins/Editor/SpeedTreeImporter/Content/SpeedTree9/Empty.uexp" 326
"../../../Engine/Plugins/Editor/SpeedTreeImporter/Content/SpeedTree9/SpeedTreeMaster.uasset" 327
"../../../Engine/Plugins/Editor/SpeedTreeImporter/Content/SpeedTree9/SpeedTreeMaster.uexp" 328
"../../../Engine/Plugins/Editor/SpeedTreeImporter/Content/SpeedTree9/SpeedTreeBillboard.uasset" 329
"../../../Engine/Plugins/Editor/SpeedTreeImporter/Content/SpeedTree9/SpeedTreeBillboard.uexp" 330
"../../../Engine/Plugins/Editor/SpeedTreeImporter/Content/SpeedTree9/SpeedTreeBillboardMaster.uasset" 331
"../../../Engine/Plugins/Editor/SpeedTreeImporter/Content/SpeedTree9/SpeedTreeBillboardMaster.uexp" 332
"../../../Engine/Content/Functions/Engine_MaterialFunctions02/WorldPositionOffset/CameraOffset.uasset" 333
"../../../Engine/Content/Functions/Engine_MaterialFunctions02/WorldPositionOffset/CameraOffset.uexp" 334
"../../../Engine/Plugins/Animation/ControlRig/Content/M_Manip.uasset" 335
"../../../Engine/Plugins/Animation/ControlRig/Content/M_Manip.uexp" 336
"../../../Engine/Plugins/Animation/ControlRig/Content/Controls/DefaultGizmoLibraryNormalized.uasset" 337
"../../../Engine/Plugins/Animation/ControlRig/Content/Controls/DefaultGizmoLibraryNormalized.uexp" 338
"../../../Engine/Plugins/Animation/ControlRig/Content/Controls/ControlRig_Wedge_solid.ubulk" 339
"../../../Engine/Plugins/Animation/ControlRig/Content/Controls/ControlRig_Wedge_solid.uasset" 340
"../../../Engine/Plugins/Animation/ControlRig/Content/Controls/ControlRig_Wedge_solid.uexp" 341
"../../../Engine/Plugins/Animation/ControlRig/Content/Controls/ControlRig_Wedge_3mm.ubulk" 342
"../../../Engine/Plugins/Animation/ControlRig/Content/Controls/ControlRig_Wedge_3mm.uasset" 343
"../../../Engine/Plugins/Animation/ControlRig/Content/Controls/ControlRig_Wedge_3mm.uexp" 344
"../../../Engine/Plugins/Animation/ControlRig/Content/Controls/ControlRig_Wedge_1mm.ubulk" 345
"../../../Engine/Plugins/Animation/ControlRig/Content/Controls/ControlRig_Wedge_1mm.uasset" 346
"../../../Engine/Plugins/Animation/ControlRig/Content/Controls/ControlRig_Wedge_1mm.uexp" 347
"../../../Engine/Plugins/Animation/ControlRig/Content/Controls/ControlRig_Triangle_solid.ubulk" 348
"../../../Engine/Plugins/Animation/ControlRig/Content/Controls/ControlRig_Triangle_solid.uasset" 349
"../../../Engine/Plugins/Animation/ControlRig/Content/Controls/ControlRig_Triangle_solid.uexp" 350
"../../../Engine/Plugins/Animation/ControlRig/Content/Controls/ControlRig_Triangle_3mm.ubulk" 351
"../../../Engine/Plugins/Animation/ControlRig/Content/Controls/ControlRig_Triangle_3mm.uasset" 352
"../../../Engine/Plugins/Animation/ControlRig/Content/Controls/ControlRig_Triangle_3mm.uexp" 353
"../../../Engine/Plugins/Animation/ControlRig/Content/Controls/ControlRig_Triangle_1mm.ubulk" 354
"../../../Engine/Plugins/Animation/ControlRig/Content/Controls/ControlRig_Triangle_1mm.uasset" 355
"../../../Engine/Plugins/Animation/ControlRig/Content/Controls/ControlRig_Triangle_1mm.uexp" 356
"../../../Engine/Plugins/Animation/ControlRig/Content/Controls/ControlRig_Star4_solid.ubulk" 357
"../../../Engine/Plugins/Animation/ControlRig/Content/Controls/ControlRig_Star4_solid.uasset" 358
"../../../Engine/Plugins/Animation/ControlRig/Content/Controls/ControlRig_Star4_solid.uexp" 359
"../../../Engine/Plugins/Animation/ControlRig/Content/Controls/ControlRig_Star4_3mm.ubulk" 360
"../../../Engine/Plugins/Animation/ControlRig/Content/Controls/ControlRig_Star4_3mm.uasset" 361
"../../../Engine/Plugins/Animation/ControlRig/Content/Controls/ControlRig_Star4_3mm.uexp" 362
"../../../Engine/Plugins/Animation/ControlRig/Content/Controls/ControlRig_Star4_1mm.ubulk" 363
"../../../Engine/Plugins/Animation/ControlRig/Content/Controls/ControlRig_Star4_1mm.uasset" 364
"../../../Engine/Plugins/Animation/ControlRig/Content/Controls/ControlRig_Star4_1mm.uexp" 365
"../../../Engine/Plugins/Animation/ControlRig/Content/Controls/ControlRig_Square_solid.ubulk" 366
"../../../Engine/Plugins/Animation/ControlRig/Content/Controls/ControlRig_Square_solid.uasset" 367
"../../../Engine/Plugins/Animation/ControlRig/Content/Controls/ControlRig_Square_solid.uexp" 368
"../../../Engine/Plugins/Animation/ControlRig/Content/Controls/ControlRig_Square_3mm.ubulk" 369
"../../../Engine/Plugins/Animation/ControlRig/Content/Controls/ControlRig_Square_3mm.uasset" 370
"../../../Engine/Plugins/Animation/ControlRig/Content/Controls/ControlRig_Square_3mm.uexp" 371
"../../../Engine/Plugins/Animation/ControlRig/Content/Controls/ControlRig_Square_1mm.ubulk" 372
"../../../Engine/Plugins/Animation/ControlRig/Content/Controls/ControlRig_Square_1mm.uasset" 373
"../../../Engine/Plugins/Animation/ControlRig/Content/Controls/ControlRig_Square_1mm.uexp" 374
"../../../Engine/Plugins/Animation/ControlRig/Content/Controls/ControlRig_Sphere_solid.ubulk" 375
"../../../Engine/Plugins/Animation/ControlRig/Content/Controls/ControlRig_Sphere_solid.uasset" 376
"../../../Engine/Plugins/Animation/ControlRig/Content/Controls/ControlRig_Sphere_solid.uexp" 377
"../../../Engine/Plugins/Animation/ControlRig/Content/Controls/ControlRig_Sphere_3mm.ubulk" 378
"../../../Engine/Plugins/Animation/ControlRig/Content/Controls/ControlRig_Sphere_3mm.uasset" 379
"../../../Engine/Plugins/Animation/ControlRig/Content/Controls/ControlRig_Sphere_3mm.uexp" 380
"../../../Engine/Plugins/Animation/ControlRig/Content/Controls/ControlRig_Sphere_1mm.ubulk" 381
"../../../Engine/Plugins/Animation/ControlRig/Content/Controls/ControlRig_Sphere_1mm.uasset" 382
"../../../Engine/Plugins/Animation/ControlRig/Content/Controls/ControlRig_Sphere_1mm.uexp" 383
"../../../Engine/Plugins/Animation/ControlRig/Content/Controls/ControlRig_RoundedTriangle_solid.ubulk" 384
"../../../Engine/Plugins/Animation/ControlRig/Content/Controls/ControlRig_RoundedTriangle_solid.uasset" 385
"../../../Engine/Plugins/Animation/ControlRig/Content/Controls/ControlRig_RoundedTriangle_solid.uexp" 386
"../../../Engine/Plugins/Animation/ControlRig/Content/Controls/ControlRig_RoundedTriangle_3mm.ubulk" 387
"../../../Engine/Plugins/Animation/ControlRig/Content/Controls/ControlRig_RoundedTriangle_3mm.uasset" 388
"../../../Engine/Plugins/Animation/ControlRig/Content/Controls/ControlRig_RoundedTriangle_3mm.uexp" 389
"../../../Engine/Plugins/Animation/ControlRig/Content/Controls/ControlRig_RoundedTriangle_1mm.ubulk" 390
"../../../Engine/Plugins/Animation/ControlRig/Content/Controls/ControlRig_RoundedTriangle_1mm.uasset" 391
"../../../Engine/Plugins/Animation/ControlRig/Content/Controls/ControlRig_RoundedTriangle_1mm.uexp" 392
"../../../Engine/Plugins/Animation/ControlRig/Content/Controls/ControlRig_RoundedSquare_solid.ubulk" 393
"../../../Engine/Plugins/Animation/ControlRig/Content/Controls/ControlRig_RoundedSquare_solid.uasset" 394
"../../../Engine/Plugins/Animation/ControlRig/Content/Controls/ControlRig_RoundedSquare_solid.uexp" 395
"../../../Engine/Plugins/Animation/ControlRig/Content/Controls/ControlRig_RoundedSquare_3mm.ubulk" 396
"../../../Engine/Plugins/Animation/ControlRig/Content/Controls/ControlRig_RoundedSquare_3mm.uasset" 397
"../../../Engine/Plugins/Animation/ControlRig/Content/Controls/ControlRig_RoundedSquare_3mm.uexp" 398
"../../../Engine/Plugins/Animation/ControlRig/Content/Controls/ControlRig_RoundedSquare_1mm.ubulk" 399
"../../../Engine/Plugins/Animation/ControlRig/Content/Controls/ControlRig_RoundedSquare_1mm.uasset" 400
"../../../Engine/Plugins/Animation/ControlRig/Content/Controls/ControlRig_RoundedSquare_1mm.uexp" 401
"../../../Engine/Plugins/Animation/ControlRig/Content/Controls/ControlRig_QuarterCircle_solid.ubulk" 402
"../../../Engine/Plugins/Animation/ControlRig/Content/Controls/ControlRig_QuarterCircle_solid.uasset" 403
"../../../Engine/Plugins/Animation/ControlRig/Content/Controls/ControlRig_QuarterCircle_solid.uexp" 404
"../../../Engine/Plugins/Animation/ControlRig/Content/Controls/ControlRig_QuarterCircle_3mm.ubulk" 405
"../../../Engine/Plugins/Animation/ControlRig/Content/Controls/ControlRig_QuarterCircle_3mm.uasset" 406
"../../../Engine/Plugins/Animation/ControlRig/Content/Controls/ControlRig_QuarterCircle_3mm.uexp" 407
"../../../Engine/Plugins/Animation/ControlRig/Content/Controls/ControlRig_QuarterCircle_1mm.ubulk" 408
"../../../Engine/Plugins/Animation/ControlRig/Content/Controls/ControlRig_QuarterCircle_1mm.uasset" 409
"../../../Engine/Plugins/Animation/ControlRig/Content/Controls/ControlRig_QuarterCircle_1mm.uexp" 410
"../../../Engine/Plugins/Animation/ControlRig/Content/Controls/ControlRig_Pyramid_solid.ubulk" 411
"../../../Engine/Plugins/Animation/ControlRig/Content/Controls/ControlRig_Pyramid_solid.uasset" 412
"../../../Engine/Plugins/Animation/ControlRig/Content/Controls/ControlRig_Pyramid_solid.uexp" 413
"../../../Engine/Plugins/Animation/ControlRig/Content/Controls/ControlRig_Pyramid_3mm.ubulk" 414
"../../../Engine/Plugins/Animation/ControlRig/Content/Controls/ControlRig_Pyramid_3mm.uasset" 415
"../../../Engine/Plugins/Animation/ControlRig/Content/Controls/ControlRig_Pyramid_3mm.uexp" 416
"../../../Engine/Plugins/Animation/ControlRig/Content/Controls/ControlRig_Pyramid_1mm.ubulk" 417
"../../../Engine/Plugins/Animation/ControlRig/Content/Controls/ControlRig_Pyramid_1mm.uasset" 418
"../../../Engine/Plugins/Animation/ControlRig/Content/Controls/ControlRig_Pyramid_1mm.uexp" 419
"../../../Engine/Plugins/Animation/ControlRig/Content/Controls/ControlRig_Octagon_solid.ubulk" 420
"../../../Engine/Plugins/Animation/ControlRig/Content/Controls/ControlRig_Octagon_solid.uasset" 421
"../../../Engine/Plugins/Animation/ControlRig/Content/Controls/ControlRig_Octagon_solid.uexp" 422
"../../../Engine/Plugins/Animation/ControlRig/Content/Controls/ControlRig_Octagon_3mm.ubulk" 423
"../../../Engine/Plugins/Animation/ControlRig/Content/Controls/ControlRig_Octagon_3mm.uasset" 424
"../../../Engine/Plugins/Animation/ControlRig/Content/Controls/ControlRig_Octagon_3mm.uexp" 425
"../../../Engine/Plugins/Animation/ControlRig/Content/Controls/ControlRig_Octagon_1mm.ubulk" 426
"../../../Engine/Plugins/Animation/ControlRig/Content/Controls/ControlRig_Octagon_1mm.uasset" 427
"../../../Engine/Plugins/Animation/ControlRig/Content/Controls/ControlRig_Octagon_1mm.uexp" 428
"../../../Engine/Plugins/Animation/ControlRig/Content/Controls/ControlRig_Hexagon_solid.ubulk" 429
"../../../Engine/Plugins/Animation/ControlRig/Content/Controls/ControlRig_Hexagon_solid.uasset" 430
"../../../Engine/Plugins/Animation/ControlRig/Content/Controls/ControlRig_Hexagon_solid.uexp" 431
"../../../Engine/Plugins/Animation/ControlRig/Content/Controls/ControlRig_Hexagon_3mm.ubulk" 432
"../../../Engine/Plugins/Animation/ControlRig/Content/Controls/ControlRig_Hexagon_3mm.uasset" 433
"../../../Engine/Plugins/Animation/ControlRig/Content/Controls/ControlRig_Hexagon_3mm.uexp" 434
"../../../Engine/Plugins/Animation/ControlRig/Content/Controls/ControlRig_Hexagon_1mm.ubulk" 435
"../../../Engine/Plugins/Animation/ControlRig/Content/Controls/ControlRig_Hexagon_1mm.uasset" 436
"../../../Engine/Plugins/Animation/ControlRig/Content/Controls/ControlRig_Hexagon_1mm.uexp" 437
"../../../Engine/Plugins/Animation/ControlRig/Content/Controls/ControlRig_HalfCircle_solid.ubulk" 438
"../../../Engine/Plugins/Animation/ControlRig/Content/Controls/ControlRig_HalfCircle_solid.uasset" 439
"../../../Engine/Plugins/Animation/ControlRig/Content/Controls/ControlRig_HalfCircle_solid.uexp" 440
"../../../Engine/Plugins/Animation/ControlRig/Content/Controls/ControlRig_HalfCircle_3mm.ubulk" 441
"../../../Engine/Plugins/Animation/ControlRig/Content/Controls/ControlRig_HalfCircle_3mm.uasset" 442
"../../../Engine/Plugins/Animation/ControlRig/Content/Controls/ControlRig_HalfCircle_3mm.uexp" 443
"../../../Engine/Plugins/Animation/ControlRig/Content/Controls/ControlRig_HalfCircle_1mm.ubulk" 444
"../../../Engine/Plugins/Animation/ControlRig/Content/Controls/ControlRig_HalfCircle_1mm.uasset" 445
"../../../Engine/Plugins/Animation/ControlRig/Content/Controls/ControlRig_HalfCircle_1mm.uexp" 446
"../../../Engine/Plugins/Animation/ControlRig/Content/Controls/ControlRig_Diamond_solid.ubulk" 447
"../../../Engine/Plugins/Animation/ControlRig/Content/Controls/ControlRig_Diamond_solid.uasset" 448
"../../../Engine/Plugins/Animation/ControlRig/Content/Controls/ControlRig_Diamond_solid.uexp" 449
"../../../Engine/Plugins/Animation/ControlRig/Content/Controls/ControlRig_Diamond_3mm.ubulk" 450
"../../../Engine/Plugins/Animation/ControlRig/Content/Controls/ControlRig_Diamond_3mm.uasset" 451
"../../../Engine/Plugins/Animation/ControlRig/Content/Controls/ControlRig_Diamond_3mm.uexp" 452
"../../../Engine/Plugins/Animation/ControlRig/Content/Controls/ControlRig_Diamond_1mm.ubulk" 453
"../../../Engine/Plugins/Animation/ControlRig/Content/Controls/ControlRig_Diamond_1mm.uasset" 454
"../../../Engine/Plugins/Animation/ControlRig/Content/Controls/ControlRig_Diamond_1mm.uexp" 455
"../../../Engine/Plugins/Animation/ControlRig/Content/Controls/ControlRig_Circle_solid.ubulk" 456
"../../../Engine/Plugins/Animation/ControlRig/Content/Controls/ControlRig_Circle_solid.uasset" 457
"../../../Engine/Plugins/Animation/ControlRig/Content/Controls/ControlRig_Circle_solid.uexp" 458
"../../../Engine/Plugins/Animation/ControlRig/Content/Controls/ControlRig_Circle_3mm.ubulk" 459
"../../../Engine/Plugins/Animation/ControlRig/Content/Controls/ControlRig_Circle_3mm.uasset" 460
"../../../Engine/Plugins/Animation/ControlRig/Content/Controls/ControlRig_Circle_3mm.uexp" 461
"../../../Engine/Plugins/Animation/ControlRig/Content/Controls/ControlRig_Circle_1mm.ubulk" 462
"../../../Engine/Plugins/Animation/ControlRig/Content/Controls/ControlRig_Circle_1mm.uasset" 463
"../../../Engine/Plugins/Animation/ControlRig/Content/Controls/ControlRig_Circle_1mm.uexp" 464
"../../../Engine/Plugins/Animation/ControlRig/Content/Controls/ControlRig_Box_solid.ubulk" 465
"../../../Engine/Plugins/Animation/ControlRig/Content/Controls/ControlRig_Box_solid.uasset" 466
"../../../Engine/Plugins/Animation/ControlRig/Content/Controls/ControlRig_Box_solid.uexp" 467
"../../../Engine/Plugins/Animation/ControlRig/Content/Controls/ControlRig_Box_3mm.ubulk" 468
"../../../Engine/Plugins/Animation/ControlRig/Content/Controls/ControlRig_Box_3mm.uasset" 469
"../../../Engine/Plugins/Animation/ControlRig/Content/Controls/ControlRig_Box_3mm.uexp" 470
"../../../Engine/Plugins/Animation/ControlRig/Content/Controls/ControlRig_Box_1mm.ubulk" 471
"../../../Engine/Plugins/Animation/ControlRig/Content/Controls/ControlRig_Box_1mm.uasset" 472
"../../../Engine/Plugins/Animation/ControlRig/Content/Controls/ControlRig_Box_1mm.uexp" 473
"../../../Engine/Plugins/Animation/ControlRig/Content/Controls/ControlRig_Arrow_solid.ubulk" 474
"../../../Engine/Plugins/Animation/ControlRig/Content/Controls/ControlRig_Arrow_solid.uasset" 475
"../../../Engine/Plugins/Animation/ControlRig/Content/Controls/ControlRig_Arrow_solid.uexp" 476
"../../../Engine/Plugins/Animation/ControlRig/Content/Controls/ControlRig_Arrow_3mm.ubulk" 477
"../../../Engine/Plugins/Animation/ControlRig/Content/Controls/ControlRig_Arrow_3mm.uasset" 478
"../../../Engine/Plugins/Animation/ControlRig/Content/Controls/ControlRig_Arrow_3mm.uexp" 479
"../../../Engine/Plugins/Animation/ControlRig/Content/Controls/ControlRig_Arrow_1mm.ubulk" 480
"../../../Engine/Plugins/Animation/ControlRig/Content/Controls/ControlRig_Arrow_1mm.uasset" 481
"../../../Engine/Plugins/Animation/ControlRig/Content/Controls/ControlRig_Arrow_1mm.uexp" 482
"../../../Engine/Plugins/Animation/ControlRig/Content/Controls/ControlRig_Arrow4_solid.ubulk" 483
"../../../Engine/Plugins/Animation/ControlRig/Content/Controls/ControlRig_Arrow4_solid.uasset" 484
"../../../Engine/Plugins/Animation/ControlRig/Content/Controls/ControlRig_Arrow4_solid.uexp" 485
"../../../Engine/Plugins/Animation/ControlRig/Content/Controls/ControlRig_Arrow4_3mm.ubulk" 486
"../../../Engine/Plugins/Animation/ControlRig/Content/Controls/ControlRig_Arrow4_3mm.uasset" 487
"../../../Engine/Plugins/Animation/ControlRig/Content/Controls/ControlRig_Arrow4_3mm.uexp" 488
"../../../Engine/Plugins/Animation/ControlRig/Content/Controls/ControlRig_Arrow4_1mm.ubulk" 489
"../../../Engine/Plugins/Animation/ControlRig/Content/Controls/ControlRig_Arrow4_1mm.uasset" 490
"../../../Engine/Plugins/Animation/ControlRig/Content/Controls/ControlRig_Arrow4_1mm.uexp" 491
"../../../Engine/Plugins/Animation/ControlRig/Content/Controls/ControlRig_Arrow2_solid.ubulk" 492
"../../../Engine/Plugins/Animation/ControlRig/Content/Controls/ControlRig_Arrow2_solid.uasset" 493
"../../../Engine/Plugins/Animation/ControlRig/Content/Controls/ControlRig_Arrow2_solid.uexp" 494
"../../../Engine/Plugins/Animation/ControlRig/Content/Controls/ControlRig_Arrow2_3mm.ubulk" 495
"../../../Engine/Plugins/Animation/ControlRig/Content/Controls/ControlRig_Arrow2_3mm.uasset" 496
"../../../Engine/Plugins/Animation/ControlRig/Content/Controls/ControlRig_Arrow2_3mm.uexp" 497
"../../../Engine/Plugins/Animation/ControlRig/Content/Controls/ControlRig_Arrow2_1mm.ubulk" 498
"../../../Engine/Plugins/Animation/ControlRig/Content/Controls/ControlRig_Arrow2_1mm.uasset" 499
"../../../Engine/Plugins/Animation/ControlRig/Content/Controls/ControlRig_Arrow2_1mm.uexp" 500
"../../../Engine/Plugins/Animation/ControlRig/Content/Controls/ControlRigXRayMaterial.uasset" 501
"../../../Engine/Plugins/Animation/ControlRig/Content/Controls/ControlRigXRayMaterial.uexp" 502
"../../../Engine/Plugins/Animation/ControlRig/Content/Controls/ControlRigGizmoMaterial.uasset" 503
"../../../Engine/Plugins/Animation/ControlRig/Content/Controls/ControlRigGizmoMaterial.uexp" 504
"../../../Engine/Plugins/2D/Paper2D/Content/PlaceholderTextures/DummySpriteTexture.ubulk" 505
"../../../Engine/Plugins/2D/Paper2D/Content/PlaceholderTextures/DummySpriteTexture.uasset" 506
"../../../Engine/Plugins/2D/Paper2D/Content/PlaceholderTextures/DummySpriteTexture.uexp" 507
"../../../Engine/Plugins/2D/Paper2D/Content/DefaultSpriteMaterial.uasset" 508
"../../../Engine/Plugins/2D/Paper2D/Content/DefaultSpriteMaterial.uexp" 509
"../../../Engine/Plugins/2D/Paper2D/Content/OpaqueUnlitSpriteMaterial.uasset" 510
"../../../Engine/Plugins/2D/Paper2D/Content/OpaqueUnlitSpriteMaterial.uexp" 511
"../../../Engine/Plugins/2D/Paper2D/Content/MaskedUnlitSpriteMaterial.uasset" 512
"../../../Engine/Plugins/2D/Paper2D/Content/MaskedUnlitSpriteMaterial.uexp" 513
"../../../Engine/Plugins/2D/Paper2D/Content/DummySprite.uasset" 514
"../../../Engine/Plugins/2D/Paper2D/Content/DummySprite.uexp" 515
"../../../Engine/Plugins/2D/Paper2D/Content/DefaultPaperTerrainMaterial.uasset" 516
"../../../Engine/Plugins/2D/Paper2D/Content/DefaultPaperTerrainMaterial.uexp" 517
"../../../Engine/Content/VREditor/TransformGizmo/StartRotationHandleIndicator.ubulk" 518
"../../../Engine/Content/VREditor/TransformGizmo/StartRotationHandleIndicator.uasset" 519
"../../../Engine/Content/VREditor/TransformGizmo/StartRotationHandleIndicator.uexp" 520
"../../../Engine/Content/VREditor/Sounds/UI/Drop_Item_From_ContentBrowser.ubulk" 521
"../../../Engine/Content/VREditor/Sounds/UI/Drop_Item_From_ContentBrowser.uasset" 522
"../../../Engine/Content/VREditor/Sounds/UI/Drop_Item_From_ContentBrowser.uexp" 523
"../../../Engine/Content/VREditor/TransformGizmo/PlaneTranslationHandle.ubulk" 524
"../../../Engine/Content/VREditor/TransformGizmo/PlaneTranslationHandle.uasset" 525
"../../../Engine/Content/VREditor/TransformGizmo/PlaneTranslationHandle.uexp" 526
"../../../Engine/Content/VREditor/Sounds/UI/Object_Snaps_To_Grid.ubulk" 527
"../../../Engine/Content/VREditor/Sounds/UI/Object_Snaps_To_Grid.uasset" 528
"../../../Engine/Content/VREditor/Sounds/UI/Object_Snaps_To_Grid.uexp" 529
"../../../Engine/Content/VREditor/Sounds/UI/Selection_Changes.ubulk" 530
"../../../Engine/Content/VREditor/Sounds/UI/Selection_Changes.uasset" 531
"../../../Engine/Content/VREditor/Sounds/UI/Selection_Changes.uexp" 532
"../../../Engine/Content/VREditor/Sounds/UI/Object_Snaps_To_Another_Actor.ubulk" 533
"../../../Engine/Content/VREditor/Sounds/UI/Object_Snaps_To_Another_Actor.uasset" 534
"../../../Engine/Content/VREditor/Sounds/UI/Object_Snaps_To_Another_Actor.uexp" 535
"../../../Engine/Content/VREditor/TransformGizmo/TranslucentTransformGizmoMaterial_Inst.uasset" 536
"../../../Engine/Content/VREditor/TransformGizmo/TranslucentTransformGizmoMaterial_Inst.uexp" 537
"../../../Engine/Content/VREditor/TransformGizmo/TransformGizmoFreeRotation.ubulk" 538
"../../../Engine/Content/VREditor/TransformGizmo/TransformGizmoFreeRotation.uasset" 539
"../../../Engine/Content/VREditor/TransformGizmo/TransformGizmoFreeRotation.uexp" 540
"../../../Engine/Content/VREditor/Sounds/UI/Scaling_Down.ubulk" 541
"../../../Engine/Content/VREditor/Sounds/UI/Scaling_Down.uasset" 542
"../../../Engine/Content/VREditor/Sounds/UI/Scaling_Down.uexp" 543
"../../../Engine/Content/Functions/Engine_MaterialFunctions02/Math/Transform3x3Matrix.uasset" 544
"../../../Engine/Content/Functions/Engine_MaterialFunctions02/Math/Transform3x3Matrix.uexp" 545
"../../../Engine/Content/Functions/Engine_MaterialFunctions02/SplitComponents.uasset" 546
"../../../Engine/Content/Functions/Engine_MaterialFunctions02/SplitComponents.uexp" 547
"../../../Engine/Content/Functions/Engine_MaterialFunctions02/Utility/MakeFloat3.uasset" 548
"../../../Engine/Content/Functions/Engine_MaterialFunctions02/Utility/MakeFloat3.uexp" 549
"../../../Engine/Content/VREditor/SnapGrid/SnapGridMaterial.uasset" 550
"../../../Engine/Content/VREditor/SnapGrid/SnapGridMaterial.uexp" 551
"../../../Engine/Content/VREditor/SnapGrid/SnapGridPlaneMesh.ubulk" 552
"../../../Engine/Content/VREditor/SnapGrid/SnapGridPlaneMesh.uasset" 553
"../../../Engine/Content/VREditor/SnapGrid/SnapGridPlaneMesh.uexp" 554
"../../../Engine/Content/VREditor/Sounds/UI/Scaling_Up.ubulk" 555
"../../../Engine/Content/VREditor/Sounds/UI/Scaling_Up.uasset" 556
"../../../Engine/Content/VREditor/Sounds/UI/Scaling_Up.uexp" 557
"../../../Engine/Content/VREditor/TransformGizmo/TransformGizmoMaterial_Inst.uasset" 558
"../../../Engine/Content/VREditor/TransformGizmo/TransformGizmoMaterial_Inst.uexp" 559
"../../../Engine/Content/VREditor/Sounds/UI/Gizmo_Handle_Clicked.ubulk" 560
"../../../Engine/Content/VREditor/Sounds/UI/Gizmo_Handle_Clicked.uasset" 561
"../../../Engine/Content/VREditor/Sounds/UI/Gizmo_Handle_Clicked.uexp" 562
"../../../Engine/Content/VREditor/TransformGizmo/RotationHandleQuarter.ubulk" 563
"../../../Engine/Content/VREditor/TransformGizmo/RotationHandleQuarter.uasset" 564
"../../../Engine/Content/VREditor/TransformGizmo/RotationHandleQuarter.uexp" 565
"../../../Engine/Content/VREditor/TransformGizmo/TranslateArrowHandle.ubulk" 566
"../../../Engine/Content/VREditor/TransformGizmo/TranslateArrowHandle.uasset" 567
"../../../Engine/Content/VREditor/TransformGizmo/TranslateArrowHandle.uexp" 568
"../../../Engine/Content/VREditor/TransformGizmo/RotationHandleIndicator.ubulk" 569
"../../../Engine/Content/VREditor/TransformGizmo/RotationHandleIndicator.uasset" 570
"../../../Engine/Content/VREditor/TransformGizmo/RotationHandleIndicator.uexp" 571
"../../../Engine/Content/VREditor/TransformGizmo/UniformScaleHandle.ubulk" 572
"../../../Engine/Content/VREditor/TransformGizmo/UniformScaleHandle.uasset" 573
"../../../Engine/Content/VREditor/TransformGizmo/UniformScaleHandle.uexp" 574
"../../../Engine/Content/VREditor/TransformGizmo/RotationHandleFull.ubulk" 575
"../../../Engine/Content/VREditor/TransformGizmo/RotationHandleFull.uasset" 576
"../../../Engine/Content/VREditor/TransformGizmo/RotationHandleFull.uexp" 577
"../../../Engine/Content/VREditor/Sounds/UI/Object_PickUp.ubulk" 578
"../../../Engine/Content/VREditor/Sounds/UI/Object_PickUp.uasset" 579
"../../../Engine/Content/VREditor/Sounds/UI/Object_PickUp.uexp" 580
"../../../Engine/Content/EngineSounds/Master.uasset" 581
"../../../Engine/Content/EngineSounds/Master.uexp" 582
"../../../Engine/Content/EngineResources/WhiteSquareTexture.uasset" 583
"../../../Engine/Content/EngineResources/WhiteSquareTexture.uexp" 584
"../../../Engine/Content/EngineMaterials/Widget3DPassThrough.uasset" 585
"../../../Engine/Content/EngineMaterials/Widget3DPassThrough.uexp" 586
"../../../Engine/Content/EngineMaterials/Widget3DPassThrough_Translucent.uasset" 587
"../../../Engine/Content/EngineMaterials/Widget3DPassThrough_Translucent.uexp" 588
"../../../Engine/Content/EngineMaterials/Widget3DPassThrough_Translucent_OneSided.uasset" 589
"../../../Engine/Content/EngineMaterials/Widget3DPassThrough_Translucent_OneSided.uexp" 590
"../../../Engine/Content/EngineMaterials/Widget3DPassThrough_Opaque.uasset" 591
"../../../Engine/Content/EngineMaterials/Widget3DPassThrough_Opaque.uexp" 592
"../../../Engine/Content/EngineMaterials/Widget3DPassThrough_Opaque_OneSided.uasset" 593
"../../../Engine/Content/EngineMaterials/Widget3DPassThrough_Opaque_OneSided.uexp" 594
"../../../Engine/Content/EngineMaterials/Widget3DPassThrough_Masked_OneSided.uasset" 595
"../../../Engine/Content/EngineMaterials/Widget3DPassThrough_Masked_OneSided.uexp" 596
"../../../Engine/Content/EngineMaterials/Widget3DPassThrough_Masked.uasset" 597
"../../../Engine/Content/EngineMaterials/Widget3DPassThrough_Masked.uexp" 598
"../../../Engine/Content/EngineMaterials/STBlueNoise_vec2_128x128x64.uasset" 599
"../../../Engine/Content/EngineMaterials/STBlueNoise_vec2_128x128x64.uexp" 600
"../../../Engine/Content/EngineMaterials/STBlueNoise_scalar_128x128x64.uasset" 601
"../../../Engine/Content/EngineMaterials/STBlueNoise_scalar_128x128x64.uexp" 602
"../../../Engine/Content/EngineMaterials/RemoveSurfaceMaterial.uasset" 603
"../../../Engine/Content/EngineMaterials/RemoveSurfaceMaterial.uexp" 604
"../../../Engine/Content/EngineMaterials/DefaultCalibrationGrayscale.uasset" 605
"../../../Engine/Content/EngineMaterials/DefaultCalibrationGrayscale.uexp" 606
"../../../Engine/Content/EngineMaterials/PPM_DefaultCalibrationGrayscale.uasset" 607
"../../../Engine/Content/EngineMaterials/PPM_DefaultCalibrationGrayscale.uexp" 608
"../../../Engine/Content/EngineMaterials/DefaultCalibrationColor.uasset" 609
"../../../Engine/Content/EngineMaterials/DefaultCalibrationColor.uexp" 610
"../../../Engine/Content/EngineMaterials/PPM_DefaultCalibrationColor.uasset" 611
"../../../Engine/Content/EngineMaterials/PPM_DefaultCalibrationColor.uexp" 612
"../../../Engine/Content/EngineMaterials/PhAT_JointLimitMaterial.uasset" 613
"../../../Engine/Content/EngineMaterials/PhAT_JointLimitMaterial.uexp" 614
"../../../Engine/Content/EngineMaterials/NaniteHiddenSectionMaterial.uasset" 615
"../../../Engine/Content/EngineMaterials/NaniteHiddenSectionMaterial.uexp" 616
"../../../Engine/Content/EngineMaterials/InvalidLightmapSettings.ubulk" 617
"../../../Engine/Content/EngineMaterials/InvalidLightmapSettings.uasset" 618
"../../../Engine/Content/EngineMaterials/InvalidLightmapSettings.uexp" 619
"../../../Engine/Content/EngineMaterials/M_InvalidLightmapSettings.uasset" 620
"../../../Engine/Content/EngineMaterials/M_InvalidLightmapSettings.uexp" 621
"../../../Engine/Content/EngineMaterials/GizmoMaterial.uasset" 622
"../../../Engine/Content/EngineMaterials/GizmoMaterial.uexp" 623
"../../../Engine/Content/EngineMaterials/BaseFlattenEmissiveMap_VT.uasset" 624
"../../../Engine/Content/EngineMaterials/BaseFlattenEmissiveMap_VT.uexp" 625
"../../../Engine/Content/EngineMaterials/BaseFlattenGrayscaleMap_VT.uasset" 626
"../../../Engine/Content/EngineMaterials/BaseFlattenGrayscaleMap_VT.uexp" 627
"../../../Engine/Content/EngineMaterials/BaseFlattenLinearColor_VT.uasset" 628
"../../../Engine/Content/EngineMaterials/BaseFlattenLinearColor_VT.uexp" 629
"../../../Engine/Content/EngineMaterials/Black_1x1_EXR_Texture_VT.uasset" 630
"../../../Engine/Content/EngineMaterials/Black_1x1_EXR_Texture_VT.uexp" 631
"../../../Engine/Content/EngineMaterials/BaseFlattenDiffuseMap_VT.uasset" 632
"../../../Engine/Content/EngineMaterials/BaseFlattenDiffuseMap_VT.uexp" 633
"../../../Engine/Content/EngineMaterials/BaseFlattenNormalMap_VT.uasset" 634
"../../../Engine/Content/EngineMaterials/BaseFlattenNormalMap_VT.uexp" 635
"../../../Engine/Content/EngineMaterials/FlattenMaterial_WS_Normal_VT.uasset" 636
"../../../Engine/Content/EngineMaterials/FlattenMaterial_WS_Normal_VT.uexp" 637
"../../../Engine/Content/EngineMaterials/FlattenMaterial_VT.uasset" 638
"../../../Engine/Content/EngineMaterials/FlattenMaterial_VT.uexp" 639
"../../../Engine/Content/EngineMaterials/BaseFlattenNormalMap.uasset" 640
"../../../Engine/Content/EngineMaterials/BaseFlattenNormalMap.uexp" 641
"../../../Engine/Content/EngineMaterials/BaseFlattenGrayscaleMap.uasset" 642
"../../../Engine/Content/EngineMaterials/BaseFlattenGrayscaleMap.uexp" 643
"../../../Engine/Content/EngineMaterials/BaseFlattenDiffuseMap.uasset" 644
"../../../Engine/Content/EngineMaterials/BaseFlattenDiffuseMap.uexp" 645
"../../../Engine/Content/Functions/Engine_MaterialFunctions02/PivotPainter2/Black_1x1_EXR_Texture.uasset" 646
"../../../Engine/Content/Functions/Engine_MaterialFunctions02/PivotPainter2/Black_1x1_EXR_Texture.uexp" 647
"../../../Engine/Content/EngineMaterials/BaseFlattenEmissiveMap.uasset" 648
"../../../Engine/Content/EngineMaterials/BaseFlattenEmissiveMap.uexp" 649
"../../../Engine/Content/EngineMaterials/BaseFlattenLinearColor.uasset" 650
"../../../Engine/Content/EngineMaterials/BaseFlattenLinearColor.uexp" 651
"../../../Engine/Content/EngineMaterials/FlattenMaterial.uasset" 652
"../../../Engine/Content/EngineMaterials/FlattenMaterial.uexp" 653
"../../../Engine/Content/EngineMaterials/DefaultWhiteGrid_Low.uasset" 654
"../../../Engine/Content/EngineMaterials/DefaultWhiteGrid_Low.uexp" 655
"../../../Engine/Content/EngineMaterials/EmissiveMeshMaterial.uasset" 656
"../../../Engine/Content/EngineMaterials/EmissiveMeshMaterial.uexp" 657
"../../../Engine/Content/EngineFonts/RobotoDistanceField.uasset" 658
"../../../Engine/Content/EngineFonts/RobotoDistanceField.uexp" 659
"../../../Engine/Content/EngineMaterials/DefaultTextMaterialOpaque.uasset" 660
"../../../Engine/Content/EngineMaterials/DefaultTextMaterialOpaque.uexp" 661
"../../../Engine/Content/EngineMaterials/DefaultDiffuse.ubulk" 662
"../../../Engine/Content/EngineMaterials/DefaultDiffuse.uasset" 663
"../../../Engine/Content/EngineMaterials/DefaultDiffuse.uexp" 664
"../../../Engine/Content/Functions/Engine_MaterialFunctions02/Utility/BreakOutFloat2Components.uasset" 665
"../../../Engine/Content/Functions/Engine_MaterialFunctions02/Utility/BreakOutFloat2Components.uexp" 666
"../../../Engine/Content/EngineMaterials/DefaultPostProcessMaterial.uasset" 667
"../../../Engine/Content/EngineMaterials/DefaultPostProcessMaterial.uexp" 668
"../../../Engine/Content/EngineMaterials/DefaultLightFunctionMaterial.uasset" 669
"../../../Engine/Content/EngineMaterials/DefaultLightFunctionMaterial.uexp" 670
"../../../Engine/Content/EngineMaterials/DefaultDestructiblePhysicalMaterial.uasset" 671
"../../../Engine/Content/EngineMaterials/DefaultDestructiblePhysicalMaterial.uexp" 672
"../../../Engine/Content/EngineMaterials/DefaultDeferredDecalMaterial.uasset" 673
"../../../Engine/Content/EngineMaterials/DefaultDeferredDecalMaterial.uexp" 674
"../../../Engine/Content/EngineMaterials/DefaultBloomKernel.uasset" 675
"../../../Engine/Content/EngineMaterials/DefaultBloomKernel.uexp" 676
"../../../Engine/Content/EngineFonts/Faces/RobotoLight.uexp" 677
"../../../Engine/Content/EngineFonts/Faces/RobotoLight.uasset" 678
"../../../Engine/Content/EngineFonts/Faces/RobotoLight.ufont" 679
"../../../Engine/Content/EngineFonts/Faces/RobotoBold.uexp" 680
"../../../Engine/Content/EngineFonts/Faces/RobotoBold.uasset" 681
"../../../Engine/Content/EngineFonts/Faces/RobotoBold.ufont" 682
"../../../Engine/Content/EngineFonts/Faces/RobotoRegular.uexp" 683
"../../../Engine/Content/EngineFonts/Faces/RobotoRegular.uasset" 684
"../../../Engine/Content/EngineFonts/Faces/RobotoRegular.ufont" 685
"../../../Engine/Content/EngineFonts/Faces/DroidSansFallback.uexp" 686
"../../../Engine/Content/EngineFonts/Faces/DroidSansFallback.uasset" 687
"../../../Engine/Content/EngineFonts/Faces/DroidSansFallback.ufont" 688
"../../../Engine/Content/EngineFonts/Faces/RobotoItalic.uexp" 689
"../../../Engine/Content/EngineFonts/Faces/RobotoItalic.uasset" 690
"../../../Engine/Content/EngineFonts/Faces/RobotoItalic.ufont" 691
"../../../Engine/Content/EngineFonts/Faces/RobotoBoldItalic.uexp" 692
"../../../Engine/Content/EngineFonts/Faces/RobotoBoldItalic.uasset" 693
"../../../Engine/Content/EngineFonts/Faces/RobotoBoldItalic.ufont" 694
"../../../Engine/Content/EngineFonts/Roboto.uasset" 695
"../../../Engine/Content/EngineFonts/Roboto.uexp" 696
"../../../Engine/Content/EngineDebugMaterials/VolumeToRender.uasset" 697
"../../../Engine/Content/EngineDebugMaterials/VolumeToRender.uexp" 698
"../../../Engine/Content/EngineDebugMaterials/M_VolumeRenderSphereTracePP.uasset" 699
"../../../Engine/Content/EngineDebugMaterials/M_VolumeRenderSphereTracePP.uexp" 700
"../../../Engine/Content/EngineDebugMaterials/M_SimpleUnlitTranslucent.uasset" 701
"../../../Engine/Content/EngineDebugMaterials/M_SimpleUnlitTranslucent.uexp" 702
"../../../Engine/Content/EngineDebugMaterials/DebugMeshMaterial.uasset" 703
"../../../Engine/Content/EngineDebugMaterials/DebugMeshMaterial.uexp" 704
"../../../Engine/Content/EngineDebugMaterials/DebugEditorMaterial.uasset" 705
"../../../Engine/Content/EngineDebugMaterials/DebugEditorMaterial.uexp" 706
"../../../Engine/Content/EngineDamageTypes/DmgTypeBP_Environmental.uasset" 707
"../../../Engine/Content/EngineDamageTypes/DmgTypeBP_Environmental.uexp" 708
"../../../Engine/Content/EditorResources/S_Terrain.ubulk" 709
"../../../Engine/Content/EditorResources/S_Terrain.uasset" 710
"../../../Engine/Content/EditorResources/S_Terrain.uexp" 711
"../../../Engine/Content/EditorResources/EmptyActor.uasset" 712
"../../../Engine/Content/EditorResources/EmptyActor.uexp" 713
"../../../Engine/Content/EditorResources/BSPVertex.uasset" 714
"../../../Engine/Content/EditorResources/BSPVertex.uexp" 715
"../../../Engine/Content/EditorMaterials/PreviewShadowIndicator.ubulk" 716
"../../../Engine/Content/EditorMaterials/PreviewShadowIndicator.uasset" 717
"../../../Engine/Content/EditorMaterials/PreviewShadowIndicator.uexp" 718
"../../../Engine/Content/EditorMaterials/PreviewShadowIndicatorMaterial.uasset" 719
"../../../Engine/Content/EditorMaterials/PreviewShadowIndicatorMaterial.uexp" 720
"../../../Engine/Content/EditorMaterials/PhAT_UnselectedMaterial.uasset" 721
"../../../Engine/Content/EditorMaterials/PhAT_UnselectedMaterial.uexp" 722
"../../../Engine/Content/EditorMaterials/PhAT_NoCollisionMaterial.uasset" 723
"../../../Engine/Content/EditorMaterials/PhAT_NoCollisionMaterial.uexp" 724
"../../../Engine/Content/EditorLandscapeResources/DefaultAlphaTexture.uasset" 725
"../../../Engine/Content/EditorLandscapeResources/DefaultAlphaTexture.uexp" 726
"../../../Engine/Content/EngineMaterials/DefaultMaterial.uasset" 727
"../../../Engine/Content/EngineMaterials/DefaultMaterial.uexp" 728
"../../../Engine/Content/BasicShapes/Cone.ubulk" 729
"../../../Engine/Content/BasicShapes/Cone.uasset" 730
"../../../Engine/Content/BasicShapes/Cone.uexp" 731
"../../../Engine/Content/MobileResources/HUD/VirtualJoystick_Background.uasset" 732
"../../../Engine/Content/MobileResources/HUD/VirtualJoystick_Background.uexp" 733
"../../../Engine/Content/MobileResources/HUD/VirtualJoystick_Thumb.uasset" 734
"../../../Engine/Content/MobileResources/HUD/VirtualJoystick_Thumb.uexp" 735
"W:/UnrealProject/BuyuKosusuGit/BuyuKosusu/BuyuKosusu/Content/FirstPerson/Input/MobileControls.uasset" 736
"W:/UnrealProject/BuyuKosusuGit/BuyuKosusu/BuyuKosusu/Content/FirstPerson/Input/MobileControls.uexp" 737
"../../../Engine/Plugins/Marketplace/Substance/Content/Templates/textures/default_normal.uasset" 738
"../../../Engine/Plugins/Marketplace/Substance/Content/Templates/textures/default_normal.uexp" 739
"../../../Engine/Content/Functions/Engine_MaterialFunctions02/Texturing/CustomRotator.uasset" 740
"../../../Engine/Content/Functions/Engine_MaterialFunctions02/Texturing/CustomRotator.uexp" 741
"../../../Engine/Plugins/Marketplace/Substance/Content/Templates/material_functions/MaterialUVTiling.uasset" 742
"../../../Engine/Plugins/Marketplace/Substance/Content/Templates/material_functions/MaterialUVTiling.uexp" 743
"../../../Engine/Plugins/Marketplace/Substance/Content/Templates/textures/default_color.uasset" 744
"../../../Engine/Plugins/Marketplace/Substance/Content/Templates/textures/default_color.uexp" 745
"../../../Engine/Plugins/Marketplace/Substance/Content/Templates/parent_materials/Substance_Standard_Template.uasset" 746
"../../../Engine/Plugins/Marketplace/Substance/Content/Templates/parent_materials/Substance_Standard_Template.uexp" 747
"../../../Engine/Plugins/Interchange/Runtime/Content/gltf/MaterialFunctions/MF_RotateV2.uasset" 748
"../../../Engine/Plugins/Interchange/Runtime/Content/gltf/MaterialFunctions/MF_RotateV2.uexp" 749
"../../../Engine/Plugins/Interchange/Runtime/Content/gltf/MaterialFunctions/MF_TransformUVs.uasset" 750
"../../../Engine/Plugins/Interchange/Runtime/Content/gltf/MaterialFunctions/MF_TransformUVs.uexp" 751
"../../../Engine/Plugins/Interchange/Runtime/Content/gltf/Textures/T_White_srgb.uasset" 752
"../../../Engine/Plugins/Interchange/Runtime/Content/gltf/Textures/T_White_srgb.uexp" 753
"../../../Engine/Plugins/Interchange/Runtime/Content/gltf/MaterialFunctions/MF_BaseColor.uasset" 754
"../../../Engine/Plugins/Interchange/Runtime/Content/gltf/MaterialFunctions/MF_BaseColor.uexp" 755
"../../../Engine/Plugins/Interchange/Runtime/Content/gltf/MaterialBodies/MF_Unlit_Body.uasset" 756
"../../../Engine/Plugins/Interchange/Runtime/Content/gltf/MaterialBodies/MF_Unlit_Body.uexp" 757
"../../../Engine/Plugins/Interchange/Runtime/Content/gltf/M_Unlit.uasset" 758
"../../../Engine/Plugins/Interchange/Runtime/Content/gltf/M_Unlit.uexp" 759
"../../../Engine/Plugins/Interchange/Runtime/Content/gltf/MaterialInstances/MI_Unlit_Opaque_DS.uasset" 760
"../../../Engine/Plugins/Interchange/Runtime/Content/gltf/MaterialInstances/MI_Unlit_Opaque_DS.uexp" 761
"../../../Engine/Plugins/Interchange/Runtime/Content/gltf/MaterialInstances/MI_Unlit_Opaque.uasset" 762
"../../../Engine/Plugins/Interchange/Runtime/Content/gltf/MaterialInstances/MI_Unlit_Opaque.uexp" 763
"../../../Engine/Plugins/Interchange/Runtime/Content/gltf/MaterialInstances/MI_Unlit_Mask_DS.uasset" 764
"../../../Engine/Plugins/Interchange/Runtime/Content/gltf/MaterialInstances/MI_Unlit_Mask_DS.uexp" 765
"../../../Engine/Plugins/Interchange/Runtime/Content/gltf/MaterialInstances/MI_Unlit_Mask.uasset" 766
"../../../Engine/Plugins/Interchange/Runtime/Content/gltf/MaterialInstances/MI_Unlit_Mask.uexp" 767
"../../../Engine/Plugins/Interchange/Runtime/Content/gltf/MaterialInstances/MI_Unlit_Blend_DS.uasset" 768
"../../../Engine/Plugins/Interchange/Runtime/Content/gltf/MaterialInstances/MI_Unlit_Blend_DS.uexp" 769
"../../../Engine/Plugins/Interchange/Runtime/Content/gltf/MaterialInstances/MI_Unlit_Blend.uasset" 770
"../../../Engine/Plugins/Interchange/Runtime/Content/gltf/MaterialInstances/MI_Unlit_Blend.uexp" 771
"../../../Engine/Plugins/Interchange/Runtime/Content/gltf/MaterialFunctions/MF_Iridescence.uasset" 772
"../../../Engine/Plugins/Interchange/Runtime/Content/gltf/MaterialFunctions/MF_Iridescence.uexp" 773
"../../../Engine/Plugins/Interchange/Runtime/Content/gltf/Textures/T_White_Linear.uasset" 774
"../../../Engine/Plugins/Interchange/Runtime/Content/gltf/Textures/T_White_Linear.uexp" 775
"../../../Engine/Plugins/Interchange/Runtime/Content/gltf/MaterialFunctions/MF_MetallicRoughness.uasset" 776
"../../../Engine/Plugins/Interchange/Runtime/Content/gltf/MaterialFunctions/MF_MetallicRoughness.uexp" 777
"../../../Engine/Plugins/Interchange/Runtime/Content/gltf/MaterialFunctions/MF_Transmission.uasset" 778
"../../../Engine/Plugins/Interchange/Runtime/Content/gltf/MaterialFunctions/MF_Transmission.uexp" 779
"../../../Engine/Plugins/Interchange/Runtime/Content/gltf/MaterialFunctions/MF_Occlusion.uasset" 780
"../../../Engine/Plugins/Interchange/Runtime/Content/gltf/MaterialFunctions/MF_Occlusion.uexp" 781
"../../../Engine/Plugins/Interchange/Runtime/Content/gltf/MaterialFunctions/MF_Specular.uasset" 782
"../../../Engine/Plugins/Interchange/Runtime/Content/gltf/MaterialFunctions/MF_Specular.uexp" 783
"../../../Engine/Plugins/Interchange/Runtime/Content/gltf/MaterialFunctions/MF_IOR.uasset" 784
"../../../Engine/Plugins/Interchange/Runtime/Content/gltf/MaterialFunctions/MF_IOR.uexp" 785
"../../../Engine/Plugins/Interchange/Runtime/Content/gltf/MaterialFunctions/MF_RotateNormals_TS.uasset" 786
"../../../Engine/Plugins/Interchange/Runtime/Content/gltf/MaterialFunctions/MF_RotateNormals_TS.uexp" 787
"../../../Engine/Plugins/Interchange/Runtime/Content/gltf/Textures/T_Generic_N.uasset" 788
"../../../Engine/Plugins/Interchange/Runtime/Content/gltf/Textures/T_Generic_N.uexp" 789
"../../../Engine/Plugins/Interchange/Runtime/Content/gltf/MaterialFunctions/MF_Normals.uasset" 790
"../../../Engine/Plugins/Interchange/Runtime/Content/gltf/MaterialFunctions/MF_Normals.uexp" 791
"../../../Engine/Plugins/Interchange/Runtime/Content/gltf/MaterialBodies/MF_Transmission_Body.uasset" 792
"../../../Engine/Plugins/Interchange/Runtime/Content/gltf/MaterialBodies/MF_Transmission_Body.uexp" 793
"../../../Engine/Plugins/Interchange/Runtime/Content/gltf/M_Transmission.uasset" 794
"../../../Engine/Plugins/Interchange/Runtime/Content/gltf/M_Transmission.uexp" 795
"../../../Engine/Plugins/Interchange/Runtime/Content/gltf/MaterialInstances/MI_Transmission_DS.uasset" 796
"../../../Engine/Plugins/Interchange/Runtime/Content/gltf/MaterialInstances/MI_Transmission_DS.uexp" 797
"../../../Engine/Plugins/Interchange/Runtime/Content/gltf/MaterialInstances/MI_Transmission.uasset" 798
"../../../Engine/Plugins/Interchange/Runtime/Content/gltf/MaterialInstances/MI_Transmission.uexp" 799
"../../../Engine/Plugins/Interchange/Runtime/Content/gltf/MaterialFunctions/MF_DiffuseSpecGloss.uasset" 800
"../../../Engine/Plugins/Interchange/Runtime/Content/gltf/MaterialFunctions/MF_DiffuseSpecGloss.uexp" 801
"../../../Engine/Content/Functions/Engine_MaterialFunctions02/Math/AddComponents.uasset" 802
"../../../Engine/Content/Functions/Engine_MaterialFunctions02/Math/AddComponents.uexp" 803
"../../../Engine/Plugins/Interchange/Runtime/Content/gltf/MaterialFunctions/MF_PerceivedBrightness.uasset" 804
"../../../Engine/Plugins/Interchange/Runtime/Content/gltf/MaterialFunctions/MF_PerceivedBrightness.uexp" 805
"../../../Engine/Plugins/Interchange/Runtime/Content/gltf/MaterialFunctions/MF_Emissive.uasset" 806
"../../../Engine/Plugins/Interchange/Runtime/Content/gltf/MaterialFunctions/MF_Emissive.uexp" 807
"../../../Engine/Plugins/Interchange/Runtime/Content/gltf/MaterialFunctions/MF_SpecGlossToMetalRoughness.uasset" 808
"../../../Engine/Plugins/Interchange/Runtime/Content/gltf/MaterialFunctions/MF_SpecGlossToMetalRoughness.uexp" 809
"../../../Engine/Plugins/Interchange/Runtime/Content/gltf/MaterialBodies/MF_SpecularGlossiness_Body.uasset" 810
"../../../Engine/Plugins/Interchange/Runtime/Content/gltf/MaterialBodies/MF_SpecularGlossiness_Body.uexp" 811
"../../../Engine/Plugins/Interchange/Runtime/Content/gltf/M_SpecularGlossiness.uasset" 812
"../../../Engine/Plugins/Interchange/Runtime/Content/gltf/M_SpecularGlossiness.uexp" 813
"../../../Engine/Plugins/Interchange/Runtime/Content/gltf/MaterialInstances/MI_SpecularGlossiness_Opaque_DS.uasset" 814
"../../../Engine/Plugins/Interchange/Runtime/Content/gltf/MaterialInstances/MI_SpecularGlossiness_Opaque_DS.uexp" 815
"../../../Engine/Plugins/Interchange/Runtime/Content/gltf/MaterialInstances/MI_SpecularGlossiness_Opaque.uasset" 816
"../../../Engine/Plugins/Interchange/Runtime/Content/gltf/MaterialInstances/MI_SpecularGlossiness_Opaque.uexp" 817
"../../../Engine/Plugins/Interchange/Runtime/Content/gltf/MaterialInstances/MI_SpecularGlossiness_Mask_DS.uasset" 818
"../../../Engine/Plugins/Interchange/Runtime/Content/gltf/MaterialInstances/MI_SpecularGlossiness_Mask_DS.uexp" 819
"../../../Engine/Plugins/Interchange/Runtime/Content/gltf/MaterialInstances/MI_SpecularGlossiness_Mask.uasset" 820
"../../../Engine/Plugins/Interchange/Runtime/Content/gltf/MaterialInstances/MI_SpecularGlossiness_Mask.uexp" 821
"../../../Engine/Plugins/Interchange/Runtime/Content/gltf/MaterialInstances/MI_SpecularGlossiness_Blend_DS.uasset" 822
"../../../Engine/Plugins/Interchange/Runtime/Content/gltf/MaterialInstances/MI_SpecularGlossiness_Blend_DS.uexp" 823
"../../../Engine/Plugins/Interchange/Runtime/Content/gltf/MaterialInstances/MI_SpecularGlossiness_Blend.uasset" 824
"../../../Engine/Plugins/Interchange/Runtime/Content/gltf/MaterialInstances/MI_SpecularGlossiness_Blend.uexp" 825
"../../../Engine/Plugins/Interchange/Runtime/Content/gltf/MaterialFunctions/MF_Sheen.uasset" 826
"../../../Engine/Plugins/Interchange/Runtime/Content/gltf/MaterialFunctions/MF_Sheen.uexp" 827
"../../../Engine/Plugins/Interchange/Runtime/Content/gltf/MaterialBodies/MF_Sheen_Body.uasset" 828
"../../../Engine/Plugins/Interchange/Runtime/Content/gltf/MaterialBodies/MF_Sheen_Body.uexp" 829
"../../../Engine/Plugins/Interchange/Runtime/Content/gltf/M_Sheen.uasset" 830
"../../../Engine/Plugins/Interchange/Runtime/Content/gltf/M_Sheen.uexp" 831
"../../../Engine/Plugins/Interchange/Runtime/Content/gltf/MaterialInstances/MI_Sheen_Opaque_DS.uasset" 832
"../../../Engine/Plugins/Interchange/Runtime/Content/gltf/MaterialInstances/MI_Sheen_Opaque_DS.uexp" 833
"../../../Engine/Plugins/Interchange/Runtime/Content/gltf/MaterialInstances/MI_Sheen_Opaque.uasset" 834
"../../../Engine/Plugins/Interchange/Runtime/Content/gltf/MaterialInstances/MI_Sheen_Opaque.uexp" 835
"../../../Engine/Plugins/Interchange/Runtime/Content/gltf/MaterialInstances/MI_Sheen_Mask_DS.uasset" 836
"../../../Engine/Plugins/Interchange/Runtime/Content/gltf/MaterialInstances/MI_Sheen_Mask_DS.uexp" 837
"../../../Engine/Plugins/Interchange/Runtime/Content/gltf/MaterialInstances/MI_Sheen_Mask.uasset" 838
"../../../Engine/Plugins/Interchange/Runtime/Content/gltf/MaterialInstances/MI_Sheen_Mask.uexp" 839
"../../../Engine/Plugins/Interchange/Runtime/Content/gltf/MaterialInstances/MI_Sheen_Blend_DS.uasset" 840
"../../../Engine/Plugins/Interchange/Runtime/Content/gltf/MaterialInstances/MI_Sheen_Blend_DS.uexp" 841
"../../../Engine/Plugins/Interchange/Runtime/Content/gltf/MaterialInstances/MI_Sheen_Blend.uasset" 842
"../../../Engine/Plugins/Interchange/Runtime/Content/gltf/MaterialInstances/MI_Sheen_Blend.uexp" 843
"../../../Engine/Plugins/Interchange/Runtime/Content/gltf/MaterialBodies/MF_Default_Body.uasset" 844
"../../../Engine/Plugins/Interchange/Runtime/Content/gltf/MaterialBodies/MF_Default_Body.uexp" 845
"../../../Engine/Plugins/Interchange/Runtime/Content/gltf/M_Default.uasset" 846
"../../../Engine/Plugins/Interchange/Runtime/Content/gltf/M_Default.uexp" 847
"../../../Engine/Plugins/Interchange/Runtime/Content/gltf/MaterialInstances/MI_Default_Opaque_DS.uasset" 848
"../../../Engine/Plugins/Interchange/Runtime/Content/gltf/MaterialInstances/MI_Default_Opaque_DS.uexp" 849
"../../../Engine/Plugins/Interchange/Runtime/Content/gltf/MaterialInstances/MI_Default_Opaque.uasset" 850
"../../../Engine/Plugins/Interchange/Runtime/Content/gltf/MaterialInstances/MI_Default_Opaque.uexp" 851
"../../../Engine/Plugins/Interchange/Runtime/Content/gltf/MaterialInstances/MI_Default_Mask_DS.uasset" 852
"../../../Engine/Plugins/Interchange/Runtime/Content/gltf/MaterialInstances/MI_Default_Mask_DS.uexp" 853
"../../../Engine/Plugins/Interchange/Runtime/Content/gltf/MaterialInstances/MI_Default_Mask.uasset" 854
"../../../Engine/Plugins/Interchange/Runtime/Content/gltf/MaterialInstances/MI_Default_Mask.uexp" 855
"../../../Engine/Plugins/Interchange/Runtime/Content/gltf/MaterialInstances/MI_Default_Blend_DS.uasset" 856
"../../../Engine/Plugins/Interchange/Runtime/Content/gltf/MaterialInstances/MI_Default_Blend_DS.uexp" 857
"../../../Engine/Plugins/Interchange/Runtime/Content/gltf/MaterialInstances/MI_Default_Blend.uasset" 858
"../../../Engine/Plugins/Interchange/Runtime/Content/gltf/MaterialInstances/MI_Default_Blend.uexp" 859
"../../../Engine/Content/Functions/Engine_MaterialFunctions01/Texturing/FlattenNormal.uasset" 860
"../../../Engine/Content/Functions/Engine_MaterialFunctions01/Texturing/FlattenNormal.uexp" 861
"../../../Engine/Plugins/Interchange/Runtime/Content/gltf/MaterialFunctions/MF_Clearcoat.uasset" 862
"../../../Engine/Plugins/Interchange/Runtime/Content/gltf/MaterialFunctions/MF_Clearcoat.uexp" 863
"../../../Engine/Plugins/Interchange/Runtime/Content/gltf/MaterialBodies/MF_ClearCoat_Body.uasset" 864
"../../../Engine/Plugins/Interchange/Runtime/Content/gltf/MaterialBodies/MF_ClearCoat_Body.uexp" 865
"../../../Engine/Plugins/Interchange/Runtime/Content/gltf/M_ClearCoat.uasset" 866
"../../../Engine/Plugins/Interchange/Runtime/Content/gltf/M_ClearCoat.uexp" 867
"../../../Engine/Plugins/Interchange/Runtime/Content/gltf/MaterialInstances/MI_ClearCoat_Opaque_DS.uasset" 868
"../../../Engine/Plugins/Interchange/Runtime/Content/gltf/MaterialInstances/MI_ClearCoat_Opaque_DS.uexp" 869
"../../../Engine/Plugins/Interchange/Runtime/Content/gltf/MaterialInstances/MI_ClearCoat_Opaque.uasset" 870
"../../../Engine/Plugins/Interchange/Runtime/Content/gltf/MaterialInstances/MI_ClearCoat_Opaque.uexp" 871
"../../../Engine/Plugins/Interchange/Runtime/Content/gltf/MaterialInstances/MI_ClearCoat_Mask_DS.uasset" 872
"../../../Engine/Plugins/Interchange/Runtime/Content/gltf/MaterialInstances/MI_ClearCoat_Mask_DS.uexp" 873
"../../../Engine/Plugins/Interchange/Runtime/Content/gltf/MaterialInstances/MI_ClearCoat_Mask.uasset" 874
"../../../Engine/Plugins/Interchange/Runtime/Content/gltf/MaterialInstances/MI_ClearCoat_Mask.uexp" 875
"../../../Engine/Plugins/Interchange/Runtime/Content/gltf/MaterialInstances/MI_ClearCoat_Blend_DS.uasset" 876
"../../../Engine/Plugins/Interchange/Runtime/Content/gltf/MaterialInstances/MI_ClearCoat_Blend_DS.uexp" 877
"../../../Engine/Plugins/Interchange/Runtime/Content/gltf/MaterialInstances/MI_ClearCoat_Blend.uasset" 878
"../../../Engine/Plugins/Interchange/Runtime/Content/gltf/MaterialInstances/MI_ClearCoat_Blend.uexp" 879
"../../../Engine/Content/EngineSky/VolumetricClouds/CloudWeatherTexture.uasset" 880
"../../../Engine/Content/EngineSky/VolumetricClouds/CloudWeatherTexture.uexp" 881
"../../../Engine/Content/Functions/Engine_MaterialFunctions02/Utility/MakeFloat2.uasset" 882
"../../../Engine/Content/Functions/Engine_MaterialFunctions02/Utility/MakeFloat2.uexp" 883
"../../../Engine/Content/EngineSky/VolumetricClouds/CloudGradientTexture.uasset" 884
"../../../Engine/Content/EngineSky/VolumetricClouds/CloudGradientTexture.uexp" 885
"../../../Engine/Content/EngineSky/VolumetricClouds/T_NoiseShape64.ubulk" 886
"../../../Engine/Content/EngineSky/VolumetricClouds/T_NoiseShape64.uasset" 887
"../../../Engine/Content/EngineSky/VolumetricClouds/T_NoiseShape64.uexp" 888
"../../../Engine/Content/EngineSky/VolumetricClouds/T_VolumeNoiseShape64.uasset" 889
"../../../Engine/Content/EngineSky/VolumetricClouds/T_VolumeNoiseShape64.uexp" 890
"../../../Engine/Content/EngineSky/VolumetricClouds/T_NoiseErosion.ubulk" 891
"../../../Engine/Content/EngineSky/VolumetricClouds/T_NoiseErosion.uasset" 892
"../../../Engine/Content/EngineSky/VolumetricClouds/T_NoiseErosion.uexp" 893
"../../../Engine/Content/EngineSky/VolumetricClouds/T_VolumeNoiseErosion32.uasset" 894
"../../../Engine/Content/EngineSky/VolumetricClouds/T_VolumeNoiseErosion32.uexp" 895
"../../../Engine/Content/EngineSky/VolumetricClouds/m_SimpleVolumetricCloud.uasset" 896
"../../../Engine/Content/EngineSky/VolumetricClouds/m_SimpleVolumetricCloud.uexp" 897
"../../../Engine/Content/EngineSky/VolumetricClouds/m_SimpleVolumetricCloud_Inst.uasset" 898
"../../../Engine/Content/EngineSky/VolumetricClouds/m_SimpleVolumetricCloud_Inst.uexp" 899
"../../../Engine/Content/EngineResources/FilmGrains/Marcie_Grain_v3_128_M2_000.uasset" 900
"../../../Engine/Content/EngineResources/FilmGrains/Marcie_Grain_v3_128_M2_000.uexp" 901
"../../../Engine/Content/EditorResources/SequenceRecorder/RecordingIndicator.uasset" 902
"../../../Engine/Content/EditorResources/SequenceRecorder/RecordingIndicator.uexp" 903
"../../../Engine/Content/EditorResources/SequenceRecorder/Countdown.uasset" 904
"../../../Engine/Content/EditorResources/SequenceRecorder/Countdown.uexp" 905
"../../../Engine/Content/EditorMaterials/Dataflow/DataflowVertexMaterial.uasset" 906
"../../../Engine/Content/EditorMaterials/Dataflow/DataflowVertexMaterial.uexp" 907
"W:/UnrealProject/BuyuKosusuGit/BuyuKosusu/BuyuKosusu/Content/Stylized_PBR_Nature/Foliage/Textures/T_Common_Tree_10_ORM.ubulk" 908
"W:/UnrealProject/BuyuKosusuGit/BuyuKosusu/BuyuKosusu/Content/Stylized_PBR_Nature/Foliage/Textures/T_Common_Tree_10_ORM.uasset" 909
"W:/UnrealProject/BuyuKosusuGit/BuyuKosusu/BuyuKosusu/Content/Stylized_PBR_Nature/Foliage/Textures/T_Common_Tree_10_ORM.uexp" 910
"../../../Engine/Content/Functions/Engine_MaterialFunctions01/Shading/PowerToRoughness.uasset" 911
"../../../Engine/Content/Functions/Engine_MaterialFunctions01/Shading/PowerToRoughness.uexp" 912
"../../../Engine/Content/Functions/Engine_MaterialFunctions01/Shading/ConvertFromDiffSpec.uasset" 913
"../../../Engine/Content/Functions/Engine_MaterialFunctions01/Shading/ConvertFromDiffSpec.uexp" 914
"../../../Engine/Content/EngineMaterials/Substrate/Volume/SubstrateSimpleVolumeLUT3D.uasset" 915
"../../../Engine/Content/EngineMaterials/Substrate/Volume/SubstrateSimpleVolumeLUT3D.uexp" 916
"../../../Engine/Content/EngineMaterials/Substrate/Volume/SubstrateSimpleVolumeEnvLUT3D.uasset" 917
"../../../Engine/Content/EngineMaterials/Substrate/Volume/SubstrateSimpleVolumeEnvLUT3D.uexp" 918
"../../../Engine/Content/EngineMaterials/Substrate/GLints2/AGlintTex2dArray2.uasset" 919
"../../../Engine/Content/EngineMaterials/Substrate/GLints2/AGlintTex2dArray2.uexp" 920
"../../../Engine/Content/EngineMaterials/Substrate/GLints/AGlintTex2dArray.uasset" 921
"../../../Engine/Content/EngineMaterials/Substrate/GLints/AGlintTex2dArray.uexp" 922
"W:/UnrealProject/BuyuKosusuGit/BuyuKosusu/BuyuKosusu/Content/Meshes/Castle/Textures/Atlas1/AP4_Atlas_1_BaseColor.ubulk" 923
"W:/UnrealProject/BuyuKosusuGit/BuyuKosusu/BuyuKosusu/Content/Meshes/Castle/Textures/Atlas1/AP4_Atlas_1_BaseColor.uasset" 924
"W:/UnrealProject/BuyuKosusuGit/BuyuKosusu/BuyuKosusu/Content/Meshes/Castle/Textures/Atlas1/AP4_Atlas_1_BaseColor.uexp" 925
"W:/UnrealProject/BuyuKosusuGit/BuyuKosusu/BuyuKosusu/Content/Meshes/Castle/Textures/Atlas1/AP4_Atlas_1_Roughness.ubulk" 926
"W:/UnrealProject/BuyuKosusuGit/BuyuKosusu/BuyuKosusu/Content/Meshes/Castle/Textures/Atlas1/AP4_Atlas_1_Roughness.uasset" 927
"W:/UnrealProject/BuyuKosusuGit/BuyuKosusu/BuyuKosusu/Content/Meshes/Castle/Textures/Atlas1/AP4_Atlas_1_Roughness.uexp" 928
"W:/UnrealProject/BuyuKosusuGit/BuyuKosusu/BuyuKosusu/Content/Meshes/Castle/Textures/Atlas1/AP4_Atlas_1_Normal_DX.ubulk" 929
"W:/UnrealProject/BuyuKosusuGit/BuyuKosusu/BuyuKosusu/Content/Meshes/Castle/Textures/Atlas1/AP4_Atlas_1_Normal_DX.uasset" 930
"W:/UnrealProject/BuyuKosusuGit/BuyuKosusu/BuyuKosusu/Content/Meshes/Castle/Textures/Atlas1/AP4_Atlas_1_Normal_DX.uexp" 931
"W:/UnrealProject/BuyuKosusuGit/BuyuKosusu/BuyuKosusu/Content/Meshes/Castle/Materials/Atlas1.uasset" 932
"W:/UnrealProject/BuyuKosusuGit/BuyuKosusu/BuyuKosusu/Content/Meshes/Castle/Materials/Atlas1.uexp" 933
"W:/UnrealProject/BuyuKosusuGit/BuyuKosusu/BuyuKosusu/Content/Meshes/Castle/A1_StoneWall5.ubulk" 934
"W:/UnrealProject/BuyuKosusuGit/BuyuKosusu/BuyuKosusu/Content/Meshes/Castle/A1_StoneWall5.uasset" 935
"W:/UnrealProject/BuyuKosusuGit/BuyuKosusu/BuyuKosusu/Content/Meshes/Castle/A1_StoneWall5.uexp" 936
"W:/UnrealProject/BuyuKosusuGit/BuyuKosusu/BuyuKosusu/Content/Stylized_PBR_Nature/Rocks/Textures/T_S_Rocks_7-11_N.ubulk" 937
"W:/UnrealProject/BuyuKosusuGit/BuyuKosusu/BuyuKosusu/Content/Stylized_PBR_Nature/Rocks/Textures/T_S_Rocks_7-11_N.uasset" 938
"W:/UnrealProject/BuyuKosusuGit/BuyuKosusu/BuyuKosusu/Content/Stylized_PBR_Nature/Rocks/Textures/T_S_Rocks_7-11_N.uexp" 939
"W:/UnrealProject/BuyuKosusuGit/BuyuKosusu/BuyuKosusu/Content/Stylized_PBR_Nature/Rocks/Textures/T_S_Rocks_7-11_D.ubulk" 940
"W:/UnrealProject/BuyuKosusuGit/BuyuKosusu/BuyuKosusu/Content/Stylized_PBR_Nature/Rocks/Textures/T_S_Rocks_7-11_D.uasset" 941
"W:/UnrealProject/BuyuKosusuGit/BuyuKosusu/BuyuKosusu/Content/Stylized_PBR_Nature/Rocks/Textures/T_S_Rocks_7-11_D.uexp" 942
"W:/UnrealProject/BuyuKosusuGit/BuyuKosusu/BuyuKosusu/Content/Stylized_PBR_Nature/Rocks/Textures/T_S_Rocks_7-11_ORM.ubulk" 943
"W:/UnrealProject/BuyuKosusuGit/BuyuKosusu/BuyuKosusu/Content/Stylized_PBR_Nature/Rocks/Textures/T_S_Rocks_7-11_ORM.uasset" 944
"W:/UnrealProject/BuyuKosusuGit/BuyuKosusu/BuyuKosusu/Content/Stylized_PBR_Nature/Rocks/Textures/T_S_Rocks_7-11_ORM.uexp" 945
"W:/UnrealProject/BuyuKosusuGit/BuyuKosusu/BuyuKosusu/Content/Stylized_PBR_Nature/Rocks/Textures/T_R_Rocks_1-5_D.ubulk" 946
"W:/UnrealProject/BuyuKosusuGit/BuyuKosusu/BuyuKosusu/Content/Stylized_PBR_Nature/Rocks/Textures/T_R_Rocks_1-5_D.uasset" 947
"W:/UnrealProject/BuyuKosusuGit/BuyuKosusu/BuyuKosusu/Content/Stylized_PBR_Nature/Rocks/Textures/T_R_Rocks_1-5_D.uexp" 948
"W:/UnrealProject/BuyuKosusuGit/BuyuKosusu/BuyuKosusu/Content/Stylized_PBR_Nature/Rocks/Textures/T_R_Rocks_1-5_ORM.ubulk" 949
"W:/UnrealProject/BuyuKosusuGit/BuyuKosusu/BuyuKosusu/Content/Stylized_PBR_Nature/Rocks/Textures/T_R_Rocks_1-5_ORM.uasset" 950
"W:/UnrealProject/BuyuKosusuGit/BuyuKosusu/BuyuKosusu/Content/Stylized_PBR_Nature/Rocks/Textures/T_R_Rocks_1-5_ORM.uexp" 951
"W:/UnrealProject/BuyuKosusuGit/BuyuKosusu/BuyuKosusu/Content/Stylized_PBR_Nature/Rocks/Textures/T_R_Rocks_1-5_N.ubulk" 952
"W:/UnrealProject/BuyuKosusuGit/BuyuKosusu/BuyuKosusu/Content/Stylized_PBR_Nature/Rocks/Textures/T_R_Rocks_1-5_N.uasset" 953
"W:/UnrealProject/BuyuKosusuGit/BuyuKosusu/BuyuKosusu/Content/Stylized_PBR_Nature/Rocks/Textures/T_R_Rocks_1-5_N.uexp" 954
"W:/UnrealProject/BuyuKosusuGit/BuyuKosusu/BuyuKosusu/Content/Stylized_PBR_Nature/Rocks/Materials/M_Rock_Master.uasset" 955
"W:/UnrealProject/BuyuKosusuGit/BuyuKosusu/BuyuKosusu/Content/Stylized_PBR_Nature/Rocks/Materials/M_Rock_Master.uexp" 956
"W:/UnrealProject/BuyuKosusuGit/BuyuKosusu/BuyuKosusu/Content/Stylized_PBR_Nature/Rocks/Materials/MI_S_Rock_7-11.uasset" 957
"W:/UnrealProject/BuyuKosusuGit/BuyuKosusu/BuyuKosusu/Content/Stylized_PBR_Nature/Rocks/Materials/MI_S_Rock_7-11.uexp" 958
"W:/UnrealProject/BuyuKosusuGit/BuyuKosusu/BuyuKosusu/Content/Stylized_PBR_Nature/Rocks/Assets/SM_S_Rock_08.ubulk" 959
"W:/UnrealProject/BuyuKosusuGit/BuyuKosusu/BuyuKosusu/Content/Stylized_PBR_Nature/Rocks/Assets/SM_S_Rock_08.uasset" 960
"W:/UnrealProject/BuyuKosusuGit/BuyuKosusu/BuyuKosusu/Content/Stylized_PBR_Nature/Rocks/Assets/SM_S_Rock_08.uexp" 961
"../../../Engine/Content/EngineMaterials/BlendFunc_DefBlend.uasset" 962
"../../../Engine/Content/EngineMaterials/BlendFunc_DefBlend.uexp" 963
"../../../Engine/Content/EngineMaterials/BlendFunc_DefBase.uasset" 964
"../../../Engine/Content/EngineMaterials/BlendFunc_DefBase.uexp" 965
"../../../Engine/Content/Functions/Engine_MaterialFunctions03/Blends/Blend_Screen.uasset" 966
"../../../Engine/Content/Functions/Engine_MaterialFunctions03/Blends/Blend_Screen.uexp" 967
"../../../Engine/Plugins/Marketplace/BlockoutToolsPlugin/Content/Textures/T_Blockout_Grid.ubulk" 968
"../../../Engine/Plugins/Marketplace/BlockoutToolsPlugin/Content/Textures/T_Blockout_Grid.uasset" 969
"../../../Engine/Plugins/Marketplace/BlockoutToolsPlugin/Content/Textures/T_Blockout_Grid.uexp" 970
"../../../Engine/Content/EngineMaterials/DefaultWhiteGrid.ubulk" 971
"../../../Engine/Content/EngineMaterials/DefaultWhiteGrid.uasset" 972
"../../../Engine/Content/EngineMaterials/DefaultWhiteGrid.uexp" 973
"../../../Engine/Plugins/Marketplace/BlockoutToolsPlugin/Content/Materials/Functions/MF_Blockout_Grid.uasset" 974
"../../../Engine/Plugins/Marketplace/BlockoutToolsPlugin/Content/Materials/Functions/MF_Blockout_Grid.uexp" 975
"../../../Engine/Plugins/Marketplace/BlockoutToolsPlugin/Content/Materials/Functions/MF_Blockout_Triplanar_Grid.uasset" 976
"../../../Engine/Plugins/Marketplace/BlockoutToolsPlugin/Content/Materials/Functions/MF_Blockout_Triplanar_Grid.uexp" 977
"../../../Engine/Plugins/Marketplace/BlockoutToolsPlugin/Content/Materials/M_BlockoutTools_Grid.uasset" 978
"../../../Engine/Plugins/Marketplace/BlockoutToolsPlugin/Content/Materials/M_BlockoutTools_Grid.uexp" 979
"../../../Engine/Plugins/Marketplace/BlockoutToolsPlugin/Content/Materials/MI_BlockoutTools_Grid.uasset" 980
"../../../Engine/Plugins/Marketplace/BlockoutToolsPlugin/Content/Materials/MI_BlockoutTools_Grid.uexp" 981
"../../../Engine/Content/Functions/Engine_MaterialFunctions02/WorldPositionOffset/Wind.uasset" 982
"../../../Engine/Content/Functions/Engine_MaterialFunctions02/WorldPositionOffset/Wind.uexp" 983
"../../../Engine/Content/Functions/Engine_MaterialFunctions02/WorldPositionOffset/LocalPosition.uasset" 984
"../../../Engine/Content/Functions/Engine_MaterialFunctions02/WorldPositionOffset/LocalPosition.uexp" 985
"../../../Engine/Content/Functions/Engine_MaterialFunctions01/WorldPositionOffset/SimpleGrassWind.uasset" 986
"../../../Engine/Content/Functions/Engine_MaterialFunctions01/WorldPositionOffset/SimpleGrassWind.uexp" 987
"W:/UnrealProject/BuyuKosusuGit/BuyuKosusu/BuyuKosusu/Content/Low_Poly_Viking_World/Textures/T_Atlas_01_BC.ubulk" 988
"W:/UnrealProject/BuyuKosusuGit/BuyuKosusu/BuyuKosusu/Content/Low_Poly_Viking_World/Textures/T_Atlas_01_BC.uasset" 989
"W:/UnrealProject/BuyuKosusuGit/BuyuKosusu/BuyuKosusu/Content/Low_Poly_Viking_World/Textures/T_Atlas_01_BC.uexp" 990
"../../../Engine/Content/Functions/Engine_MaterialFunctions02/WorldPositionOffset/ObjectPivotPoint.uasset" 991
"../../../Engine/Content/Functions/Engine_MaterialFunctions02/WorldPositionOffset/ObjectPivotPoint.uexp" 992
"W:/UnrealProject/BuyuKosusuGit/BuyuKosusu/BuyuKosusu/Content/Low_Poly_Viking_World/Materials/Misc/M_Base_Wind.uasset" 993
"W:/UnrealProject/BuyuKosusuGit/BuyuKosusu/BuyuKosusu/Content/Low_Poly_Viking_World/Materials/Misc/M_Base_Wind.uexp" 994
"W:/UnrealProject/BuyuKosusuGit/BuyuKosusu/BuyuKosusu/Content/Low_Poly_Viking_World/Materials/Misc/Wind/MI_Atlas_01_Wind_01.uasset" 995
"W:/UnrealProject/BuyuKosusuGit/BuyuKosusu/BuyuKosusu/Content/Low_Poly_Viking_World/Materials/Misc/Wind/MI_Atlas_01_Wind_01.uexp" 996
"W:/UnrealProject/BuyuKosusuGit/BuyuKosusu/BuyuKosusu/Content/Low_Poly_Viking_World/Models/Props/SM_Tent_06_B.ubulk" 997
"W:/UnrealProject/BuyuKosusuGit/BuyuKosusu/BuyuKosusu/Content/Low_Poly_Viking_World/Models/Props/SM_Tent_06_B.uasset" 998
"W:/UnrealProject/BuyuKosusuGit/BuyuKosusu/BuyuKosusu/Content/Low_Poly_Viking_World/Models/Props/SM_Tent_06_B.uexp" 999
"W:/UnrealProject/BuyuKosusuGit/BuyuKosusu/BuyuKosusu/Content/LUSH_StylizedEnvironmentSet/Foliage/Flowers/Textures/T_Flowers_01_D.ubulk" 1000
"W:/UnrealProject/BuyuKosusuGit/BuyuKosusu/BuyuKosusu/Content/LUSH_StylizedEnvironmentSet/Foliage/Flowers/Textures/T_Flowers_01_D.uasset" 1001
"W:/UnrealProject/BuyuKosusuGit/BuyuKosusu/BuyuKosusu/Content/LUSH_StylizedEnvironmentSet/Foliage/Flowers/Textures/T_Flowers_01_D.uexp" 1002
"../../../Engine/Content/EngineMaterials/FlatNormal.uasset" 1003
"../../../Engine/Content/EngineMaterials/FlatNormal.uexp" 1004
"W:/UnrealProject/BuyuKosusuGit/BuyuKosusu/BuyuKosusu/Content/LUSH_StylizedEnvironmentSet/_SharedAssets/Textures/T_Default_D.ubulk" 1005
"W:/UnrealProject/BuyuKosusuGit/BuyuKosusu/BuyuKosusu/Content/LUSH_StylizedEnvironmentSet/_SharedAssets/Textures/T_Default_D.uasset" 1006
"W:/UnrealProject/BuyuKosusuGit/BuyuKosusu/BuyuKosusu/Content/LUSH_StylizedEnvironmentSet/_SharedAssets/Textures/T_Default_D.uexp" 1007
"../../../Engine/Content/Functions/Engine_MaterialFunctions02/HueShift.uasset" 1008
"../../../Engine/Content/Functions/Engine_MaterialFunctions02/HueShift.uexp" 1009
"W:/UnrealProject/BuyuKosusuGit/BuyuKosusu/BuyuKosusu/Content/LUSH_StylizedEnvironmentSet/_SharedAssets/Materials/MF_LeafGradient.uasset" 1010
"W:/UnrealProject/BuyuKosusuGit/BuyuKosusu/BuyuKosusu/Content/LUSH_StylizedEnvironmentSet/_SharedAssets/Materials/MF_LeafGradient.uexp" 1011
"W:/UnrealProject/BuyuKosusuGit/BuyuKosusu/BuyuKosusu/Content/LUSH_StylizedEnvironmentSet/_SharedAssets/T_Leaves_01.ubulk" 1012
"W:/UnrealProject/BuyuKosusuGit/BuyuKosusu/BuyuKosusu/Content/LUSH_StylizedEnvironmentSet/_SharedAssets/T_Leaves_01.uasset" 1013
"W:/UnrealProject/BuyuKosusuGit/BuyuKosusu/BuyuKosusu/Content/LUSH_StylizedEnvironmentSet/_SharedAssets/T_Leaves_01.uexp" 1014
"../../../Engine/Content/Functions/Engine_MaterialFunctions02/Utility/DitherTemporalAA.uasset" 1015
"../../../Engine/Content/Functions/Engine_MaterialFunctions02/Utility/DitherTemporalAA.uexp" 1016
"W:/UnrealProject/BuyuKosusuGit/BuyuKosusu/BuyuKosusu/Content/LUSH_StylizedEnvironmentSet/Foliage/Trees/Textures/T_BananaLeaf_02_RAOH.ubulk" 1017
"W:/UnrealProject/BuyuKosusuGit/BuyuKosusu/BuyuKosusu/Content/LUSH_StylizedEnvironmentSet/Foliage/Trees/Textures/T_BananaLeaf_02_RAOH.uasset" 1018
"W:/UnrealProject/BuyuKosusuGit/BuyuKosusu/BuyuKosusu/Content/LUSH_StylizedEnvironmentSet/Foliage/Trees/Textures/T_BananaLeaf_02_RAOH.uexp" 1019
"W:/UnrealProject/BuyuKosusuGit/BuyuKosusu/BuyuKosusu/Content/LUSH_StylizedEnvironmentSet/_SharedAssets/Textures/T_Default_N.ubulk" 1020
"W:/UnrealProject/BuyuKosusuGit/BuyuKosusu/BuyuKosusu/Content/LUSH_StylizedEnvironmentSet/_SharedAssets/Textures/T_Default_N.uasset" 1021
"W:/UnrealProject/BuyuKosusuGit/BuyuKosusu/BuyuKosusu/Content/LUSH_StylizedEnvironmentSet/_SharedAssets/Textures/T_Default_N.uexp" 1022
"W:/UnrealProject/BuyuKosusuGit/BuyuKosusu/BuyuKosusu/Content/LUSH_StylizedEnvironmentSet/_SharedAssets/Materials/M_Plants_Base.uasset" 1023
"W:/UnrealProject/BuyuKosusuGit/BuyuKosusu/BuyuKosusu/Content/LUSH_StylizedEnvironmentSet/_SharedAssets/Materials/M_Plants_Base.uexp" 1024
"W:/UnrealProject/BuyuKosusuGit/BuyuKosusu/BuyuKosusu/Content/LUSH_StylizedEnvironmentSet/Foliage/Flowers/Materials/MI_Flowers_01.uasset" 1025
"W:/UnrealProject/BuyuKosusuGit/BuyuKosusu/BuyuKosusu/Content/LUSH_StylizedEnvironmentSet/Foliage/Flowers/Materials/MI_Flowers_01.uexp" 1026
"W:/UnrealProject/BuyuKosusuGit/BuyuKosusu/BuyuKosusu/Content/LUSH_StylizedEnvironmentSet/Foliage/Flowers/SM_FlowerClump_C_02.uasset" 1027
"W:/UnrealProject/BuyuKosusuGit/BuyuKosusu/BuyuKosusu/Content/LUSH_StylizedEnvironmentSet/Foliage/Flowers/SM_FlowerClump_C_02.uexp" 1028
"../../../Engine/Plugins/Marketplace/BlockoutToolsPlugin/Content/Blueprints/Blockout_Box.uasset" 1029
"../../../Engine/Plugins/Marketplace/BlockoutToolsPlugin/Content/Blueprints/Blockout_Box.uexp" 1030
"W:/UnrealProject/BuyuKosusuGit/BuyuKosusu/BuyuKosusu/Content/VFX/Portal/WorldGridMaterial.uasset" 1031
"W:/UnrealProject/BuyuKosusuGit/BuyuKosusu/BuyuKosusu/Content/VFX/Portal/WorldGridMaterial.uexp" 1032
"W:/UnrealProject/BuyuKosusuGit/BuyuKosusu/BuyuKosusu/Content/VFX/Portal/SM_SphereMask.ubulk" 1033
"W:/UnrealProject/BuyuKosusuGit/BuyuKosusu/BuyuKosusu/Content/VFX/Portal/SM_SphereMask.uasset" 1034
"W:/UnrealProject/BuyuKosusuGit/BuyuKosusu/BuyuKosusu/Content/VFX/Portal/SM_SphereMask.uexp" 1035
"../../../Engine/Content/MapTemplates/TilingNoise05.ubulk" 1036
"../../../Engine/Content/MapTemplates/TilingNoise05.uasset" 1037
"../../../Engine/Content/MapTemplates/TilingNoise05.uexp" 1038
"W:/UnrealProject/BuyuKosusuGit/BuyuKosusu/BuyuKosusu/Content/VFX/Portal/nebula.uasset" 1039
"W:/UnrealProject/BuyuKosusuGit/BuyuKosusu/BuyuKosusu/Content/VFX/Portal/nebula.uexp" 1040
"../../../Engine/Content/Functions/Engine_MaterialFunctions01/ImageAdjustment/SCurve.uasset" 1041
"../../../Engine/Content/Functions/Engine_MaterialFunctions01/ImageAdjustment/SCurve.uexp" 1042
"../../../Engine/Content/Tutorial/SubEditors/TutorialAssets/T_soft_smoke.ubulk" 1043
"../../../Engine/Content/Tutorial/SubEditors/TutorialAssets/T_soft_smoke.uasset" 1044
"../../../Engine/Content/Tutorial/SubEditors/TutorialAssets/T_soft_smoke.uexp" 1045
"../../../Engine/Content/Functions/Engine_MaterialFunctions01/Texturing/TriplanarCameraVector.uasset" 1046
"../../../Engine/Content/Functions/Engine_MaterialFunctions01/Texturing/TriplanarCameraVector.uexp" 1047
"W:/UnrealProject/BuyuKosusuGit/BuyuKosusu/BuyuKosusu/Content/VFX/Portal/M_Portal.uasset" 1048
"W:/UnrealProject/BuyuKosusuGit/BuyuKosusu/BuyuKosusu/Content/VFX/Portal/M_Portal.uexp" 1049
"W:/UnrealProject/BuyuKosusuGit/BuyuKosusu/BuyuKosusu/Content/VFX/Portal/N_Empty.uasset" 1050
"W:/UnrealProject/BuyuKosusuGit/BuyuKosusu/BuyuKosusu/Content/VFX/Portal/N_Empty.uexp" 1051
"W:/UnrealProject/BuyuKosusuGit/BuyuKosusu/BuyuKosusu/Content/Blueprints/BPI_Saveable.uasset" 1052
"W:/UnrealProject/BuyuKosusuGit/BuyuKosusu/BuyuKosusu/Content/Blueprints/BPI_Saveable.uexp" 1053
"W:/UnrealProject/BuyuKosusuGit/BuyuKosusu/BuyuKosusu/Content/Blueprints/BP_SaveGame.uasset" 1054
"W:/UnrealProject/BuyuKosusuGit/BuyuKosusu/BuyuKosusu/Content/Blueprints/BP_SaveGame.uexp" 1055
"W:/UnrealProject/BuyuKosusuGit/BuyuKosusu/BuyuKosusu/Content/Blueprints/BPI_Persistence.uasset" 1056
"W:/UnrealProject/BuyuKosusuGit/BuyuKosusu/BuyuKosusu/Content/Blueprints/BPI_Persistence.uexp" 1057
"W:/UnrealProject/BuyuKosusuGit/BuyuKosusu/BuyuKosusu/Content/Blueprints/GI_Time.uasset" 1058
"W:/UnrealProject/BuyuKosusuGit/BuyuKosusu/BuyuKosusu/Content/Blueprints/GI_Time.uexp" 1059
"../../../Engine/Content/BasicShapes/Cube.ubulk" 1060
"../../../Engine/Content/BasicShapes/Cube.uasset" 1061
"../../../Engine/Content/BasicShapes/Cube.uexp" 1062
"../../../Engine/Content/BasicShapes/Sphere.ubulk" 1063
"../../../Engine/Content/BasicShapes/Sphere.uasset" 1064
"../../../Engine/Content/BasicShapes/Sphere.uexp" 1065
"../../../Engine/Content/MapTemplates/Materials/BasicAsset01.uasset" 1066
"../../../Engine/Content/MapTemplates/Materials/BasicAsset01.uexp" 1067
"W:/UnrealProject/BuyuKosusuGit/BuyuKosusu/BuyuKosusu/Content/Blueprints/BP_Projectile.uasset" 1068
"W:/UnrealProject/BuyuKosusuGit/BuyuKosusu/BuyuKosusu/Content/Blueprints/BP_Projectile.uexp" 1069
"W:/UnrealProject/BuyuKosusuGit/BuyuKosusu/BuyuKosusu/Content/VFX/Fire/T_Projectile.ubulk" 1070
"W:/UnrealProject/BuyuKosusuGit/BuyuKosusu/BuyuKosusu/Content/VFX/Fire/T_Projectile.uasset" 1071
"W:/UnrealProject/BuyuKosusuGit/BuyuKosusu/BuyuKosusu/Content/VFX/Fire/T_Projectile.uexp" 1072
"W:/UnrealProject/BuyuKosusuGit/BuyuKosusu/BuyuKosusu/Content/Materials/M_Fireballtest.uasset" 1073
"W:/UnrealProject/BuyuKosusuGit/BuyuKosusu/BuyuKosusu/Content/Materials/M_Fireballtest.uexp" 1074
"../../../Engine/Plugins/FX/Niagara/Content/VectorFields/Assets/TilingCurl32.uasset" 1075
"../../../Engine/Plugins/FX/Niagara/Content/VectorFields/Assets/TilingCurl32.uexp" 1076
"W:/UnrealProject/BuyuKosusuGit/BuyuKosusu/BuyuKosusu/Content/KTP_Effect/Textures/PublicTextures/T_Half_Light.ubulk" 1077
"W:/UnrealProject/BuyuKosusuGit/BuyuKosusu/BuyuKosusu/Content/KTP_Effect/Textures/PublicTextures/T_Half_Light.uasset" 1078
"W:/UnrealProject/BuyuKosusuGit/BuyuKosusu/BuyuKosusu/Content/KTP_Effect/Textures/PublicTextures/T_Half_Light.uexp" 1079
"W:/UnrealProject/BuyuKosusuGit/BuyuKosusu/BuyuKosusu/Content/KTP_Effect/Materials/PublicMaterials/M_FX_Glow_AS_fly08.uasset" 1080
"W:/UnrealProject/BuyuKosusuGit/BuyuKosusu/BuyuKosusu/Content/KTP_Effect/Materials/PublicMaterials/M_FX_Glow_AS_fly08.uexp" 1081
"W:/UnrealProject/BuyuKosusuGit/BuyuKosusu/BuyuKosusu/Content/KTP_Effect/Textures/PublicTextures/T_Glow.ubulk" 1082
"W:/UnrealProject/BuyuKosusuGit/BuyuKosusu/BuyuKosusu/Content/KTP_Effect/Textures/PublicTextures/T_Glow.uasset" 1083
"W:/UnrealProject/BuyuKosusuGit/BuyuKosusu/BuyuKosusu/Content/KTP_Effect/Textures/PublicTextures/T_Glow.uexp" 1084
"W:/UnrealProject/BuyuKosusuGit/BuyuKosusu/BuyuKosusu/Content/KTP_Effect/Materials/PublicMaterials/M_FX_Glow_fly07.uasset" 1085
"W:/UnrealProject/BuyuKosusuGit/BuyuKosusu/BuyuKosusu/Content/KTP_Effect/Materials/PublicMaterials/M_FX_Glow_fly07.uexp" 1086
"W:/UnrealProject/BuyuKosusuGit/BuyuKosusu/BuyuKosusu/Content/KTP_Effect/Textures/PublicTextures/T_Aura_01.ubulk" 1087
"W:/UnrealProject/BuyuKosusuGit/BuyuKosusu/BuyuKosusu/Content/KTP_Effect/Textures/PublicTextures/T_Aura_01.uasset" 1088
"W:/UnrealProject/BuyuKosusuGit/BuyuKosusu/BuyuKosusu/Content/KTP_Effect/Textures/PublicTextures/T_Aura_01.uexp" 1089
"../../../Engine/Content/Functions/Engine_MaterialFunctions01/ImageAdjustment/DeriveHDRfromLDR.uasset" 1090
"../../../Engine/Content/Functions/Engine_MaterialFunctions01/ImageAdjustment/DeriveHDRfromLDR.uexp" 1091
"W:/UnrealProject/BuyuKosusuGit/BuyuKosusu/BuyuKosusu/Content/KTP_Effect/Materials/PublicMaterials/M_FX_TRAIL011.uasset" 1092
"W:/UnrealProject/BuyuKosusuGit/BuyuKosusu/BuyuKosusu/Content/KTP_Effect/Materials/PublicMaterials/M_FX_TRAIL011.uexp" 1093
"W:/UnrealProject/BuyuKosusuGit/BuyuKosusu/BuyuKosusu/Content/KTP_Effect/Particles/Fly/Others/Trail_08_07.uasset" 1094
"W:/UnrealProject/BuyuKosusuGit/BuyuKosusu/BuyuKosusu/Content/KTP_Effect/Particles/Fly/Others/Trail_08_07.uexp" 1095
"W:/UnrealProject/BuyuKosusuGit/BuyuKosusu/BuyuKosusu/Content/VFX/Fire/fireb.ubulk" 1096
"W:/UnrealProject/BuyuKosusuGit/BuyuKosusu/BuyuKosusu/Content/VFX/Fire/fireb.uasset" 1097
"W:/UnrealProject/BuyuKosusuGit/BuyuKosusu/BuyuKosusu/Content/VFX/Fire/fireb.uexp" 1098
"W:/UnrealProject/BuyuKosusuGit/BuyuKosusu/BuyuKosusu/Content/Blueprints/BP_Fireball.uasset" 1099
"W:/UnrealProject/BuyuKosusuGit/BuyuKosusu/BuyuKosusu/Content/Blueprints/BP_Fireball.uexp" 1100
"W:/UnrealProject/BuyuKosusuGit/BuyuKosusu/BuyuKosusu/Content/Meshes/cannon__cannonball__bomb/blendermaterials/projectile3.uasset" 1101
"W:/UnrealProject/BuyuKosusuGit/BuyuKosusu/BuyuKosusu/Content/Meshes/cannon__cannonball__bomb/blendermaterials/projectile3.uexp" 1102
"W:/UnrealProject/BuyuKosusuGit/BuyuKosusu/BuyuKosusu/Content/Meshes/cannon__cannonball__bomb/blendermaterials/projectile2.uasset" 1103
"W:/UnrealProject/BuyuKosusuGit/BuyuKosusu/BuyuKosusu/Content/Meshes/cannon__cannonball__bomb/blendermaterials/projectile2.uexp" 1104
"W:/UnrealProject/BuyuKosusuGit/BuyuKosusu/BuyuKosusu/Content/Meshes/cannon__cannonball__bomb/blendermaterials/projectile.uasset" 1105
"W:/UnrealProject/BuyuKosusuGit/BuyuKosusu/BuyuKosusu/Content/Meshes/cannon__cannonball__bomb/blendermaterials/projectile.uexp" 1106
"W:/UnrealProject/BuyuKosusuGit/BuyuKosusu/BuyuKosusu/Content/Meshes/cannon__cannonball__bomb/cannonballprojectile.ubulk" 1107
"W:/UnrealProject/BuyuKosusuGit/BuyuKosusu/BuyuKosusu/Content/Meshes/cannon__cannonball__bomb/cannonballprojectile.uasset" 1108
"W:/UnrealProject/BuyuKosusuGit/BuyuKosusu/BuyuKosusu/Content/Meshes/cannon__cannonball__bomb/cannonballprojectile.uexp" 1109
"../../../Engine/Content/EngineMaterials/DefaultPhysicalMaterial.uasset" 1110
"../../../Engine/Content/EngineMaterials/DefaultPhysicalMaterial.uexp" 1111
"W:/UnrealProject/BuyuKosusuGit/BuyuKosusu/BuyuKosusu/Content/Stylized_PBR_Nature/Rocks/Assets/SM_S_Rock_10.ubulk" 1112
"W:/UnrealProject/BuyuKosusuGit/BuyuKosusu/BuyuKosusu/Content/Stylized_PBR_Nature/Rocks/Assets/SM_S_Rock_10.uasset" 1113
"W:/UnrealProject/BuyuKosusuGit/BuyuKosusu/BuyuKosusu/Content/Stylized_PBR_Nature/Rocks/Assets/SM_S_Rock_10.uexp" 1114
"../../../Engine/Content/Functions/Engine_MaterialFunctions02/ScreenResolution.uasset" 1115
"../../../Engine/Content/Functions/Engine_MaterialFunctions02/ScreenResolution.uexp" 1116
"../../../Engine/Content/EngineMaterials/Grid.ubulk" 1117
"../../../Engine/Content/EngineMaterials/Grid.uasset" 1118
"../../../Engine/Content/EngineMaterials/Grid.uexp" 1119
"../../../Engine/Content/Functions/Engine_MaterialFunctions01/Texturing/WorldAlignedTexture.uasset" 1120
"../../../Engine/Content/Functions/Engine_MaterialFunctions01/Texturing/WorldAlignedTexture.uexp" 1121
"../../../Engine/Content/EditorMaterials/GeometryCollection/SelectedGeometryMaterial.uasset" 1122
"../../../Engine/Content/EditorMaterials/GeometryCollection/SelectedGeometryMaterial.uexp" 1123
"W:/UnrealProject/BuyuKosusuGit/BuyuKosusu/BuyuKosusu/Content/GC_SM_S_Rock_58.ubulk" 1124
"W:/UnrealProject/BuyuKosusuGit/BuyuKosusu/BuyuKosusu/Content/GC_SM_S_Rock_58.uasset" 1125
"W:/UnrealProject/BuyuKosusuGit/BuyuKosusu/BuyuKosusu/Content/GC_SM_S_Rock_58.uexp" 1126
"../../../Engine/Plugins/FX/Niagara/Content/DefaultAssets/DefaultSpriteMaterial.uasset" 1127
"../../../Engine/Plugins/FX/Niagara/Content/DefaultAssets/DefaultSpriteMaterial.uexp" 1128
"W:/UnrealProject/BuyuKosusuGit/BuyuKosusu/BuyuKosusu/Content/MegaMagicVFXBundle/VFX/MagicalExplosionsVFX/Essentials/Materials/M_MasterSpriteMat.uasset" 1129
"W:/UnrealProject/BuyuKosusuGit/BuyuKosusu/BuyuKosusu/Content/MegaMagicVFXBundle/VFX/MagicalExplosionsVFX/Essentials/Materials/M_MasterSpriteMat.uexp" 1130
"W:/UnrealProject/BuyuKosusuGit/BuyuKosusu/BuyuKosusu/Content/MegaMagicVFXBundle/VFX/MagicAuraVFX/Essentials/Textures/T_Greyscale.ubulk" 1131
"W:/UnrealProject/BuyuKosusuGit/BuyuKosusu/BuyuKosusu/Content/MegaMagicVFXBundle/VFX/MagicAuraVFX/Essentials/Textures/T_Greyscale.uasset" 1132
"W:/UnrealProject/BuyuKosusuGit/BuyuKosusu/BuyuKosusu/Content/MegaMagicVFXBundle/VFX/MagicAuraVFX/Essentials/Textures/T_Greyscale.uexp" 1133
"W:/UnrealProject/BuyuKosusuGit/BuyuKosusu/BuyuKosusu/Content/MegaMagicVFXBundle/VFX/MagicAuraVFX/VFX/Meteor/Materials/MI_MeteorSparkles.uasset" 1134
"W:/UnrealProject/BuyuKosusuGit/BuyuKosusu/BuyuKosusu/Content/MegaMagicVFXBundle/VFX/MagicAuraVFX/VFX/Meteor/Materials/MI_MeteorSparkles.uexp" 1135
"W:/UnrealProject/BuyuKosusuGit/BuyuKosusu/BuyuKosusu/Content/VFX/Portal/N_Metin2.uasset" 1136
"W:/UnrealProject/BuyuKosusuGit/BuyuKosusu/BuyuKosusu/Content/VFX/Portal/N_Metin2.uexp" 1137
"W:/UnrealProject/BuyuKosusuGit/BuyuKosusu/BuyuKosusu/Content/Blueprints/BP_Wall.uasset" 1138
"W:/UnrealProject/BuyuKosusuGit/BuyuKosusu/BuyuKosusu/Content/Blueprints/BP_Wall.uexp" 1139
"W:/UnrealProject/BuyuKosusuGit/BuyuKosusu/BuyuKosusu/Content/Meshes/cannon__cannonball__bomb/newcannonmaterails/CannonInsideYellow.uasset" 1140
"W:/UnrealProject/BuyuKosusuGit/BuyuKosusu/BuyuKosusu/Content/Meshes/cannon__cannonball__bomb/newcannonmaterails/CannonInsideYellow.uexp" 1141
"W:/UnrealProject/BuyuKosusuGit/BuyuKosusu/BuyuKosusu/Content/M_Bun2.uasset" 1142
"W:/UnrealProject/BuyuKosusuGit/BuyuKosusu/BuyuKosusu/Content/M_Bun2.uexp" 1143
"W:/UnrealProject/BuyuKosusuGit/BuyuKosusu/BuyuKosusu/Content/Blueprints/BP_Projectile_Deflect.uasset" 1144
"W:/UnrealProject/BuyuKosusuGit/BuyuKosusu/BuyuKosusu/Content/Blueprints/BP_Projectile_Deflect.uexp" 1145
"W:/UnrealProject/BuyuKosusuGit/BuyuKosusu/BuyuKosusu/Content/LevelPrototyping/Textures/T_GridChecker_A.ubulk" 1146
"W:/UnrealProject/BuyuKosusuGit/BuyuKosusu/BuyuKosusu/Content/LevelPrototyping/Textures/T_GridChecker_A.uasset" 1147
"W:/UnrealProject/BuyuKosusuGit/BuyuKosusu/BuyuKosusu/Content/LevelPrototyping/Textures/T_GridChecker_A.uexp" 1148
"W:/UnrealProject/BuyuKosusuGit/BuyuKosusu/BuyuKosusu/Content/LevelPrototyping/Materials/MF_ProcGrid.uasset" 1149
"W:/UnrealProject/BuyuKosusuGit/BuyuKosusu/BuyuKosusu/Content/LevelPrototyping/Materials/MF_ProcGrid.uexp" 1150
"W:/UnrealProject/BuyuKosusuGit/BuyuKosusu/BuyuKosusu/Content/M_PrototypeGrid.uasset" 1151
"W:/UnrealProject/BuyuKosusuGit/BuyuKosusu/BuyuKosusu/Content/M_PrototypeGrid.uexp" 1152
"W:/UnrealProject/BuyuKosusuGit/BuyuKosusu/BuyuKosusu/Content/LevelPrototyping/Materials/MI_PrototypeGrid_Gray.uasset" 1153
"W:/UnrealProject/BuyuKosusuGit/BuyuKosusu/BuyuKosusu/Content/LevelPrototyping/Materials/MI_PrototypeGrid_Gray.uexp" 1154
"W:/UnrealProject/BuyuKosusuGit/BuyuKosusu/BuyuKosusu/Content/LevelPrototyping/Meshes/SM_Cylinder.ubulk" 1155
"W:/UnrealProject/BuyuKosusuGit/BuyuKosusu/BuyuKosusu/Content/LevelPrototyping/Meshes/SM_Cylinder.uasset" 1156
"W:/UnrealProject/BuyuKosusuGit/BuyuKosusu/BuyuKosusu/Content/LevelPrototyping/Meshes/SM_Cylinder.uexp" 1157
"W:/UnrealProject/BuyuKosusuGit/BuyuKosusu/BuyuKosusu/Content/Meshes/cannon__cannonball__bomb/newcannonmaterails/cannonwood_002.uasset" 1158
"W:/UnrealProject/BuyuKosusuGit/BuyuKosusu/BuyuKosusu/Content/Meshes/cannon__cannonball__bomb/newcannonmaterails/cannonwood_002.uexp" 1159
"W:/UnrealProject/BuyuKosusuGit/BuyuKosusu/BuyuKosusu/Content/Meshes/cannon__cannonball__bomb/newcannonmaterails/cannonholder_001.uasset" 1160
"W:/UnrealProject/BuyuKosusuGit/BuyuKosusu/BuyuKosusu/Content/Meshes/cannon__cannonball__bomb/newcannonmaterails/cannonholder_001.uexp" 1161
"W:/UnrealProject/BuyuKosusuGit/BuyuKosusu/BuyuKosusu/Content/Meshes/cannon__cannonball__bomb/newcannonmaterails/cannonwood_001.uasset" 1162
"W:/UnrealProject/BuyuKosusuGit/BuyuKosusu/BuyuKosusu/Content/Meshes/cannon__cannonball__bomb/newcannonmaterails/cannonwood_001.uexp" 1163
"W:/UnrealProject/BuyuKosusuGit/BuyuKosusu/BuyuKosusu/Content/Meshes/cannon__cannonball__bomb/newcannonmaterails/cannonholder.uasset" 1164
"W:/UnrealProject/BuyuKosusuGit/BuyuKosusu/BuyuKosusu/Content/Meshes/cannon__cannonball__bomb/newcannonmaterails/cannonholder.uexp" 1165
"W:/UnrealProject/BuyuKosusuGit/BuyuKosusu/BuyuKosusu/Content/Meshes/cannon__cannonball__bomb/newcannonmaterails/cannonwheels.uasset" 1166
"W:/UnrealProject/BuyuKosusuGit/BuyuKosusu/BuyuKosusu/Content/Meshes/cannon__cannonball__bomb/newcannonmaterails/cannonwheels.uexp" 1167
"W:/UnrealProject/BuyuKosusuGit/BuyuKosusu/BuyuKosusu/Content/Meshes/cannon__cannonball__bomb/newcannonbottompart.ubulk" 1168
"W:/UnrealProject/BuyuKosusuGit/BuyuKosusu/BuyuKosusu/Content/Meshes/cannon__cannonball__bomb/newcannonbottompart.uasset" 1169
"W:/UnrealProject/BuyuKosusuGit/BuyuKosusu/BuyuKosusu/Content/Meshes/cannon__cannonball__bomb/newcannonbottompart.uexp" 1170
"W:/UnrealProject/BuyuKosusuGit/BuyuKosusu/BuyuKosusu/Content/Blueprints/Enemies/Turret/BTTask_Turret_Rotate.uasset" 1171
"W:/UnrealProject/BuyuKosusuGit/BuyuKosusu/BuyuKosusu/Content/Blueprints/Enemies/Turret/BTTask_Turret_Rotate.uexp" 1172
"W:/UnrealProject/BuyuKosusuGit/BuyuKosusu/BuyuKosusu/Content/Blueprints/Enemies/Turret/BB_Turret.uasset" 1173
"W:/UnrealProject/BuyuKosusuGit/BuyuKosusu/BuyuKosusu/Content/Blueprints/Enemies/Turret/BB_Turret.uexp" 1174
"W:/UnrealProject/BuyuKosusuGit/BuyuKosusu/BuyuKosusu/Content/Blueprints/Enemies/Turret/BTTask_Turret_Attack.uasset" 1175
"W:/UnrealProject/BuyuKosusuGit/BuyuKosusu/BuyuKosusu/Content/Blueprints/Enemies/Turret/BTTask_Turret_Attack.uexp" 1176
"W:/UnrealProject/BuyuKosusuGit/BuyuKosusu/BuyuKosusu/Content/Blueprints/Enemies/Turret/BT_Turret.uasset" 1177
"W:/UnrealProject/BuyuKosusuGit/BuyuKosusu/BuyuKosusu/Content/Blueprints/Enemies/Turret/BT_Turret.uexp" 1178
"W:/UnrealProject/BuyuKosusuGit/BuyuKosusu/BuyuKosusu/Content/Blueprints/Enemies/Turret/AIC_Turret.uasset" 1179
"W:/UnrealProject/BuyuKosusuGit/BuyuKosusu/BuyuKosusu/Content/Blueprints/Enemies/Turret/AIC_Turret.uexp" 1180
"W:/UnrealProject/BuyuKosusuGit/BuyuKosusu/BuyuKosusu/Content/VFX/pOOF/T_Smoke.ubulk" 1181
"W:/UnrealProject/BuyuKosusuGit/BuyuKosusu/BuyuKosusu/Content/VFX/pOOF/T_Smoke.uasset" 1182
"W:/UnrealProject/BuyuKosusuGit/BuyuKosusu/BuyuKosusu/Content/VFX/pOOF/T_Smoke.uexp" 1183
"W:/UnrealProject/BuyuKosusuGit/BuyuKosusu/BuyuKosusu/Content/VFX/pOOF/M_Poof.uasset" 1184
"W:/UnrealProject/BuyuKosusuGit/BuyuKosusu/BuyuKosusu/Content/VFX/pOOF/M_Poof.uexp" 1185
"W:/UnrealProject/BuyuKosusuGit/BuyuKosusu/BuyuKosusu/Content/VFX/pOOF/N_Poof.uasset" 1186
"W:/UnrealProject/BuyuKosusuGit/BuyuKosusu/BuyuKosusu/Content/VFX/pOOF/N_Poof.uexp" 1187
"../../../Engine/Content/BasicShapes/Plane.ubulk" 1188
"../../../Engine/Content/BasicShapes/Plane.uasset" 1189
"../../../Engine/Content/BasicShapes/Plane.uexp" 1190
"W:/UnrealProject/BuyuKosusuGit/BuyuKosusu/BuyuKosusu/Content/Materials/74d084a895a80984dc478aa817af9e2a.ubulk" 1191
"W:/UnrealProject/BuyuKosusuGit/BuyuKosusu/BuyuKosusu/Content/Materials/74d084a895a80984dc478aa817af9e2a.uasset" 1192
"W:/UnrealProject/BuyuKosusuGit/BuyuKosusu/BuyuKosusu/Content/Materials/74d084a895a80984dc478aa817af9e2a.uexp" 1193
"W:/UnrealProject/BuyuKosusuGit/BuyuKosusu/BuyuKosusu/Content/Materials/M_Shading.uasset" 1194
"W:/UnrealProject/BuyuKosusuGit/BuyuKosusu/BuyuKosusu/Content/Materials/M_Shading.uexp" 1195
"W:/UnrealProject/BuyuKosusuGit/BuyuKosusu/BuyuKosusu/Content/Blueprints/BP_Projectile_Child.uasset" 1196
"W:/UnrealProject/BuyuKosusuGit/BuyuKosusu/BuyuKosusu/Content/Blueprints/BP_Projectile_Child.uexp" 1197
"W:/UnrealProject/BuyuKosusuGit/BuyuKosusu/BuyuKosusu/Content/Meshes/cannon__cannonball__bomb/cannonrope_001.uasset" 1198
"W:/UnrealProject/BuyuKosusuGit/BuyuKosusu/BuyuKosusu/Content/Meshes/cannon__cannonball__bomb/cannonrope_001.uexp" 1199
"W:/UnrealProject/BuyuKosusuGit/BuyuKosusu/BuyuKosusu/Content/Meshes/cannon__cannonball__bomb/CannonInsideYellow.uasset" 1200
"W:/UnrealProject/BuyuKosusuGit/BuyuKosusu/BuyuKosusu/Content/Meshes/cannon__cannonball__bomb/CannonInsideYellow.uexp" 1201
"W:/UnrealProject/BuyuKosusuGit/BuyuKosusu/BuyuKosusu/Content/Meshes/cannon__cannonball__bomb/cannonround.uasset" 1202
"W:/UnrealProject/BuyuKosusuGit/BuyuKosusu/BuyuKosusu/Content/Meshes/cannon__cannonball__bomb/cannonround.uexp" 1203
"W:/UnrealProject/BuyuKosusuGit/BuyuKosusu/BuyuKosusu/Content/Meshes/cannon__cannonball__bomb/cannonround_001.uasset" 1204
"W:/UnrealProject/BuyuKosusuGit/BuyuKosusu/BuyuKosusu/Content/Meshes/cannon__cannonball__bomb/cannonround_001.uexp" 1205
"W:/UnrealProject/BuyuKosusuGit/BuyuKosusu/BuyuKosusu/Content/Meshes/cannon__cannonball__bomb/cannontoppartfixed.ubulk" 1206
"W:/UnrealProject/BuyuKosusuGit/BuyuKosusu/BuyuKosusu/Content/Meshes/cannon__cannonball__bomb/cannontoppartfixed.uasset" 1207
"W:/UnrealProject/BuyuKosusuGit/BuyuKosusu/BuyuKosusu/Content/Meshes/cannon__cannonball__bomb/cannontoppartfixed.uexp" 1208
"W:/UnrealProject/BuyuKosusuGit/BuyuKosusu/BuyuKosusu/Content/BPI_MarkEnemy.uasset" 1209
"W:/UnrealProject/BuyuKosusuGit/BuyuKosusu/BuyuKosusu/Content/BPI_MarkEnemy.uexp" 1210
"W:/UnrealProject/BuyuKosusuGit/BuyuKosusu/BuyuKosusu/Content/Blueprints/Enemies/BP_EnemyTurret.uasset" 1211
"W:/UnrealProject/BuyuKosusuGit/BuyuKosusu/BuyuKosusu/Content/Blueprints/Enemies/BP_EnemyTurret.uexp" 1212
"W:/UnrealProject/BuyuKosusuGit/BuyuKosusu/BuyuKosusu/Content/KTP_Effect/Particles/Fly/Others/Trail_01_01.uasset" 1213
"W:/UnrealProject/BuyuKosusuGit/BuyuKosusu/BuyuKosusu/Content/KTP_Effect/Particles/Fly/Others/Trail_01_01.uexp" 1214
"W:/UnrealProject/BuyuKosusuGit/BuyuKosusu/BuyuKosusu/Content/Blueprints/BP_Projectile_WaterDeflect.uasset" 1215
"W:/UnrealProject/BuyuKosusuGit/BuyuKosusu/BuyuKosusu/Content/Blueprints/BP_Projectile_WaterDeflect.uexp" 1216
"W:/UnrealProject/BuyuKosusuGit/BuyuKosusu/BuyuKosusu/Content/Meshes/wands/materials/Material_007.uasset" 1217
"W:/UnrealProject/BuyuKosusuGit/BuyuKosusu/BuyuKosusu/Content/Meshes/wands/materials/Material_007.uexp" 1218
"W:/UnrealProject/BuyuKosusuGit/BuyuKosusu/BuyuKosusu/Content/Meshes/wands/materials/Material_004.uasset" 1219
"W:/UnrealProject/BuyuKosusuGit/BuyuKosusu/BuyuKosusu/Content/Meshes/wands/materials/Material_004.uexp" 1220
"W:/UnrealProject/BuyuKosusuGit/BuyuKosusu/BuyuKosusu/Content/Meshes/wands/materials/Material_008.uasset" 1221
"W:/UnrealProject/BuyuKosusuGit/BuyuKosusu/BuyuKosusu/Content/Meshes/wands/materials/Material_008.uexp" 1222
"W:/UnrealProject/BuyuKosusuGit/BuyuKosusu/BuyuKosusu/Content/Meshes/wands/dashwand.ubulk" 1223
"W:/UnrealProject/BuyuKosusuGit/BuyuKosusu/BuyuKosusu/Content/Meshes/wands/dashwand.uasset" 1224
"W:/UnrealProject/BuyuKosusuGit/BuyuKosusu/BuyuKosusu/Content/Meshes/wands/dashwand.uexp" 1225
"W:/UnrealProject/BuyuKosusuGit/BuyuKosusu/BuyuKosusu/Content/Camera/Sprint.uasset" 1226
"W:/UnrealProject/BuyuKosusuGit/BuyuKosusu/BuyuKosusu/Content/Camera/Sprint.uexp" 1227
"W:/UnrealProject/BuyuKosusuGit/BuyuKosusu/BuyuKosusu/Content/Blueprints/BP_Magnet.uasset" 1228
"W:/UnrealProject/BuyuKosusuGit/BuyuKosusu/BuyuKosusu/Content/Blueprints/BP_Magnet.uexp" 1229
"W:/UnrealProject/BuyuKosusuGit/BuyuKosusu/BuyuKosusu/Content/Meshes/blendermaterials/Material_004.uasset" 1230
"W:/UnrealProject/BuyuKosusuGit/BuyuKosusu/BuyuKosusu/Content/Meshes/blendermaterials/Material_004.uexp" 1231
"W:/UnrealProject/BuyuKosusuGit/BuyuKosusu/BuyuKosusu/Content/Meshes/cannon__cannonball__bomb/blendermaterials/flag.uasset" 1232
"W:/UnrealProject/BuyuKosusuGit/BuyuKosusu/BuyuKosusu/Content/Meshes/cannon__cannonball__bomb/blendermaterials/flag.uexp" 1233
"W:/UnrealProject/BuyuKosusuGit/BuyuKosusu/BuyuKosusu/Content/Meshes/cannon__cannonball__bomb/blendermaterials/Flagpost.uasset" 1234
"W:/UnrealProject/BuyuKosusuGit/BuyuKosusu/BuyuKosusu/Content/Meshes/cannon__cannonball__bomb/blendermaterials/Flagpost.uexp" 1235
"W:/UnrealProject/BuyuKosusuGit/BuyuKosusu/BuyuKosusu/Content/Meshes/simpleflag.ubulk" 1236
"W:/UnrealProject/BuyuKosusuGit/BuyuKosusu/BuyuKosusu/Content/Meshes/simpleflag.uasset" 1237
"W:/UnrealProject/BuyuKosusuGit/BuyuKosusu/BuyuKosusu/Content/Meshes/simpleflag.uexp" 1238
"W:/UnrealProject/BuyuKosusuGit/BuyuKosusu/BuyuKosusu/Content/Blueprints/BP_Flag.uasset" 1239
"W:/UnrealProject/BuyuKosusuGit/BuyuKosusu/BuyuKosusu/Content/Blueprints/BP_Flag.uexp" 1240
"W:/UnrealProject/BuyuKosusuGit/BuyuKosusu/BuyuKosusu/Content/Meshes/wands/materials/asacheckpointgold.uasset" 1241
"W:/UnrealProject/BuyuKosusuGit/BuyuKosusu/BuyuKosusu/Content/Meshes/wands/materials/asacheckpointgold.uexp" 1242
"W:/UnrealProject/BuyuKosusuGit/BuyuKosusu/BuyuKosusu/Content/Meshes/wands/materials/ASAchechkpointcrystal.uasset" 1243
"W:/UnrealProject/BuyuKosusuGit/BuyuKosusu/BuyuKosusu/Content/Meshes/wands/materials/ASAchechkpointcrystal.uexp" 1244
"W:/UnrealProject/BuyuKosusuGit/BuyuKosusu/BuyuKosusu/Content/Meshes/wands/materials/ASAchechkpointuc.uasset" 1245
"W:/UnrealProject/BuyuKosusuGit/BuyuKosusu/BuyuKosusu/Content/Meshes/wands/materials/ASAchechkpointuc.uexp" 1246
"W:/UnrealProject/BuyuKosusuGit/BuyuKosusu/BuyuKosusu/Content/Meshes/wands/materials/asabase_004.uasset" 1247
"W:/UnrealProject/BuyuKosusuGit/BuyuKosusu/BuyuKosusu/Content/Meshes/wands/materials/asabase_004.uexp" 1248
"W:/UnrealProject/BuyuKosusuGit/BuyuKosusu/BuyuKosusu/Content/Meshes/wands/checkpointwand.ubulk" 1249
"W:/UnrealProject/BuyuKosusuGit/BuyuKosusu/BuyuKosusu/Content/Meshes/wands/checkpointwand.uasset" 1250
"W:/UnrealProject/BuyuKosusuGit/BuyuKosusu/BuyuKosusu/Content/Meshes/wands/checkpointwand.uexp" 1251
"W:/UnrealProject/BuyuKosusuGit/BuyuKosusu/BuyuKosusu/Content/Meshes/wands/materials/magnetasaucugold.uasset" 1252
"W:/UnrealProject/BuyuKosusuGit/BuyuKosusu/BuyuKosusu/Content/Meshes/wands/materials/magnetasaucugold.uexp" 1253
"W:/UnrealProject/BuyuKosusuGit/BuyuKosusu/BuyuKosusu/Content/Meshes/wands/materials/MAGNETcrystal.uasset" 1254
"W:/UnrealProject/BuyuKosusuGit/BuyuKosusu/BuyuKosusu/Content/Meshes/wands/materials/MAGNETcrystal.uexp" 1255
"W:/UnrealProject/BuyuKosusuGit/BuyuKosusu/BuyuKosusu/Content/Meshes/wands/materials/asabase_003.uasset" 1256
"W:/UnrealProject/BuyuKosusuGit/BuyuKosusu/BuyuKosusu/Content/Meshes/wands/materials/asabase_003.uexp" 1257
"W:/UnrealProject/BuyuKosusuGit/BuyuKosusu/BuyuKosusu/Content/Meshes/wands/materials/MAGNET.uasset" 1258
"W:/UnrealProject/BuyuKosusuGit/BuyuKosusu/BuyuKosusu/Content/Meshes/wands/materials/MAGNET.uexp" 1259
"W:/UnrealProject/BuyuKosusuGit/BuyuKosusu/BuyuKosusu/Content/Meshes/wands/materials/magnet2ndcolor.uasset" 1260
"W:/UnrealProject/BuyuKosusuGit/BuyuKosusu/BuyuKosusu/Content/Meshes/wands/materials/magnet2ndcolor.uexp" 1261
"W:/UnrealProject/BuyuKosusuGit/BuyuKosusu/BuyuKosusu/Content/Meshes/wands/magnetwand.ubulk" 1262
"W:/UnrealProject/BuyuKosusuGit/BuyuKosusu/BuyuKosusu/Content/Meshes/wands/magnetwand.uasset" 1263
"W:/UnrealProject/BuyuKosusuGit/BuyuKosusu/BuyuKosusu/Content/Meshes/wands/magnetwand.uexp" 1264
"../../../Engine/Plugins/Bridge/Content/MSPresets/M_MS_Surface_Material_VT/Functions/MF_Tiling.uasset" 1265
"../../../Engine/Plugins/Bridge/Content/MSPresets/M_MS_Surface_Material_VT/Functions/MF_Tiling.uexp" 1266
"W:/UnrealProject/BuyuKosusuGit/BuyuKosusu/BuyuKosusu/Content/LevelDesignKit/Material/Texture/T_Grid.ubulk" 1267
"W:/UnrealProject/BuyuKosusuGit/BuyuKosusu/BuyuKosusu/Content/LevelDesignKit/Material/Texture/T_Grid.uasset" 1268
"W:/UnrealProject/BuyuKosusuGit/BuyuKosusu/BuyuKosusu/Content/LevelDesignKit/Material/Texture/T_Grid.uexp" 1269
"W:/UnrealProject/BuyuKosusuGit/BuyuKosusu/BuyuKosusu/Content/LevelDesignKit/Material/Master/M_Grid_WorldPosition.uasset" 1270
"W:/UnrealProject/BuyuKosusuGit/BuyuKosusu/BuyuKosusu/Content/LevelDesignKit/Material/Master/M_Grid_WorldPosition.uexp" 1271
"W:/UnrealProject/BuyuKosusuGit/BuyuKosusu/BuyuKosusu/Content/LevelDesignKit/Material/MI_Grid.uasset" 1272
"W:/UnrealProject/BuyuKosusuGit/BuyuKosusu/BuyuKosusu/Content/LevelDesignKit/Material/MI_Grid.uexp" 1273
"W:/UnrealProject/BuyuKosusuGit/BuyuKosusu/BuyuKosusu/Content/LevelDesignKit/Meshes/Organic/SM_OrganicFloor3m.ubulk" 1274
"W:/UnrealProject/BuyuKosusuGit/BuyuKosusu/BuyuKosusu/Content/LevelDesignKit/Meshes/Organic/SM_OrganicFloor3m.uasset" 1275
"W:/UnrealProject/BuyuKosusuGit/BuyuKosusu/BuyuKosusu/Content/LevelDesignKit/Meshes/Organic/SM_OrganicFloor3m.uexp" 1276
"W:/UnrealProject/BuyuKosusuGit/BuyuKosusu/BuyuKosusu/Content/LandscapeMaterial/Metal/metal_01_roughness_1k.ubulk" 1277
"W:/UnrealProject/BuyuKosusuGit/BuyuKosusu/BuyuKosusu/Content/LandscapeMaterial/Metal/metal_01_roughness_1k.uasset" 1278
"W:/UnrealProject/BuyuKosusuGit/BuyuKosusu/BuyuKosusu/Content/LandscapeMaterial/Metal/metal_01_roughness_1k.uexp" 1279
"W:/UnrealProject/BuyuKosusuGit/BuyuKosusu/BuyuKosusu/Content/LandscapeMaterial/Metal/metal_01_ambient_occlusion_1k.ubulk" 1280
"W:/UnrealProject/BuyuKosusuGit/BuyuKosusu/BuyuKosusu/Content/LandscapeMaterial/Metal/metal_01_ambient_occlusion_1k.uasset" 1281
"W:/UnrealProject/BuyuKosusuGit/BuyuKosusu/BuyuKosusu/Content/LandscapeMaterial/Metal/metal_01_ambient_occlusion_1k.uexp" 1282
"W:/UnrealProject/BuyuKosusuGit/BuyuKosusu/BuyuKosusu/Content/LandscapeMaterial/Metal/metal_01_normal_dx_1k.ubulk" 1283
"W:/UnrealProject/BuyuKosusuGit/BuyuKosusu/BuyuKosusu/Content/LandscapeMaterial/Metal/metal_01_normal_dx_1k.uasset" 1284
"W:/UnrealProject/BuyuKosusuGit/BuyuKosusu/BuyuKosusu/Content/LandscapeMaterial/Metal/metal_01_normal_dx_1k.uexp" 1285
"W:/UnrealProject/BuyuKosusuGit/BuyuKosusu/BuyuKosusu/Content/LandscapeMaterial/Metal/metal_01_color_1k.ubulk" 1286
"W:/UnrealProject/BuyuKosusuGit/BuyuKosusu/BuyuKosusu/Content/LandscapeMaterial/Metal/metal_01_color_1k.uasset" 1287
"W:/UnrealProject/BuyuKosusuGit/BuyuKosusu/BuyuKosusu/Content/LandscapeMaterial/Metal/metal_01_color_1k.uexp" 1288
"W:/UnrealProject/BuyuKosusuGit/BuyuKosusu/BuyuKosusu/Content/LandscapeMaterial/Metal/Metal_M.uasset" 1289
"W:/UnrealProject/BuyuKosusuGit/BuyuKosusu/BuyuKosusu/Content/LandscapeMaterial/Metal/Metal_M.uexp" 1290
"W:/UnrealProject/BuyuKosusuGit/BuyuKosusu/BuyuKosusu/Content/Blueprints/BP_GrabActor.uasset" 1291
"W:/UnrealProject/BuyuKosusuGit/BuyuKosusu/BuyuKosusu/Content/Blueprints/BP_GrabActor.uexp" 1292
"W:/UnrealProject/BuyuKosusuGit/BuyuKosusu/BuyuKosusu/Content/Meshes/halkatatlisi1.uasset" 1293
"W:/UnrealProject/BuyuKosusuGit/BuyuKosusu/BuyuKosusu/Content/Meshes/halkatatlisi1.uexp" 1294
"W:/UnrealProject/BuyuKosusuGit/BuyuKosusu/BuyuKosusu/Content/Meshes/CheckpointRing.ubulk" 1295
"W:/UnrealProject/BuyuKosusuGit/BuyuKosusu/BuyuKosusu/Content/Meshes/CheckpointRing.uasset" 1296
"W:/UnrealProject/BuyuKosusuGit/BuyuKosusu/BuyuKosusu/Content/Meshes/CheckpointRing.uexp" 1297
"W:/UnrealProject/BuyuKosusuGit/BuyuKosusu/BuyuKosusu/Content/Meshes/wands/materials/fireinnerasa.uasset" 1298
"W:/UnrealProject/BuyuKosusuGit/BuyuKosusu/BuyuKosusu/Content/Meshes/wands/materials/fireinnerasa.uexp" 1299
"W:/UnrealProject/BuyuKosusuGit/BuyuKosusu/BuyuKosusu/Content/Meshes/wands/materials/firecrystalasa.uasset" 1300
"W:/UnrealProject/BuyuKosusuGit/BuyuKosusu/BuyuKosusu/Content/Meshes/wands/materials/firecrystalasa.uexp" 1301
"W:/UnrealProject/BuyuKosusuGit/BuyuKosusu/BuyuKosusu/Content/Meshes/wands/materials/fireasaucu.uasset" 1302
"W:/UnrealProject/BuyuKosusuGit/BuyuKosusu/BuyuKosusu/Content/Meshes/wands/materials/fireasaucu.uexp" 1303
"W:/UnrealProject/BuyuKosusuGit/BuyuKosusu/BuyuKosusu/Content/Meshes/wands/materials/fireasa.uasset" 1304
"W:/UnrealProject/BuyuKosusuGit/BuyuKosusu/BuyuKosusu/Content/Meshes/wands/materials/fireasa.uexp" 1305
"W:/UnrealProject/BuyuKosusuGit/BuyuKosusu/BuyuKosusu/Content/Meshes/wands/materials/asabase_001.uasset" 1306
"W:/UnrealProject/BuyuKosusuGit/BuyuKosusu/BuyuKosusu/Content/Meshes/wands/materials/asabase_001.uexp" 1307
"W:/UnrealProject/BuyuKosusuGit/BuyuKosusu/BuyuKosusu/Content/Meshes/wands/firewand.ubulk" 1308
"W:/UnrealProject/BuyuKosusuGit/BuyuKosusu/BuyuKosusu/Content/Meshes/wands/firewand.uasset" 1309
"W:/UnrealProject/BuyuKosusuGit/BuyuKosusu/BuyuKosusu/Content/Meshes/wands/firewand.uexp" 1310
"W:/UnrealProject/BuyuKosusuGit/BuyuKosusu/BuyuKosusu/Content/Meshes/Campsite/materials/cauldron1.uasset" 1311
"W:/UnrealProject/BuyuKosusuGit/BuyuKosusu/BuyuKosusu/Content/Meshes/Campsite/materials/cauldron1.uexp" 1312
"W:/UnrealProject/BuyuKosusuGit/BuyuKosusu/BuyuKosusu/Content/Meshes/wands/materials/asaucuportal.uasset" 1313
"W:/UnrealProject/BuyuKosusuGit/BuyuKosusu/BuyuKosusu/Content/Meshes/wands/materials/asaucuportal.uexp" 1314
"W:/UnrealProject/BuyuKosusuGit/BuyuKosusu/BuyuKosusu/Content/Meshes/wands/materials/asaucuportal2.uasset" 1315
"W:/UnrealProject/BuyuKosusuGit/BuyuKosusu/BuyuKosusu/Content/Meshes/wands/materials/asaucuportal2.uexp" 1316
"W:/UnrealProject/BuyuKosusuGit/BuyuKosusu/BuyuKosusu/Content/Meshes/wands/materials/asabase_006.uasset" 1317
"W:/UnrealProject/BuyuKosusuGit/BuyuKosusu/BuyuKosusu/Content/Meshes/wands/materials/asabase_006.uexp" 1318
"W:/UnrealProject/BuyuKosusuGit/BuyuKosusu/BuyuKosusu/Content/Meshes/wands/teleportationwand.ubulk" 1319
"W:/UnrealProject/BuyuKosusuGit/BuyuKosusu/BuyuKosusu/Content/Meshes/wands/teleportationwand.uasset" 1320
"W:/UnrealProject/BuyuKosusuGit/BuyuKosusu/BuyuKosusu/Content/Meshes/wands/teleportationwand.uexp" 1321
"W:/UnrealProject/BuyuKosusuGit/BuyuKosusu/BuyuKosusu/Content/Meshes/wands/materials/daggerkristal.uasset" 1322
"W:/UnrealProject/BuyuKosusuGit/BuyuKosusu/BuyuKosusu/Content/Meshes/wands/materials/daggerkristal.uexp" 1323
"W:/UnrealProject/BuyuKosusuGit/BuyuKosusu/BuyuKosusu/Content/FirstPerson/Input/Actions/IA_Look.uasset" 1324
"W:/UnrealProject/BuyuKosusuGit/BuyuKosusu/BuyuKosusu/Content/FirstPerson/Input/Actions/IA_Look.uexp" 1325
"W:/UnrealProject/BuyuKosusuGit/BuyuKosusu/BuyuKosusu/Content/Meshes/wands/asaucugoldok.uasset" 1326
"W:/UnrealProject/BuyuKosusuGit/BuyuKosusu/BuyuKosusu/Content/Meshes/wands/asaucugoldok.uexp" 1327
"W:/UnrealProject/BuyuKosusuGit/BuyuKosusu/BuyuKosusu/Content/Meshes/wands/asabase_002.uasset" 1328
"W:/UnrealProject/BuyuKosusuGit/BuyuKosusu/BuyuKosusu/Content/Meshes/wands/asabase_002.uexp" 1329
"W:/UnrealProject/BuyuKosusuGit/BuyuKosusu/BuyuKosusu/Content/Meshes/wands/okasakristal.uasset" 1330
"W:/UnrealProject/BuyuKosusuGit/BuyuKosusu/BuyuKosusu/Content/Meshes/wands/okasakristal.uexp" 1331
"W:/UnrealProject/BuyuKosusuGit/BuyuKosusu/BuyuKosusu/Content/Meshes/wands/asaucuok.uasset" 1332
"W:/UnrealProject/BuyuKosusuGit/BuyuKosusu/BuyuKosusu/Content/Meshes/wands/asaucuok.uexp" 1333
"W:/UnrealProject/BuyuKosusuGit/BuyuKosusu/BuyuKosusu/Content/Meshes/wands/asaucuokrenk.uasset" 1334
"W:/UnrealProject/BuyuKosusuGit/BuyuKosusu/BuyuKosusu/Content/Meshes/wands/asaucuokrenk.uexp" 1335
"W:/UnrealProject/BuyuKosusuGit/BuyuKosusu/BuyuKosusu/Content/Meshes/wands/arrowwand.ubulk" 1336
"W:/UnrealProject/BuyuKosusuGit/BuyuKosusu/BuyuKosusu/Content/Meshes/wands/arrowwand.uasset" 1337
"W:/UnrealProject/BuyuKosusuGit/BuyuKosusu/BuyuKosusu/Content/Meshes/wands/arrowwand.uexp" 1338
"W:/UnrealProject/BuyuKosusuGit/BuyuKosusu/BuyuKosusu/Content/Meshes/wands/materials/SHIELDASA_001.uasset" 1339
"W:/UnrealProject/BuyuKosusuGit/BuyuKosusu/BuyuKosusu/Content/Meshes/wands/materials/SHIELDASA_001.uexp" 1340
"W:/UnrealProject/BuyuKosusuGit/BuyuKosusu/BuyuKosusu/Content/KTP_Effect/Textures/PublicTextures/T_Aura_07.ubulk" 1341
"W:/UnrealProject/BuyuKosusuGit/BuyuKosusu/BuyuKosusu/Content/KTP_Effect/Textures/PublicTextures/T_Aura_07.uasset" 1342
"W:/UnrealProject/BuyuKosusuGit/BuyuKosusu/BuyuKosusu/Content/KTP_Effect/Textures/PublicTextures/T_Aura_07.uexp" 1343
"W:/UnrealProject/BuyuKosusuGit/BuyuKosusu/BuyuKosusu/Content/KTP_Effect/Materials/PublicMaterials/M_FX_Glow_ring_04.uasset" 1344
"W:/UnrealProject/BuyuKosusuGit/BuyuKosusu/BuyuKosusu/Content/KTP_Effect/Materials/PublicMaterials/M_FX_Glow_ring_04.uexp" 1345
"../../../Engine/Content/Functions/Engine_MaterialFunctions02/Utility/VectorToRadialValue.uasset" 1346
"../../../Engine/Content/Functions/Engine_MaterialFunctions02/Utility/VectorToRadialValue.uexp" 1347
"W:/UnrealProject/BuyuKosusuGit/BuyuKosusu/BuyuKosusu/Content/KTP_Effect/Textures/PublicTextures/T_ShockRing.ubulk" 1348
"W:/UnrealProject/BuyuKosusuGit/BuyuKosusu/BuyuKosusu/Content/KTP_Effect/Textures/PublicTextures/T_ShockRing.uasset" 1349
"W:/UnrealProject/BuyuKosusuGit/BuyuKosusu/BuyuKosusu/Content/KTP_Effect/Textures/PublicTextures/T_ShockRing.uexp" 1350
"../../../Engine/Content/Functions/Engine_MaterialFunctions01/Density/ExponentialDensity.uasset" 1351
"../../../Engine/Content/Functions/Engine_MaterialFunctions01/Density/ExponentialDensity.uexp" 1352
"../../../Engine/Content/Functions/Engine_MaterialFunctions01/Gradient/RadialGradientExponential.uasset" 1353
"../../../Engine/Content/Functions/Engine_MaterialFunctions01/Gradient/RadialGradientExponential.uexp" 1354
"W:/UnrealProject/BuyuKosusuGit/BuyuKosusu/BuyuKosusu/Content/KTP_Effect/Materials/PublicMaterials/M_ring.uasset" 1355
"W:/UnrealProject/BuyuKosusuGit/BuyuKosusu/BuyuKosusu/Content/KTP_Effect/Materials/PublicMaterials/M_ring.uexp" 1356
"W:/UnrealProject/BuyuKosusuGit/BuyuKosusu/BuyuKosusu/Content/KTP_Effect/Textures/T_fly05_3.ubulk" 1357
"W:/UnrealProject/BuyuKosusuGit/BuyuKosusu/BuyuKosusu/Content/KTP_Effect/Textures/T_fly05_3.uasset" 1358
"W:/UnrealProject/BuyuKosusuGit/BuyuKosusu/BuyuKosusu/Content/KTP_Effect/Textures/T_fly05_3.uexp" 1359
"W:/UnrealProject/BuyuKosusuGit/BuyuKosusu/BuyuKosusu/Content/KTP_Effect/Materials/M_fly05_3.uasset" 1360
"W:/UnrealProject/BuyuKosusuGit/BuyuKosusu/BuyuKosusu/Content/KTP_Effect/Materials/M_fly05_3.uexp" 1361
"W:/UnrealProject/BuyuKosusuGit/BuyuKosusu/BuyuKosusu/Content/KTP_Effect/Mesh/SM_FX_ring.ubulk" 1362
"W:/UnrealProject/BuyuKosusuGit/BuyuKosusu/BuyuKosusu/Content/KTP_Effect/Mesh/SM_FX_ring.uasset" 1363
"W:/UnrealProject/BuyuKosusuGit/BuyuKosusu/BuyuKosusu/Content/KTP_Effect/Mesh/SM_FX_ring.uexp" 1364
"W:/UnrealProject/BuyuKosusuGit/BuyuKosusu/BuyuKosusu/Content/KTP_Effect/Materials/PublicMaterials/M_FX_Aura_bt01.uasset" 1365
"W:/UnrealProject/BuyuKosusuGit/BuyuKosusu/BuyuKosusu/Content/KTP_Effect/Materials/PublicMaterials/M_FX_Aura_bt01.uexp" 1366
"W:/UnrealProject/BuyuKosusuGit/BuyuKosusu/BuyuKosusu/Content/KTP_Effect/Particles/Fly/Expolison_05_03.uasset" 1367
"W:/UnrealProject/BuyuKosusuGit/BuyuKosusu/BuyuKosusu/Content/KTP_Effect/Particles/Fly/Expolison_05_03.uexp" 1368
"W:/UnrealProject/BuyuKosusuGit/BuyuKosusu/BuyuKosusu/Content/UI/EBGaramond-VariableFont_wght.uexp" 1369
"W:/UnrealProject/BuyuKosusuGit/BuyuKosusu/BuyuKosusu/Content/UI/EBGaramond-VariableFont_wght.uasset" 1370
"W:/UnrealProject/BuyuKosusuGit/BuyuKosusu/BuyuKosusu/Content/UI/EBGaramond-VariableFont_wght.ufont" 1371
"W:/UnrealProject/BuyuKosusuGit/BuyuKosusu/BuyuKosusu/Content/UI/EBGaramond-VariableFont_wght_Font.uasset" 1372
"W:/UnrealProject/BuyuKosusuGit/BuyuKosusu/BuyuKosusu/Content/UI/EBGaramond-VariableFont_wght_Font.uexp" 1373
"W:/UnrealProject/BuyuKosusuGit/BuyuKosusu/BuyuKosusu/Content/W_DEAD.uasset" 1374
"W:/UnrealProject/BuyuKosusuGit/BuyuKosusu/BuyuKosusu/Content/W_DEAD.uexp" 1375
"W:/UnrealProject/BuyuKosusuGit/BuyuKosusu/BuyuKosusu/Content/FirstPersonArms/Character/Textures/Manny/T_Manny_02_N.ubulk" 1376
"W:/UnrealProject/BuyuKosusuGit/BuyuKosusu/BuyuKosusu/Content/FirstPersonArms/Character/Textures/Manny/T_Manny_02_N.uasset" 1377
"W:/UnrealProject/BuyuKosusuGit/BuyuKosusu/BuyuKosusu/Content/FirstPersonArms/Character/Textures/Manny/T_Manny_02_N.uexp" 1378
"W:/UnrealProject/BuyuKosusuGit/BuyuKosusu/BuyuKosusu/Content/FirstPersonArms/Character/Textures/Manny/T_Manny_02_BN.ubulk" 1379
"W:/UnrealProject/BuyuKosusuGit/BuyuKosusu/BuyuKosusu/Content/FirstPersonArms/Character/Textures/Manny/T_Manny_02_BN.uasset" 1380
"W:/UnrealProject/BuyuKosusuGit/BuyuKosusu/BuyuKosusu/Content/FirstPersonArms/Character/Textures/Manny/T_Manny_02_BN.uexp" 1381
"W:/UnrealProject/BuyuKosusuGit/BuyuKosusu/BuyuKosusu/Content/FirstPersonArms/Character/Textures/Manny/T_Manny_02_ASAOPMASK_MSK.ubulk" 1382
"W:/UnrealProject/BuyuKosusuGit/BuyuKosusu/BuyuKosusu/Content/FirstPersonArms/Character/Textures/Manny/T_Manny_02_ASAOPMASK_MSK.uasset" 1383
"W:/UnrealProject/BuyuKosusuGit/BuyuKosusu/BuyuKosusu/Content/FirstPersonArms/Character/Textures/Manny/T_Manny_02_ASAOPMASK_MSK.uexp" 1384
"W:/UnrealProject/BuyuKosusuGit/BuyuKosusu/BuyuKosusu/Content/FirstPersonArms/Character/Textures/Manny/T_Manny_01_ASAOPMASK_MSK.ubulk" 1385
"W:/UnrealProject/BuyuKosusuGit/BuyuKosusu/BuyuKosusu/Content/FirstPersonArms/Character/Textures/Manny/T_Manny_01_ASAOPMASK_MSK.uasset" 1386
"W:/UnrealProject/BuyuKosusuGit/BuyuKosusu/BuyuKosusu/Content/FirstPersonArms/Character/Textures/Manny/T_Manny_01_ASAOPMASK_MSK.uexp" 1387
"W:/UnrealProject/BuyuKosusuGit/BuyuKosusu/BuyuKosusu/Content/FirstPersonArms/Character/Textures/Manny/T_Manny_01_CCRCCPlastic_MSK.ubulk" 1388
"W:/UnrealProject/BuyuKosusuGit/BuyuKosusu/BuyuKosusu/Content/FirstPersonArms/Character/Textures/Manny/T_Manny_01_CCRCCPlastic_MSK.uasset" 1389
"W:/UnrealProject/BuyuKosusuGit/BuyuKosusu/BuyuKosusu/Content/FirstPersonArms/Character/Textures/Manny/T_Manny_01_CCRCCPlastic_MSK.uexp" 1390
"W:/UnrealProject/BuyuKosusuGit/BuyuKosusu/BuyuKosusu/Content/FirstPersonArms/Character/Textures/Manny/T_Manny_01_Tan.ubulk" 1391
"W:/UnrealProject/BuyuKosusuGit/BuyuKosusu/BuyuKosusu/Content/FirstPersonArms/Character/Textures/Manny/T_Manny_01_Tan.uasset" 1392
"W:/UnrealProject/BuyuKosusuGit/BuyuKosusu/BuyuKosusu/Content/FirstPersonArms/Character/Textures/Manny/T_Manny_01_Tan.uexp" 1393
"W:/UnrealProject/BuyuKosusuGit/BuyuKosusu/BuyuKosusu/Content/FirstPersonArms/Character/Textures/Manny/T_Manny_01_BN.ubulk" 1394
"W:/UnrealProject/BuyuKosusuGit/BuyuKosusu/BuyuKosusu/Content/FirstPersonArms/Character/Textures/Manny/T_Manny_01_BN.uasset" 1395
"W:/UnrealProject/BuyuKosusuGit/BuyuKosusu/BuyuKosusu/Content/FirstPersonArms/Character/Textures/Manny/T_Manny_01_BN.uexp" 1396
"W:/UnrealProject/BuyuKosusuGit/BuyuKosusu/BuyuKosusu/Content/FirstPersonArms/Character/Textures/Manny/T_Manny_01_MSR_MSK.ubulk" 1397
"W:/UnrealProject/BuyuKosusuGit/BuyuKosusu/BuyuKosusu/Content/FirstPersonArms/Character/Textures/Manny/T_Manny_01_MSR_MSK.uasset" 1398
"W:/UnrealProject/BuyuKosusuGit/BuyuKosusu/BuyuKosusu/Content/FirstPersonArms/Character/Textures/Manny/T_Manny_01_MSR_MSK.uexp" 1399
"W:/UnrealProject/BuyuKosusuGit/BuyuKosusu/BuyuKosusu/Content/FirstPersonArms/Character/Textures/Manny/T_Manny_01_N.ubulk" 1400
"W:/UnrealProject/BuyuKosusuGit/BuyuKosusu/BuyuKosusu/Content/FirstPersonArms/Character/Textures/Manny/T_Manny_01_N.uasset" 1401
"W:/UnrealProject/BuyuKosusuGit/BuyuKosusu/BuyuKosusu/Content/FirstPersonArms/Character/Textures/Manny/T_Manny_01_N.uexp" 1402
"W:/UnrealProject/BuyuKosusuGit/BuyuKosusu/BuyuKosusu/Content/FirstPersonArms/Character/Textures/Manny/T_Manny_01_D.ubulk" 1403
"W:/UnrealProject/BuyuKosusuGit/BuyuKosusu/BuyuKosusu/Content/FirstPersonArms/Character/Textures/Manny/T_Manny_01_D.uasset" 1404
"W:/UnrealProject/BuyuKosusuGit/BuyuKosusu/BuyuKosusu/Content/FirstPersonArms/Character/Textures/Manny/T_Manny_01_D.uexp" 1405
"W:/UnrealProject/BuyuKosusuGit/BuyuKosusu/BuyuKosusu/Content/FirstPersonArms/Character/Materials/Functions/ChromaticCurve.uasset" 1406
"W:/UnrealProject/BuyuKosusuGit/BuyuKosusu/BuyuKosusu/Content/FirstPersonArms/Character/Materials/Functions/ChromaticCurve.uexp" 1407
"W:/UnrealProject/BuyuKosusuGit/BuyuKosusu/BuyuKosusu/Content/FirstPersonArms/Character/Materials/Functions/CA_Mannequin.uasset" 1408
"W:/UnrealProject/BuyuKosusuGit/BuyuKosusu/BuyuKosusu/Content/FirstPersonArms/Character/Materials/Functions/CA_Mannequin.uexp" 1409
"W:/UnrealProject/BuyuKosusuGit/BuyuKosusu/BuyuKosusu/Content/FirstPersonArms/Character/Materials/Functions/MF_Diffraction.uasset" 1410
"W:/UnrealProject/BuyuKosusuGit/BuyuKosusu/BuyuKosusu/Content/FirstPersonArms/Character/Materials/Functions/MF_Diffraction.uexp" 1411
"../../../Engine/Content/Functions/Engine_MaterialFunctions01/Texturing/ScaleUVsByCenter.uasset" 1412
"../../../Engine/Content/Functions/Engine_MaterialFunctions01/Texturing/ScaleUVsByCenter.uexp" 1413
"W:/UnrealProject/BuyuKosusuGit/BuyuKosusu/BuyuKosusu/Content/FirstPersonArms/Character/Textures/Shared/T_UE_Logo_M.uasset" 1414
"W:/UnrealProject/BuyuKosusuGit/BuyuKosusu/BuyuKosusu/Content/FirstPersonArms/Character/Textures/Shared/T_UE_Logo_M.uexp" 1415
"W:/UnrealProject/BuyuKosusuGit/BuyuKosusu/BuyuKosusu/Content/FirstPersonArms/Character/Materials/Functions/MF_logo3layers.uasset" 1416
"W:/UnrealProject/BuyuKosusuGit/BuyuKosusu/BuyuKosusu/Content/FirstPersonArms/Character/Materials/Functions/MF_logo3layers.uexp" 1417
"W:/UnrealProject/BuyuKosusuGit/BuyuKosusu/BuyuKosusu/Content/FirstPersonArms/Character/Materials/Functions/ML_BaseColorFallOff.uasset" 1418
"W:/UnrealProject/BuyuKosusuGit/BuyuKosusu/BuyuKosusu/Content/FirstPersonArms/Character/Materials/Functions/ML_BaseColorFallOff.uexp" 1419
"W:/UnrealProject/BuyuKosusuGit/BuyuKosusu/BuyuKosusu/Content/FirstPersonArms/Character/Materials/M_Mannequin.uasset" 1420
"W:/UnrealProject/BuyuKosusuGit/BuyuKosusu/BuyuKosusu/Content/FirstPersonArms/Character/Materials/M_Mannequin.uexp" 1421
"W:/UnrealProject/BuyuKosusuGit/BuyuKosusu/BuyuKosusu/Content/FirstPersonArms/Character/Materials/Instances/Manny/MI_Manny_01.uasset" 1422
"W:/UnrealProject/BuyuKosusuGit/BuyuKosusu/BuyuKosusu/Content/FirstPersonArms/Character/Materials/Instances/Manny/MI_Manny_01.uexp" 1423
"W:/UnrealProject/BuyuKosusuGit/BuyuKosusu/BuyuKosusu/Content/FirstPersonArms/Character/Textures/Manny/T_Manny_02_CCRCCPlastic_MSK.ubulk" 1424
"W:/UnrealProject/BuyuKosusuGit/BuyuKosusu/BuyuKosusu/Content/FirstPersonArms/Character/Textures/Manny/T_Manny_02_CCRCCPlastic_MSK.uasset" 1425
"W:/UnrealProject/BuyuKosusuGit/BuyuKosusu/BuyuKosusu/Content/FirstPersonArms/Character/Textures/Manny/T_Manny_02_CCRCCPlastic_MSK.uexp" 1426
"W:/UnrealProject/BuyuKosusuGit/BuyuKosusu/BuyuKosusu/Content/FirstPersonArms/Character/Textures/Manny/T_Manny_02_MSR_MSK.ubulk" 1427
"W:/UnrealProject/BuyuKosusuGit/BuyuKosusu/BuyuKosusu/Content/FirstPersonArms/Character/Textures/Manny/T_Manny_02_MSR_MSK.uasset" 1428
"W:/UnrealProject/BuyuKosusuGit/BuyuKosusu/BuyuKosusu/Content/FirstPersonArms/Character/Textures/Manny/T_Manny_02_MSR_MSK.uexp" 1429
"W:/UnrealProject/BuyuKosusuGit/BuyuKosusu/BuyuKosusu/Content/FirstPersonArms/Character/Textures/Manny/T_Manny_02_D.ubulk" 1430
"W:/UnrealProject/BuyuKosusuGit/BuyuKosusu/BuyuKosusu/Content/FirstPersonArms/Character/Textures/Manny/T_Manny_02_D.uasset" 1431
"W:/UnrealProject/BuyuKosusuGit/BuyuKosusu/BuyuKosusu/Content/FirstPersonArms/Character/Textures/Manny/T_Manny_02_D.uexp" 1432
"W:/UnrealProject/BuyuKosusuGit/BuyuKosusu/BuyuKosusu/Content/FirstPersonArms/Character/Textures/Manny/T_Manny_02_Tan.ubulk" 1433
"W:/UnrealProject/BuyuKosusuGit/BuyuKosusu/BuyuKosusu/Content/FirstPersonArms/Character/Textures/Manny/T_Manny_02_Tan.uasset" 1434
"W:/UnrealProject/BuyuKosusuGit/BuyuKosusu/BuyuKosusu/Content/FirstPersonArms/Character/Textures/Manny/T_Manny_02_Tan.uexp" 1435
"W:/UnrealProject/BuyuKosusuGit/BuyuKosusu/BuyuKosusu/Content/FirstPersonArms/Character/Materials/Instances/Manny/MI_Manny_02.uasset" 1436
"W:/UnrealProject/BuyuKosusuGit/BuyuKosusu/BuyuKosusu/Content/FirstPersonArms/Character/Materials/Instances/Manny/MI_Manny_02.uexp" 1437
"W:/UnrealProject/BuyuKosusuGit/BuyuKosusu/BuyuKosusu/Content/FirstPersonArms/Character/Mesh/SK_Mannequin_Arms_PhysicsAsset.uasset" 1438
"W:/UnrealProject/BuyuKosusuGit/BuyuKosusu/BuyuKosusu/Content/FirstPersonArms/Character/Mesh/SK_Mannequin_Arms_PhysicsAsset.uexp" 1439
"W:/UnrealProject/BuyuKosusuGit/BuyuKosusu/BuyuKosusu/Content/FirstPersonArms/Character/Mesh/SK_Mannequin_Arms_Skeleton.uasset" 1440
"W:/UnrealProject/BuyuKosusuGit/BuyuKosusu/BuyuKosusu/Content/FirstPersonArms/Character/Mesh/SK_Mannequin_Arms_Skeleton.uexp" 1441
"W:/UnrealProject/BuyuKosusuGit/BuyuKosusu/BuyuKosusu/Content/FirstPersonArms/Character/Mesh/SK_Mannequin_Arms.uasset" 1442
"W:/UnrealProject/BuyuKosusuGit/BuyuKosusu/BuyuKosusu/Content/FirstPersonArms/Character/Mesh/SK_Mannequin_Arms.uexp" 1443
"W:/UnrealProject/BuyuKosusuGit/BuyuKosusu/BuyuKosusu/Content/Meshes/wands/materials/asabase.uasset" 1444
"W:/UnrealProject/BuyuKosusuGit/BuyuKosusu/BuyuKosusu/Content/Meshes/wands/materials/asabase.uexp" 1445
"W:/UnrealProject/BuyuKosusuGit/BuyuKosusu/BuyuKosusu/Content/Meshes/wands/materials/buzasakristal.uasset" 1446
"W:/UnrealProject/BuyuKosusuGit/BuyuKosusu/BuyuKosusu/Content/Meshes/wands/materials/buzasakristal.uexp" 1447
"W:/UnrealProject/BuyuKosusuGit/BuyuKosusu/BuyuKosusu/Content/Meshes/wands/materials/buzasaucu.uasset" 1448
"W:/UnrealProject/BuyuKosusuGit/BuyuKosusu/BuyuKosusu/Content/Meshes/wands/materials/buzasaucu.uexp" 1449
"W:/UnrealProject/BuyuKosusuGit/BuyuKosusu/BuyuKosusu/Content/Meshes/wands/materials/kartanesi.uasset" 1450
"W:/UnrealProject/BuyuKosusuGit/BuyuKosusu/BuyuKosusu/Content/Meshes/wands/materials/kartanesi.uexp" 1451
"W:/UnrealProject/BuyuKosusuGit/BuyuKosusu/BuyuKosusu/Content/Meshes/wands/snowwand.ubulk" 1452
"W:/UnrealProject/BuyuKosusuGit/BuyuKosusu/BuyuKosusu/Content/Meshes/wands/snowwand.uasset" 1453
"W:/UnrealProject/BuyuKosusuGit/BuyuKosusu/BuyuKosusu/Content/Meshes/wands/snowwand.uexp" 1454
"../../../Engine/Content/Tutorial/SubEditors/TutorialAssets/T_SmokeSubUV_8X8.ubulk" 1455
"../../../Engine/Content/Tutorial/SubEditors/TutorialAssets/T_SmokeSubUV_8X8.uasset" 1456
"../../../Engine/Content/Tutorial/SubEditors/TutorialAssets/T_SmokeSubUV_8X8.uexp" 1457
"../../../Engine/Content/Tutorial/SubEditors/TutorialAssets/M_smoke_subUV_blackbody.uasset" 1458
"../../../Engine/Content/Tutorial/SubEditors/TutorialAssets/M_smoke_subUV_blackbody.uexp" 1459
"../../../Engine/Content/Tutorial/SubEditors/TutorialAssets/TutorialParticleSystem.uasset" 1460
"../../../Engine/Content/Tutorial/SubEditors/TutorialAssets/TutorialParticleSystem.uexp" 1461
"W:/UnrealProject/BuyuKosusuGit/BuyuKosusu/BuyuKosusu/Content/Blueprints/BP_Shield.uasset" 1462
"W:/UnrealProject/BuyuKosusuGit/BuyuKosusu/BuyuKosusu/Content/Blueprints/BP_Shield.uexp" 1463
"W:/UnrealProject/BuyuKosusuGit/BuyuKosusu/BuyuKosusu/Content/Materials/M_CheckpointFlag.uasset" 1464
"W:/UnrealProject/BuyuKosusuGit/BuyuKosusu/BuyuKosusu/Content/Materials/M_CheckpointFlag.uexp" 1465
"W:/UnrealProject/BuyuKosusuGit/BuyuKosusu/BuyuKosusu/Content/FirstPerson/Input/Actions/IA_Move.uasset" 1466
"W:/UnrealProject/BuyuKosusuGit/BuyuKosusu/BuyuKosusu/Content/FirstPerson/Input/Actions/IA_Move.uexp" 1467
"W:/UnrealProject/BuyuKosusuGit/BuyuKosusu/BuyuKosusu/Content/Materials/IceTexturePNGs/Stylized_Ice_ambientocclusion.ubulk" 1468
"W:/UnrealProject/BuyuKosusuGit/BuyuKosusu/BuyuKosusu/Content/Materials/IceTexturePNGs/Stylized_Ice_ambientocclusion.uasset" 1469
"W:/UnrealProject/BuyuKosusuGit/BuyuKosusu/BuyuKosusu/Content/Materials/IceTexturePNGs/Stylized_Ice_ambientocclusion.uexp" 1470
"W:/UnrealProject/BuyuKosusuGit/BuyuKosusu/BuyuKosusu/Content/Materials/IceTexturePNGs/Stylized_Ice_normal.ubulk" 1471
"W:/UnrealProject/BuyuKosusuGit/BuyuKosusu/BuyuKosusu/Content/Materials/IceTexturePNGs/Stylized_Ice_normal.uasset" 1472
"W:/UnrealProject/BuyuKosusuGit/BuyuKosusu/BuyuKosusu/Content/Materials/IceTexturePNGs/Stylized_Ice_normal.uexp" 1473
"W:/UnrealProject/BuyuKosusuGit/BuyuKosusu/BuyuKosusu/Content/Materials/IceTexturePNGs/Stylized_Ice_basecolor.ubulk" 1474
"W:/UnrealProject/BuyuKosusuGit/BuyuKosusu/BuyuKosusu/Content/Materials/IceTexturePNGs/Stylized_Ice_basecolor.uasset" 1475
"W:/UnrealProject/BuyuKosusuGit/BuyuKosusu/BuyuKosusu/Content/Materials/IceTexturePNGs/Stylized_Ice_basecolor.uexp" 1476
"W:/UnrealProject/BuyuKosusuGit/BuyuKosusu/BuyuKosusu/Content/Materials/IceTexturePNGs/Stylized_Ice_roughness.ubulk" 1477
"W:/UnrealProject/BuyuKosusuGit/BuyuKosusu/BuyuKosusu/Content/Materials/IceTexturePNGs/Stylized_Ice_roughness.uasset" 1478
"W:/UnrealProject/BuyuKosusuGit/BuyuKosusu/BuyuKosusu/Content/Materials/IceTexturePNGs/Stylized_Ice_roughness.uexp" 1479
"W:/UnrealProject/BuyuKosusuGit/BuyuKosusu/BuyuKosusu/Content/Stylized_PBR_Nature/Rocks/Textures/bok.uasset" 1480
"W:/UnrealProject/BuyuKosusuGit/BuyuKosusu/BuyuKosusu/Content/Stylized_PBR_Nature/Rocks/Textures/bok.uexp" 1481
"W:/UnrealProject/BuyuKosusuGit/BuyuKosusu/BuyuKosusu/Content/Materials/M_BokStylized.uasset" 1482
"W:/UnrealProject/BuyuKosusuGit/BuyuKosusu/BuyuKosusu/Content/Materials/M_BokStylized.uexp" 1483
"W:/UnrealProject/BuyuKosusuGit/BuyuKosusu/BuyuKosusu/Content/Meshes/blendermaterials/AltigenIce1.uasset" 1484
"W:/UnrealProject/BuyuKosusuGit/BuyuKosusu/BuyuKosusu/Content/Meshes/blendermaterials/AltigenIce1.uexp" 1485
"W:/UnrealProject/BuyuKosusuGit/BuyuKosusu/BuyuKosusu/Content/Meshes/altigenICE.ubulk" 1486
"W:/UnrealProject/BuyuKosusuGit/BuyuKosusu/BuyuKosusu/Content/Meshes/altigenICE.uasset" 1487
"W:/UnrealProject/BuyuKosusuGit/BuyuKosusu/BuyuKosusu/Content/Meshes/altigenICE.uexp" 1488
"W:/UnrealProject/BuyuKosusuGit/BuyuKosusu/BuyuKosusu/Content/Blueprints/BP_PuddleKotu.uasset" 1489
"W:/UnrealProject/BuyuKosusuGit/BuyuKosusu/BuyuKosusu/Content/Blueprints/BP_PuddleKotu.uexp" 1490
"W:/UnrealProject/BuyuKosusuGit/BuyuKosusu/BuyuKosusu/Content/KTP_Effect/Textures/PublicTextures/T_Arrow_01.ubulk" 1491
"W:/UnrealProject/BuyuKosusuGit/BuyuKosusu/BuyuKosusu/Content/KTP_Effect/Textures/PublicTextures/T_Arrow_01.uasset" 1492
"W:/UnrealProject/BuyuKosusuGit/BuyuKosusu/BuyuKosusu/Content/KTP_Effect/Textures/PublicTextures/T_Arrow_01.uexp" 1493
"W:/UnrealProject/BuyuKosusuGit/BuyuKosusu/BuyuKosusu/Content/KTP_Effect/Materials/PublicMaterials/M_FX_Glow_head_09.uasset" 1494
"W:/UnrealProject/BuyuKosusuGit/BuyuKosusu/BuyuKosusu/Content/KTP_Effect/Materials/PublicMaterials/M_FX_Glow_head_09.uexp" 1495
"W:/UnrealProject/BuyuKosusuGit/BuyuKosusu/BuyuKosusu/Content/KTP_Effect/Textures/PublicTextures/T_Lighting.ubulk" 1496
"W:/UnrealProject/BuyuKosusuGit/BuyuKosusu/BuyuKosusu/Content/KTP_Effect/Textures/PublicTextures/T_Lighting.uasset" 1497
"W:/UnrealProject/BuyuKosusuGit/BuyuKosusu/BuyuKosusu/Content/KTP_Effect/Textures/PublicTextures/T_Lighting.uexp" 1498
"W:/UnrealProject/BuyuKosusuGit/BuyuKosusu/BuyuKosusu/Content/KTP_Effect/Materials/PublicMaterials/M_FX_thunder.uasset" 1499
"W:/UnrealProject/BuyuKosusuGit/BuyuKosusu/BuyuKosusu/Content/KTP_Effect/Materials/PublicMaterials/M_FX_thunder.uexp" 1500
"W:/UnrealProject/BuyuKosusuGit/BuyuKosusu/BuyuKosusu/Content/KTP_Effect/Particles/Fly/Others/Trail_09_07.uasset" 1501
"W:/UnrealProject/BuyuKosusuGit/BuyuKosusu/BuyuKosusu/Content/KTP_Effect/Particles/Fly/Others/Trail_09_07.uexp" 1502
"W:/UnrealProject/BuyuKosusuGit/BuyuKosusu/BuyuKosusu/Content/Materials/M_IceStylized.uasset" 1503
"W:/UnrealProject/BuyuKosusuGit/BuyuKosusu/BuyuKosusu/Content/Materials/M_IceStylized.uexp" 1504
"W:/UnrealProject/BuyuKosusuGit/BuyuKosusu/BuyuKosusu/Content/VFX/Basic_VFX/Texture/T_glow_2.uasset" 1505
"W:/UnrealProject/BuyuKosusuGit/BuyuKosusu/BuyuKosusu/Content/VFX/Basic_VFX/Texture/T_glow_2.uexp" 1506
"W:/UnrealProject/BuyuKosusuGit/BuyuKosusu/BuyuKosusu/Content/VFX/Basic_VFX/Materials/M_light.uasset" 1507
"W:/UnrealProject/BuyuKosusuGit/BuyuKosusu/BuyuKosusu/Content/VFX/Basic_VFX/Materials/M_light.uexp" 1508
"W:/UnrealProject/BuyuKosusuGit/BuyuKosusu/BuyuKosusu/Content/VFX/Basic_VFX/Texture/T_ring.uasset" 1509
"W:/UnrealProject/BuyuKosusuGit/BuyuKosusu/BuyuKosusu/Content/VFX/Basic_VFX/Texture/T_ring.uexp" 1510
"W:/UnrealProject/BuyuKosusuGit/BuyuKosusu/BuyuKosusu/Content/VFX/Basic_VFX/Materials/M_light_2.uasset" 1511
"W:/UnrealProject/BuyuKosusuGit/BuyuKosusu/BuyuKosusu/Content/VFX/Basic_VFX/Materials/M_light_2.uexp" 1512
"W:/UnrealProject/BuyuKosusuGit/BuyuKosusu/BuyuKosusu/Content/VFX/Basic_VFX/Texture/T_ring2.uasset" 1513
"W:/UnrealProject/BuyuKosusuGit/BuyuKosusu/BuyuKosusu/Content/VFX/Basic_VFX/Texture/T_ring2.uexp" 1514
"W:/UnrealProject/BuyuKosusuGit/BuyuKosusu/BuyuKosusu/Content/VFX/Basic_VFX/Materials/M_light_3.uasset" 1515
"W:/UnrealProject/BuyuKosusuGit/BuyuKosusu/BuyuKosusu/Content/VFX/Basic_VFX/Materials/M_light_3.uexp" 1516
"W:/UnrealProject/BuyuKosusuGit/BuyuKosusu/BuyuKosusu/Content/VFX/Basic_VFX/Materials/M_radial.uasset" 1517
"W:/UnrealProject/BuyuKosusuGit/BuyuKosusu/BuyuKosusu/Content/VFX/Basic_VFX/Materials/M_radial.uexp" 1518
"W:/UnrealProject/BuyuKosusuGit/BuyuKosusu/BuyuKosusu/Content/VFX/Basic_VFX/Niagara/NS_Basic_7.uasset" 1519
"W:/UnrealProject/BuyuKosusuGit/BuyuKosusu/BuyuKosusu/Content/VFX/Basic_VFX/Niagara/NS_Basic_7.uexp" 1520
"W:/UnrealProject/BuyuKosusuGit/BuyuKosusu/BuyuKosusu/Content/Blueprints/BP_Puddle.uasset" 1521
"W:/UnrealProject/BuyuKosusuGit/BuyuKosusu/BuyuKosusu/Content/Blueprints/BP_Puddle.uexp" 1522
"W:/UnrealProject/BuyuKosusuGit/BuyuKosusu/BuyuKosusu/Content/Materials/M_Ice.uasset" 1523
"W:/UnrealProject/BuyuKosusuGit/BuyuKosusu/BuyuKosusu/Content/Materials/M_Ice.uexp" 1524
"W:/UnrealProject/BuyuKosusuGit/BuyuKosusu/BuyuKosusu/Content/LUSH_StylizedEnvironmentSet/StylizedWaterComponent/Texture/T_WaterWaves_01_N.ubulk" 1525
"W:/UnrealProject/BuyuKosusuGit/BuyuKosusu/BuyuKosusu/Content/LUSH_StylizedEnvironmentSet/StylizedWaterComponent/Texture/T_WaterWaves_01_N.uasset" 1526
"W:/UnrealProject/BuyuKosusuGit/BuyuKosusu/BuyuKosusu/Content/LUSH_StylizedEnvironmentSet/StylizedWaterComponent/Texture/T_WaterWaves_01_N.uexp" 1527
"W:/UnrealProject/BuyuKosusuGit/BuyuKosusu/BuyuKosusu/Content/LUSH_StylizedEnvironmentSet/StylizedWaterComponent/Texture/T_FX_Waves.ubulk" 1528
"W:/UnrealProject/BuyuKosusuGit/BuyuKosusu/BuyuKosusu/Content/LUSH_StylizedEnvironmentSet/StylizedWaterComponent/Texture/T_FX_Waves.uasset" 1529
"W:/UnrealProject/BuyuKosusuGit/BuyuKosusu/BuyuKosusu/Content/LUSH_StylizedEnvironmentSet/StylizedWaterComponent/Texture/T_FX_Waves.uexp" 1530
"W:/UnrealProject/BuyuKosusuGit/BuyuKosusu/BuyuKosusu/Content/LUSH_StylizedEnvironmentSet/StylizedWaterComponent/Texture/T_WaterWaves_01_H.ubulk" 1531
"W:/UnrealProject/BuyuKosusuGit/BuyuKosusu/BuyuKosusu/Content/LUSH_StylizedEnvironmentSet/StylizedWaterComponent/Texture/T_WaterWaves_01_H.uasset" 1532
"W:/UnrealProject/BuyuKosusuGit/BuyuKosusu/BuyuKosusu/Content/LUSH_StylizedEnvironmentSet/StylizedWaterComponent/Texture/T_WaterWaves_01_H.uexp" 1533
"W:/UnrealProject/BuyuKosusuGit/BuyuKosusu/BuyuKosusu/Content/LUSH_StylizedEnvironmentSet/StylizedWaterComponent/MaterialFunctions/MF_WorldPositionBehindWater.uasset" 1534
"W:/UnrealProject/BuyuKosusuGit/BuyuKosusu/BuyuKosusu/Content/LUSH_StylizedEnvironmentSet/StylizedWaterComponent/MaterialFunctions/MF_WorldPositionBehindWater.uexp" 1535
"../../../Engine/Content/Functions/Engine_MaterialFunctions02/Math/DeriveNormalZ_Function.uasset" 1536
"../../../Engine/Content/Functions/Engine_MaterialFunctions02/Math/DeriveNormalZ_Function.uexp" 1537
"W:/UnrealProject/BuyuKosusuGit/BuyuKosusu/BuyuKosusu/Content/LUSH_StylizedEnvironmentSet/StylizedWaterComponent/Materials/M_Water_Base.uasset" 1538
"W:/UnrealProject/BuyuKosusuGit/BuyuKosusu/BuyuKosusu/Content/LUSH_StylizedEnvironmentSet/StylizedWaterComponent/Materials/M_Water_Base.uexp" 1539
"W:/UnrealProject/BuyuKosusuGit/BuyuKosusu/BuyuKosusu/Content/LUSH_StylizedEnvironmentSet/StylizedWaterComponent/Materials/MI_Water_01_WavesEnabled.uasset" 1540
"W:/UnrealProject/BuyuKosusuGit/BuyuKosusu/BuyuKosusu/Content/LUSH_StylizedEnvironmentSet/StylizedWaterComponent/Materials/MI_Water_01_WavesEnabled.uexp" 1541
"W:/UnrealProject/BuyuKosusuGit/BuyuKosusu/BuyuKosusu/Content/Blueprints/BP_Water.uasset" 1542
"W:/UnrealProject/BuyuKosusuGit/BuyuKosusu/BuyuKosusu/Content/Blueprints/BP_Water.uexp" 1543
"W:/UnrealProject/BuyuKosusuGit/BuyuKosusu/BuyuKosusu/Content/Blueprints/BP_Ice.uasset" 1544
"W:/UnrealProject/BuyuKosusuGit/BuyuKosusu/BuyuKosusu/Content/Blueprints/BP_Ice.uexp" 1545
"W:/UnrealProject/BuyuKosusuGit/BuyuKosusu/BuyuKosusu/Content/KTP_Effect/Textures/PublicTextures/T_Ball.ubulk" 1546
"W:/UnrealProject/BuyuKosusuGit/BuyuKosusu/BuyuKosusu/Content/KTP_Effect/Textures/PublicTextures/T_Ball.uasset" 1547
"W:/UnrealProject/BuyuKosusuGit/BuyuKosusu/BuyuKosusu/Content/KTP_Effect/Textures/PublicTextures/T_Ball.uexp" 1548
"W:/UnrealProject/BuyuKosusuGit/BuyuKosusu/BuyuKosusu/Content/KTP_Effect/Materials/PublicMaterials/M_FX_Glow_AS_8.uasset" 1549
"W:/UnrealProject/BuyuKosusuGit/BuyuKosusu/BuyuKosusu/Content/KTP_Effect/Materials/PublicMaterials/M_FX_Glow_AS_8.uexp" 1550
"W:/UnrealProject/BuyuKosusuGit/BuyuKosusu/BuyuKosusu/Content/KTP_Effect/Textures/PublicTextures/T_Arrow_03.ubulk" 1551
"W:/UnrealProject/BuyuKosusuGit/BuyuKosusu/BuyuKosusu/Content/KTP_Effect/Textures/PublicTextures/T_Arrow_03.uasset" 1552
"W:/UnrealProject/BuyuKosusuGit/BuyuKosusu/BuyuKosusu/Content/KTP_Effect/Textures/PublicTextures/T_Arrow_03.uexp" 1553
"W:/UnrealProject/BuyuKosusuGit/BuyuKosusu/BuyuKosusu/Content/KTP_Effect/Materials/PublicMaterials/M_FX_Glow_AS_fly05_3.uasset" 1554
"W:/UnrealProject/BuyuKosusuGit/BuyuKosusu/BuyuKosusu/Content/KTP_Effect/Materials/PublicMaterials/M_FX_Glow_AS_fly05_3.uexp" 1555
"W:/UnrealProject/BuyuKosusuGit/BuyuKosusu/BuyuKosusu/Content/KTP_Effect/Particles/Fly/Others/Trail_05_02.uasset" 1556
"W:/UnrealProject/BuyuKosusuGit/BuyuKosusu/BuyuKosusu/Content/KTP_Effect/Particles/Fly/Others/Trail_05_02.uexp" 1557
"W:/UnrealProject/BuyuKosusuGit/BuyuKosusu/BuyuKosusu/Content/Blueprints/BP_Projectile_ChildFairy.uasset" 1558
"W:/UnrealProject/BuyuKosusuGit/BuyuKosusu/BuyuKosusu/Content/Blueprints/BP_Projectile_ChildFairy.uexp" 1559
"W:/UnrealProject/BuyuKosusuGit/BuyuKosusu/BuyuKosusu/Content/Blueprints/BP_Projectile_FlyingDeflect.uasset" 1560
"W:/UnrealProject/BuyuKosusuGit/BuyuKosusu/BuyuKosusu/Content/Blueprints/BP_Projectile_FlyingDeflect.uexp" 1561
"../../../Engine/Plugins/FX/Niagara/Content/DefaultAssets/DefaultRIbbonMaterial.uasset" 1562
"../../../Engine/Plugins/FX/Niagara/Content/DefaultAssets/DefaultRIbbonMaterial.uexp" 1563
"W:/UnrealProject/BuyuKosusuGit/BuyuKosusu/BuyuKosusu/Content/VFX/MixedVFX/Textures/T_Slash_01.ubulk" 1564
"W:/UnrealProject/BuyuKosusuGit/BuyuKosusu/BuyuKosusu/Content/VFX/MixedVFX/Textures/T_Slash_01.uasset" 1565
"W:/UnrealProject/BuyuKosusuGit/BuyuKosusu/BuyuKosusu/Content/VFX/MixedVFX/Textures/T_Slash_01.uexp" 1566
"W:/UnrealProject/BuyuKosusuGit/BuyuKosusu/BuyuKosusu/Content/VFX/MixedVFX/Textures/T_NoiseCells.ubulk" 1567
"W:/UnrealProject/BuyuKosusuGit/BuyuKosusu/BuyuKosusu/Content/VFX/MixedVFX/Textures/T_NoiseCells.uasset" 1568
"W:/UnrealProject/BuyuKosusuGit/BuyuKosusu/BuyuKosusu/Content/VFX/MixedVFX/Textures/T_NoiseCells.uexp" 1569
"W:/UnrealProject/BuyuKosusuGit/BuyuKosusu/BuyuKosusu/Content/VFX/MixedVFX/Textures/T_Mask_01.ubulk" 1570
"W:/UnrealProject/BuyuKosusuGit/BuyuKosusu/BuyuKosusu/Content/VFX/MixedVFX/Textures/T_Mask_01.uasset" 1571
"W:/UnrealProject/BuyuKosusuGit/BuyuKosusu/BuyuKosusu/Content/VFX/MixedVFX/Textures/T_Mask_01.uexp" 1572
"W:/UnrealProject/BuyuKosusuGit/BuyuKosusu/BuyuKosusu/Content/VFX/MixedVFX/Materials/MaterialFunctions/MF_TillingAndOffset.uasset" 1573
"W:/UnrealProject/BuyuKosusuGit/BuyuKosusu/BuyuKosusu/Content/VFX/MixedVFX/Materials/MaterialFunctions/MF_TillingAndOffset.uexp" 1574
"../../../Engine/Content/Functions/Engine_MaterialFunctions02/Utility/AppendMany.uasset" 1575
"../../../Engine/Content/Functions/Engine_MaterialFunctions02/Utility/AppendMany.uexp" 1576
"../../../Engine/Content/Functions/Engine_MaterialFunctions02/Math/Pi.uasset" 1577
"../../../Engine/Content/Functions/Engine_MaterialFunctions02/Math/Pi.uexp" 1578
"W:/UnrealProject/BuyuKosusuGit/BuyuKosusu/BuyuKosusu/Content/VFX/MixedVFX/Materials/MaterialFunctions/MF_Distortion.uasset" 1579
"W:/UnrealProject/BuyuKosusuGit/BuyuKosusu/BuyuKosusu/Content/VFX/MixedVFX/Materials/MaterialFunctions/MF_Distortion.uexp" 1580
"W:/UnrealProject/BuyuKosusuGit/BuyuKosusu/BuyuKosusu/Content/VFX/MixedVFX/Materials/MaterialFunctions/MF_Dissolve.uasset" 1581
"W:/UnrealProject/BuyuKosusuGit/BuyuKosusu/BuyuKosusu/Content/VFX/MixedVFX/Materials/MaterialFunctions/MF_Dissolve.uexp" 1582
"W:/UnrealProject/BuyuKosusuGit/BuyuKosusu/BuyuKosusu/Content/VFX/MixedVFX/Materials/M_TranslucentUnlitMaster.uasset" 1583
"W:/UnrealProject/BuyuKosusuGit/BuyuKosusu/BuyuKosusu/Content/VFX/MixedVFX/Materials/M_TranslucentUnlitMaster.uexp" 1584
"W:/UnrealProject/BuyuKosusuGit/BuyuKosusu/BuyuKosusu/Content/VFX/MixedVFX/Textures/T_Leaf.uasset" 1585
"W:/UnrealProject/BuyuKosusuGit/BuyuKosusu/BuyuKosusu/Content/VFX/MixedVFX/Textures/T_Leaf.uexp" 1586
"W:/UnrealProject/BuyuKosusuGit/BuyuKosusu/BuyuKosusu/Content/VFX/MixedVFX/Materials/MaterialInstances/MI_Leaf.uasset" 1587
"W:/UnrealProject/BuyuKosusuGit/BuyuKosusu/BuyuKosusu/Content/VFX/MixedVFX/Materials/MaterialInstances/MI_Leaf.uexp" 1588
"W:/UnrealProject/BuyuKosusuGit/BuyuKosusu/BuyuKosusu/Content/VFX/MixedVFX/Textures/T_Fire_01.ubulk" 1589
"W:/UnrealProject/BuyuKosusuGit/BuyuKosusu/BuyuKosusu/Content/VFX/MixedVFX/Textures/T_Fire_01.uasset" 1590
"W:/UnrealProject/BuyuKosusuGit/BuyuKosusu/BuyuKosusu/Content/VFX/MixedVFX/Textures/T_Fire_01.uexp" 1591
"W:/UnrealProject/BuyuKosusuGit/BuyuKosusu/BuyuKosusu/Content/VFX/MixedVFX/Materials/MaterialInstances/MI_FireFlipbook1.uasset" 1592
"W:/UnrealProject/BuyuKosusuGit/BuyuKosusu/BuyuKosusu/Content/VFX/MixedVFX/Materials/MaterialInstances/MI_FireFlipbook1.uexp" 1593
"W:/UnrealProject/BuyuKosusuGit/BuyuKosusu/BuyuKosusu/Content/VFX/MixedVFX/Particles/Mix/NS_Wind.uasset" 1594
"W:/UnrealProject/BuyuKosusuGit/BuyuKosusu/BuyuKosusu/Content/VFX/MixedVFX/Particles/Mix/NS_Wind.uexp" 1595
"../../../Engine/Content/BasicShapes/BasicShapeMaterial.uasset" 1596
"../../../Engine/Content/BasicShapes/BasicShapeMaterial.uexp" 1597
"W:/UnrealProject/BuyuKosusuGit/BuyuKosusu/BuyuKosusu/Content/Blueprints/BP_Dash.uasset" 1598
"W:/UnrealProject/BuyuKosusuGit/BuyuKosusu/BuyuKosusu/Content/Blueprints/BP_Dash.uexp" 1599
"W:/UnrealProject/BuyuKosusuGit/BuyuKosusu/BuyuKosusu/Content/Blueprints/BP_SCheckpoint.uasset" 1600
"W:/UnrealProject/BuyuKosusuGit/BuyuKosusu/BuyuKosusu/Content/Blueprints/BP_SCheckpoint.uexp" 1601
"W:/UnrealProject/BuyuKosusuGit/BuyuKosusu/BuyuKosusu/Content/Materials/M_DaggerTest1.uasset" 1602
"W:/UnrealProject/BuyuKosusuGit/BuyuKosusu/BuyuKosusu/Content/Materials/M_DaggerTest1.uexp" 1603
"W:/UnrealProject/BuyuKosusuGit/BuyuKosusu/BuyuKosusu/Content/Materials/M_DaggerTest.uasset" 1604
"W:/UnrealProject/BuyuKosusuGit/BuyuKosusu/BuyuKosusu/Content/Materials/M_DaggerTest.uexp" 1605
"W:/UnrealProject/BuyuKosusuGit/BuyuKosusu/BuyuKosusu/Content/Meshes/dagger2.ubulk" 1606
"W:/UnrealProject/BuyuKosusuGit/BuyuKosusu/BuyuKosusu/Content/Meshes/dagger2.uasset" 1607
"W:/UnrealProject/BuyuKosusuGit/BuyuKosusu/BuyuKosusu/Content/Meshes/dagger2.uexp" 1608
"../../../Engine/Content/EngineMeshes/Sphere.ubulk" 1609
"../../../Engine/Content/EngineMeshes/Sphere.uasset" 1610
"../../../Engine/Content/EngineMeshes/Sphere.uexp" 1611
"W:/UnrealProject/BuyuKosusuGit/BuyuKosusu/BuyuKosusu/Content/UI/heartUIhalf1.uasset" 1612
"W:/UnrealProject/BuyuKosusuGit/BuyuKosusu/BuyuKosusu/Content/UI/heartUIhalf1.uexp" 1613
"W:/UnrealProject/BuyuKosusuGit/BuyuKosusu/BuyuKosusu/Content/FirstPerson/Blueprints/PlayerState.uasset" 1614
"W:/UnrealProject/BuyuKosusuGit/BuyuKosusu/BuyuKosusu/Content/FirstPerson/Blueprints/PlayerState.uexp" 1615
"W:/UnrealProject/BuyuKosusuGit/BuyuKosusu/BuyuKosusu/Content/UI/ScrollUIPNG/teleportscrollUI.uasset" 1616
"W:/UnrealProject/BuyuKosusuGit/BuyuKosusu/BuyuKosusu/Content/UI/ScrollUIPNG/teleportscrollUI.uexp" 1617
"W:/UnrealProject/BuyuKosusuGit/BuyuKosusu/BuyuKosusu/Content/UI/ScrollUIPNG/checkpointscrollUI.uasset" 1618
"W:/UnrealProject/BuyuKosusuGit/BuyuKosusu/BuyuKosusu/Content/UI/ScrollUIPNG/checkpointscrollUI.uexp" 1619
"W:/UnrealProject/BuyuKosusuGit/BuyuKosusu/BuyuKosusu/Content/UI/ScrollUIPNG/shieldscrollUI.uasset" 1620
"W:/UnrealProject/BuyuKosusuGit/BuyuKosusu/BuyuKosusu/Content/UI/ScrollUIPNG/shieldscrollUI.uexp" 1621
"W:/UnrealProject/BuyuKosusuGit/BuyuKosusu/BuyuKosusu/Content/UI/arrowscrollUI.uasset" 1622
"W:/UnrealProject/BuyuKosusuGit/BuyuKosusu/BuyuKosusu/Content/UI/arrowscrollUI.uexp" 1623
"W:/UnrealProject/BuyuKosusuGit/BuyuKosusu/BuyuKosusu/Content/UI/ScrollUIPNG/emptyscroll.uasset" 1624
"W:/UnrealProject/BuyuKosusuGit/BuyuKosusu/BuyuKosusu/Content/UI/ScrollUIPNG/emptyscroll.uexp" 1625
"W:/UnrealProject/BuyuKosusuGit/BuyuKosusu/BuyuKosusu/Content/UI/compass3.uasset" 1626
"W:/UnrealProject/BuyuKosusuGit/BuyuKosusu/BuyuKosusu/Content/UI/compass3.uexp" 1627
"W:/UnrealProject/BuyuKosusuGit/BuyuKosusu/BuyuKosusu/Content/UI/heartUI2.uasset" 1628
"W:/UnrealProject/BuyuKosusuGit/BuyuKosusu/BuyuKosusu/Content/UI/heartUI2.uexp" 1629
"W:/UnrealProject/BuyuKosusuGit/BuyuKosusu/BuyuKosusu/Content/UI/ScrollUIPNG/snowscrollUI.uasset" 1630
"W:/UnrealProject/BuyuKosusuGit/BuyuKosusu/BuyuKosusu/Content/UI/ScrollUIPNG/snowscrollUI.uexp" 1631
"W:/UnrealProject/BuyuKosusuGit/BuyuKosusu/BuyuKosusu/Content/UI/objectiveUI1.uasset" 1632
"W:/UnrealProject/BuyuKosusuGit/BuyuKosusu/BuyuKosusu/Content/UI/objectiveUI1.uexp" 1633
"W:/UnrealProject/BuyuKosusuGit/BuyuKosusu/BuyuKosusu/Content/UI/ScrollUIPNG/magnetscrollUI.uasset" 1634
"W:/UnrealProject/BuyuKosusuGit/BuyuKosusu/BuyuKosusu/Content/UI/ScrollUIPNG/magnetscrollUI.uexp" 1635
"W:/UnrealProject/BuyuKosusuGit/BuyuKosusu/BuyuKosusu/Content/UI/ScrollUIPNG/dashscrollUI.uasset" 1636
"W:/UnrealProject/BuyuKosusuGit/BuyuKosusu/BuyuKosusu/Content/UI/ScrollUIPNG/dashscrollUI.uexp" 1637
"W:/UnrealProject/BuyuKosusuGit/BuyuKosusu/BuyuKosusu/Content/UI/ScrollUIPNG/blacksplash.uasset" 1638
"W:/UnrealProject/BuyuKosusuGit/BuyuKosusu/BuyuKosusu/Content/UI/ScrollUIPNG/blacksplash.uexp" 1639
"W:/UnrealProject/BuyuKosusuGit/BuyuKosusu/BuyuKosusu/Content/UI/31424160_5_splash.uasset" 1640
"W:/UnrealProject/BuyuKosusuGit/BuyuKosusu/BuyuKosusu/Content/UI/31424160_5_splash.uexp" 1641
"W:/UnrealProject/BuyuKosusuGit/BuyuKosusu/BuyuKosusu/Content/E_ScrollType.uasset" 1642
"W:/UnrealProject/BuyuKosusuGit/BuyuKosusu/BuyuKosusu/Content/E_ScrollType.uexp" 1643
"W:/UnrealProject/BuyuKosusuGit/BuyuKosusu/BuyuKosusu/Content/W_HUD.uasset" 1644
"W:/UnrealProject/BuyuKosusuGit/BuyuKosusu/BuyuKosusu/Content/W_HUD.uexp" 1645
"W:/UnrealProject/BuyuKosusuGit/BuyuKosusu/BuyuKosusu/Content/Blueprints/BP_Projectile_WaterE.uasset" 1646
"W:/UnrealProject/BuyuKosusuGit/BuyuKosusu/BuyuKosusu/Content/Blueprints/BP_Projectile_WaterE.uexp" 1647
"../../../Engine/Content/Functions/Engine_MaterialFunctions02/ExampleContent/Textures/LowResBlurredNoise.uasset" 1648
"../../../Engine/Content/Functions/Engine_MaterialFunctions02/ExampleContent/Textures/LowResBlurredNoise.uexp" 1649
"W:/UnrealProject/BuyuKosusuGit/BuyuKosusu/BuyuKosusu/Content/VFX/MixedVFX/Materials/MaterialFunctions/MF_WPO.uasset" 1650
"W:/UnrealProject/BuyuKosusuGit/BuyuKosusu/BuyuKosusu/Content/VFX/MixedVFX/Materials/MaterialFunctions/MF_WPO.uexp" 1651
"W:/UnrealProject/BuyuKosusuGit/BuyuKosusu/BuyuKosusu/Content/VFX/MixedVFX/Materials/M_DissolverMaster.uasset" 1652
"W:/UnrealProject/BuyuKosusuGit/BuyuKosusu/BuyuKosusu/Content/VFX/MixedVFX/Materials/M_DissolverMaster.uexp" 1653
"W:/UnrealProject/BuyuKosusuGit/BuyuKosusu/BuyuKosusu/Content/VFX/MixedVFX/Textures/T_Blob.ubulk" 1654
"W:/UnrealProject/BuyuKosusuGit/BuyuKosusu/BuyuKosusu/Content/VFX/MixedVFX/Textures/T_Blob.uasset" 1655
"W:/UnrealProject/BuyuKosusuGit/BuyuKosusu/BuyuKosusu/Content/VFX/MixedVFX/Textures/T_Blob.uexp" 1656
"W:/UnrealProject/BuyuKosusuGit/BuyuKosusu/BuyuKosusu/Content/VFX/MixedVFX/Materials/MaterialInstances/MI_Dissolver_01.uasset" 1657
"W:/UnrealProject/BuyuKosusuGit/BuyuKosusu/BuyuKosusu/Content/VFX/MixedVFX/Materials/MaterialInstances/MI_Dissolver_01.uexp" 1658
"W:/UnrealProject/BuyuKosusuGit/BuyuKosusu/BuyuKosusu/Content/VFX/MixedVFX/Textures/T_Trail_03.uasset" 1659
"W:/UnrealProject/BuyuKosusuGit/BuyuKosusu/BuyuKosusu/Content/VFX/MixedVFX/Textures/T_Trail_03.uexp" 1660
"W:/UnrealProject/BuyuKosusuGit/BuyuKosusu/BuyuKosusu/Content/VFX/MixedVFX/Textures/T_Galaxy.uasset" 1661
"W:/UnrealProject/BuyuKosusuGit/BuyuKosusu/BuyuKosusu/Content/VFX/MixedVFX/Textures/T_Galaxy.uexp" 1662
"../../../Engine/Content/Functions/Engine_MaterialFunctions01/Reflections/ViewAlignedReflection.uasset" 1663
"../../../Engine/Content/Functions/Engine_MaterialFunctions01/Reflections/ViewAlignedReflection.uexp" 1664
"W:/UnrealProject/BuyuKosusuGit/BuyuKosusu/BuyuKosusu/Content/VFX/MixedVFX/Textures/T_Trail_01.ubulk" 1665
"W:/UnrealProject/BuyuKosusuGit/BuyuKosusu/BuyuKosusu/Content/VFX/MixedVFX/Textures/T_Trail_01.uasset" 1666
"W:/UnrealProject/BuyuKosusuGit/BuyuKosusu/BuyuKosusu/Content/VFX/MixedVFX/Textures/T_Trail_01.uexp" 1667
"W:/UnrealProject/BuyuKosusuGit/BuyuKosusu/BuyuKosusu/Content/VFX/MixedVFX/Materials/M_TrailMaster.uasset" 1668
"W:/UnrealProject/BuyuKosusuGit/BuyuKosusu/BuyuKosusu/Content/VFX/MixedVFX/Materials/M_TrailMaster.uexp" 1669
"W:/UnrealProject/BuyuKosusuGit/BuyuKosusu/BuyuKosusu/Content/VFX/MixedVFX/Materials/MaterialInstances/MI_Trail_03.uasset" 1670
"W:/UnrealProject/BuyuKosusuGit/BuyuKosusu/BuyuKosusu/Content/VFX/MixedVFX/Materials/MaterialInstances/MI_Trail_03.uexp" 1671
"W:/UnrealProject/BuyuKosusuGit/BuyuKosusu/BuyuKosusu/Content/VFX/MixedVFX/Materials/MaterialInstances/MI_Trail_04.uasset" 1672
"W:/UnrealProject/BuyuKosusuGit/BuyuKosusu/BuyuKosusu/Content/VFX/MixedVFX/Materials/MaterialInstances/MI_Trail_04.uexp" 1673
"W:/UnrealProject/BuyuKosusuGit/BuyuKosusu/BuyuKosusu/Content/VFX/MixedVFX/Textures/T_Flare.ubulk" 1674
"W:/UnrealProject/BuyuKosusuGit/BuyuKosusu/BuyuKosusu/Content/VFX/MixedVFX/Textures/T_Flare.uasset" 1675
"W:/UnrealProject/BuyuKosusuGit/BuyuKosusu/BuyuKosusu/Content/VFX/MixedVFX/Textures/T_Flare.uexp" 1676
"W:/UnrealProject/BuyuKosusuGit/BuyuKosusu/BuyuKosusu/Content/VFX/MixedVFX/Materials/MaterialInstances/MI_Flare.uasset" 1677
"W:/UnrealProject/BuyuKosusuGit/BuyuKosusu/BuyuKosusu/Content/VFX/MixedVFX/Materials/MaterialInstances/MI_Flare.uexp" 1678
"W:/UnrealProject/BuyuKosusuGit/BuyuKosusu/BuyuKosusu/Content/VFX/MixedVFX/Materials/MaterialInstances/MI_TranslucentMesh.uasset" 1679
"W:/UnrealProject/BuyuKosusuGit/BuyuKosusu/BuyuKosusu/Content/VFX/MixedVFX/Materials/MaterialInstances/MI_TranslucentMesh.uexp" 1680
"W:/UnrealProject/BuyuKosusuGit/BuyuKosusu/BuyuKosusu/Content/VFX/MixedVFX/Meshes/SM_Arrow.ubulk" 1681
"W:/UnrealProject/BuyuKosusuGit/BuyuKosusu/BuyuKosusu/Content/VFX/MixedVFX/Meshes/SM_Arrow.uasset" 1682
"W:/UnrealProject/BuyuKosusuGit/BuyuKosusu/BuyuKosusu/Content/VFX/MixedVFX/Meshes/SM_Arrow.uexp" 1683
"W:/UnrealProject/BuyuKosusuGit/BuyuKosusu/BuyuKosusu/Content/VFX/MixedVFX/Particles/Projectiles/NS_GalaxyArrow1.uasset" 1684
"W:/UnrealProject/BuyuKosusuGit/BuyuKosusu/BuyuKosusu/Content/VFX/MixedVFX/Particles/Projectiles/NS_GalaxyArrow1.uexp" 1685
"W:/UnrealProject/BuyuKosusuGit/BuyuKosusu/BuyuKosusu/Content/Meshes/wands/materials/asaucugoldmagnet.uasset" 1686
"W:/UnrealProject/BuyuKosusuGit/BuyuKosusu/BuyuKosusu/Content/Meshes/wands/materials/asaucugoldmagnet.uexp" 1687
"W:/UnrealProject/BuyuKosusuGit/BuyuKosusu/BuyuKosusu/Content/Meshes/wands/materials/asabase_005.uasset" 1688
"W:/UnrealProject/BuyuKosusuGit/BuyuKosusu/BuyuKosusu/Content/Meshes/wands/materials/asabase_005.uexp" 1689
"W:/UnrealProject/BuyuKosusuGit/BuyuKosusu/BuyuKosusu/Content/Meshes/wands/materials/SHIELDASAkristal.uasset" 1690
"W:/UnrealProject/BuyuKosusuGit/BuyuKosusu/BuyuKosusu/Content/Meshes/wands/materials/SHIELDASAkristal.uexp" 1691
"W:/UnrealProject/BuyuKosusuGit/BuyuKosusu/BuyuKosusu/Content/Meshes/wands/materials/SHIELDASA.uasset" 1692
"W:/UnrealProject/BuyuKosusuGit/BuyuKosusu/BuyuKosusu/Content/Meshes/wands/materials/SHIELDASA.uexp" 1693
"W:/UnrealProject/BuyuKosusuGit/BuyuKosusu/BuyuKosusu/Content/Meshes/wands/shieldwand.ubulk" 1694
"W:/UnrealProject/BuyuKosusuGit/BuyuKosusu/BuyuKosusu/Content/Meshes/wands/shieldwand.uasset" 1695
"W:/UnrealProject/BuyuKosusuGit/BuyuKosusu/BuyuKosusu/Content/Meshes/wands/shieldwand.uexp" 1696
"W:/UnrealProject/BuyuKosusuGit/BuyuKosusu/BuyuKosusu/Content/VFX/Basic_VFX/Materials/M_color.uasset" 1697
"W:/UnrealProject/BuyuKosusuGit/BuyuKosusu/BuyuKosusu/Content/VFX/Basic_VFX/Materials/M_color.uexp" 1698
"W:/UnrealProject/BuyuKosusuGit/BuyuKosusu/BuyuKosusu/Content/VFX/Basic_VFX/Materials/M_Mesh.uasset" 1699
"W:/UnrealProject/BuyuKosusuGit/BuyuKosusu/BuyuKosusu/Content/VFX/Basic_VFX/Materials/M_Mesh.uexp" 1700
"W:/UnrealProject/BuyuKosusuGit/BuyuKosusu/BuyuKosusu/Content/VFX/Basic_VFX/Mesh/SM_SPhere.ubulk" 1701
"W:/UnrealProject/BuyuKosusuGit/BuyuKosusu/BuyuKosusu/Content/VFX/Basic_VFX/Mesh/SM_SPhere.uasset" 1702
"W:/UnrealProject/BuyuKosusuGit/BuyuKosusu/BuyuKosusu/Content/VFX/Basic_VFX/Mesh/SM_SPhere.uexp" 1703
"W:/UnrealProject/BuyuKosusuGit/BuyuKosusu/BuyuKosusu/Content/VFX/Basic_VFX/Texture/T_texture_fire_03.uasset" 1704
"W:/UnrealProject/BuyuKosusuGit/BuyuKosusu/BuyuKosusu/Content/VFX/Basic_VFX/Texture/T_texture_fire_03.uexp" 1705
"W:/UnrealProject/BuyuKosusuGit/BuyuKosusu/BuyuKosusu/Content/VFX/Basic_VFX/Materials/M_ribbon.uasset" 1706
"W:/UnrealProject/BuyuKosusuGit/BuyuKosusu/BuyuKosusu/Content/VFX/Basic_VFX/Materials/M_ribbon.uexp" 1707
"W:/UnrealProject/BuyuKosusuGit/BuyuKosusu/BuyuKosusu/Content/VFX/Basic_VFX/Niagara/NS_Basic_15.uasset" 1708
"W:/UnrealProject/BuyuKosusuGit/BuyuKosusu/BuyuKosusu/Content/VFX/Basic_VFX/Niagara/NS_Basic_15.uexp" 1709
"../../../Engine/Content/Animation/DefaultAnimCurveCompressionSettings.uasset" 1710
"../../../Engine/Content/Animation/DefaultAnimCurveCompressionSettings.uexp" 1711
"../../../Engine/Content/Animation/DefaultAnimBoneCompressionSettings.uasset" 1712
"../../../Engine/Content/Animation/DefaultAnimBoneCompressionSettings.uexp" 1713
"W:/UnrealProject/BuyuKosusuGit/BuyuKosusu/BuyuKosusu/Content/FirstPersonArms/Animations/FP_Rifle_Idle.uasset" 1714
"W:/UnrealProject/BuyuKosusuGit/BuyuKosusu/BuyuKosusu/Content/FirstPersonArms/Animations/FP_Rifle_Idle.uexp" 1715
"W:/UnrealProject/BuyuKosusuGit/BuyuKosusu/BuyuKosusu/Content/FirstPersonArms/Animations/FP_Rifle_Land.uasset" 1716
"W:/UnrealProject/BuyuKosusuGit/BuyuKosusu/BuyuKosusu/Content/FirstPersonArms/Animations/FP_Rifle_Land.uexp" 1717
"W:/UnrealProject/BuyuKosusuGit/BuyuKosusu/BuyuKosusu/Content/FirstPersonArms/Animations/FP_Rifle_Run.uasset" 1718
"W:/UnrealProject/BuyuKosusuGit/BuyuKosusu/BuyuKosusu/Content/FirstPersonArms/Animations/FP_Rifle_Run.uexp" 1719
"W:/UnrealProject/BuyuKosusuGit/BuyuKosusu/BuyuKosusu/Content/FirstPersonArms/Animations/FP_Rifle_Falling.uasset" 1720
"W:/UnrealProject/BuyuKosusuGit/BuyuKosusu/BuyuKosusu/Content/FirstPersonArms/Animations/FP_Rifle_Falling.uexp" 1721
"../../../Engine/Content/Animation/DefaultRecorderBoneCompression.uasset" 1722
"../../../Engine/Content/Animation/DefaultRecorderBoneCompression.uexp" 1723
"W:/UnrealProject/BuyuKosusuGit/BuyuKosusu/BuyuKosusu/Content/FirstPersonArms/Animations/FP_Idle.uasset" 1724
"W:/UnrealProject/BuyuKosusuGit/BuyuKosusu/BuyuKosusu/Content/FirstPersonArms/Animations/FP_Idle.uexp" 1725
"W:/UnrealProject/BuyuKosusuGit/BuyuKosusu/BuyuKosusu/Content/FirstPersonArms/Animations/FP_Jump.uasset" 1726
"W:/UnrealProject/BuyuKosusuGit/BuyuKosusu/BuyuKosusu/Content/FirstPersonArms/Animations/FP_Jump.uexp" 1727
"W:/UnrealProject/BuyuKosusuGit/BuyuKosusu/BuyuKosusu/Content/FirstPersonArms/Animations/FP_Run_Fwd.uasset" 1728
"W:/UnrealProject/BuyuKosusuGit/BuyuKosusu/BuyuKosusu/Content/FirstPersonArms/Animations/FP_Run_Fwd.uexp" 1729
"W:/UnrealProject/BuyuKosusuGit/BuyuKosusu/BuyuKosusu/Content/FirstPersonArms/Animations/FP_Land.uasset" 1730
"W:/UnrealProject/BuyuKosusuGit/BuyuKosusu/BuyuKosusu/Content/FirstPersonArms/Animations/FP_Land.uexp" 1731
"W:/UnrealProject/BuyuKosusuGit/BuyuKosusu/BuyuKosusu/Content/FirstPersonArms/Animations/FP_Falling.uasset" 1732
"W:/UnrealProject/BuyuKosusuGit/BuyuKosusu/BuyuKosusu/Content/FirstPersonArms/Animations/FP_Falling.uexp" 1733
"../../../Engine/Content/Animation/DefaultVariableFrameStrippingSettings.uasset" 1734
"../../../Engine/Content/Animation/DefaultVariableFrameStrippingSettings.uexp" 1735
"W:/UnrealProject/BuyuKosusuGit/BuyuKosusu/BuyuKosusu/Content/FirstPersonArms/Animations/FP_Rifle_Jump.uasset" 1736
"W:/UnrealProject/BuyuKosusuGit/BuyuKosusu/BuyuKosusu/Content/FirstPersonArms/Animations/FP_Rifle_Jump.uexp" 1737
"W:/UnrealProject/BuyuKosusuGit/BuyuKosusu/BuyuKosusu/Content/FirstPersonArms/Animations/FirstPerson_AnimBP.uasset" 1738
"W:/UnrealProject/BuyuKosusuGit/BuyuKosusu/BuyuKosusu/Content/FirstPersonArms/Animations/FirstPerson_AnimBP.uexp" 1739
"W:/UnrealProject/BuyuKosusuGit/BuyuKosusu/BuyuKosusu/Content/VFX/MixedVFX/Particles/Projectiles/NS_GalaxyArrow.uasset" 1740
"W:/UnrealProject/BuyuKosusuGit/BuyuKosusu/BuyuKosusu/Content/VFX/MixedVFX/Particles/Projectiles/NS_GalaxyArrow.uexp" 1741
"W:/UnrealProject/BuyuKosusuGit/BuyuKosusu/BuyuKosusu/Content/Blueprints/BP_Dagger.uasset" 1742
"W:/UnrealProject/BuyuKosusuGit/BuyuKosusu/BuyuKosusu/Content/Blueprints/BP_Dagger.uexp" 1743
"W:/UnrealProject/BuyuKosusuGit/BuyuKosusu/BuyuKosusu/Content/UI/JMH_Beda.uexp" 1744
"W:/UnrealProject/BuyuKosusuGit/BuyuKosusu/BuyuKosusu/Content/UI/JMH_Beda.uasset" 1745
"W:/UnrealProject/BuyuKosusuGit/BuyuKosusu/BuyuKosusu/Content/UI/JMH_Beda.ufont" 1746
"W:/UnrealProject/BuyuKosusuGit/BuyuKosusu/BuyuKosusu/Content/UI/JMH_Beda_Font.uasset" 1747
"W:/UnrealProject/BuyuKosusuGit/BuyuKosusu/BuyuKosusu/Content/UI/JMH_Beda_Font.uexp" 1748
"W:/UnrealProject/BuyuKosusuGit/BuyuKosusu/BuyuKosusu/Content/UI/LVL2.uasset" 1749
"W:/UnrealProject/BuyuKosusuGit/BuyuKosusu/BuyuKosusu/Content/UI/LVL2.uexp" 1750
"W:/UnrealProject/BuyuKosusuGit/BuyuKosusu/BuyuKosusu/Content/UI/UIB.uasset" 1751
"W:/UnrealProject/BuyuKosusuGit/BuyuKosusu/BuyuKosusu/Content/UI/UIB.uexp" 1752
"W:/UnrealProject/BuyuKosusuGit/BuyuKosusu/BuyuKosusu/Content/UI/LVL1.uasset" 1753
"W:/UnrealProject/BuyuKosusuGit/BuyuKosusu/BuyuKosusu/Content/UI/LVL1.uexp" 1754
"W:/UnrealProject/BuyuKosusuGit/BuyuKosusu/BuyuKosusu/Content/UI/UIS.uasset" 1755
"W:/UnrealProject/BuyuKosusuGit/BuyuKosusu/BuyuKosusu/Content/UI/UIS.uexp" 1756
"W:/UnrealProject/BuyuKosusuGit/BuyuKosusu/BuyuKosusu/Content/UI/UIA.uasset" 1757
"W:/UnrealProject/BuyuKosusuGit/BuyuKosusu/BuyuKosusu/Content/UI/UIA.uexp" 1758
"W:/UnrealProject/BuyuKosusuGit/BuyuKosusu/BuyuKosusu/Content/UI/UIF.uasset" 1759
"W:/UnrealProject/BuyuKosusuGit/BuyuKosusu/BuyuKosusu/Content/UI/UIF.uexp" 1760
"W:/UnrealProject/BuyuKosusuGit/BuyuKosusu/BuyuKosusu/Content/UI/UID.uasset" 1761
"W:/UnrealProject/BuyuKosusuGit/BuyuKosusu/BuyuKosusu/Content/UI/UID.uexp" 1762
"W:/UnrealProject/BuyuKosusuGit/BuyuKosusu/BuyuKosusu/Content/UI/UIC.uasset" 1763
"W:/UnrealProject/BuyuKosusuGit/BuyuKosusu/BuyuKosusu/Content/UI/UIC.uexp" 1764
"W:/UnrealProject/BuyuKosusuGit/BuyuKosusu/BuyuKosusu/Content/W_LevelSelection.uasset" 1765
"W:/UnrealProject/BuyuKosusuGit/BuyuKosusu/BuyuKosusu/Content/W_LevelSelection.uexp" 1766
"W:/UnrealProject/BuyuKosusuGit/BuyuKosusu/BuyuKosusu/Content/UI/MainMenuUIPlay2.uasset" 1767
"W:/UnrealProject/BuyuKosusuGit/BuyuKosusu/BuyuKosusu/Content/UI/MainMenuUIPlay2.uexp" 1768
"W:/UnrealProject/BuyuKosusuGit/BuyuKosusu/BuyuKosusu/Content/W_MainMenu.uasset" 1769
"W:/UnrealProject/BuyuKosusuGit/BuyuKosusu/BuyuKosusu/Content/W_MainMenu.uexp" 1770
"W:/UnrealProject/BuyuKosusuGit/BuyuKosusu/BuyuKosusu/Content/FirstPerson/Input/Actions/IA_Jump.uasset" 1771
"W:/UnrealProject/BuyuKosusuGit/BuyuKosusu/BuyuKosusu/Content/FirstPerson/Input/Actions/IA_Jump.uexp" 1772
"W:/UnrealProject/BuyuKosusuGit/BuyuKosusu/BuyuKosusu/Content/FirstPerson/Blueprints/BP_FirstPersonCharacter.uasset" 1773
"W:/UnrealProject/BuyuKosusuGit/BuyuKosusu/BuyuKosusu/Content/FirstPerson/Blueprints/BP_FirstPersonCharacter.uexp" 1774
"W:/UnrealProject/BuyuKosusuGit/BuyuKosusu/BuyuKosusu/Content/Blueprints/BP_ObjectiveManager.uasset" 1775
"W:/UnrealProject/BuyuKosusuGit/BuyuKosusu/BuyuKosusu/Content/Blueprints/BP_ObjectiveManager.uexp" 1776
"W:/UnrealProject/BuyuKosusuGit/BuyuKosusu/BuyuKosusu/Content/nebulared.uasset" 1777
"W:/UnrealProject/BuyuKosusuGit/BuyuKosusu/BuyuKosusu/Content/nebulared.uexp" 1778
"W:/UnrealProject/BuyuKosusuGit/BuyuKosusu/BuyuKosusu/Content/VFX/Portal/M_Portal1.uasset" 1779
"W:/UnrealProject/BuyuKosusuGit/BuyuKosusu/BuyuKosusu/Content/VFX/Portal/M_Portal1.uexp" 1780
"W:/UnrealProject/BuyuKosusuGit/BuyuKosusu/BuyuKosusu/Content/N_Empty2.uasset" 1781
"W:/UnrealProject/BuyuKosusuGit/BuyuKosusu/BuyuKosusu/Content/N_Empty2.uexp" 1782
"W:/UnrealProject/BuyuKosusuGit/BuyuKosusu/BuyuKosusu/Content/Meshes/Fantasy_Portal_3D_LowPoly_Model_Textures_01.ubulk" 1783
"W:/UnrealProject/BuyuKosusuGit/BuyuKosusu/BuyuKosusu/Content/Meshes/Fantasy_Portal_3D_LowPoly_Model_Textures_01.uasset" 1784
"W:/UnrealProject/BuyuKosusuGit/BuyuKosusu/BuyuKosusu/Content/Meshes/Fantasy_Portal_3D_LowPoly_Model_Textures_01.uexp" 1785
"W:/UnrealProject/BuyuKosusuGit/BuyuKosusu/BuyuKosusu/Content/Meshes/Fantasy_Portal_3D_LowPoly_Model_Textures_Emissive.ubulk" 1786
"W:/UnrealProject/BuyuKosusuGit/BuyuKosusu/BuyuKosusu/Content/Meshes/Fantasy_Portal_3D_LowPoly_Model_Textures_Emissive.uasset" 1787
"W:/UnrealProject/BuyuKosusuGit/BuyuKosusu/BuyuKosusu/Content/Meshes/Fantasy_Portal_3D_LowPoly_Model_Textures_Emissive.uexp" 1788
"W:/UnrealProject/BuyuKosusuGit/BuyuKosusu/BuyuKosusu/Content/Meshes/Fantasy_Portal_3D_LowPoly_Model_Textures_Metallic.ubulk" 1789
"W:/UnrealProject/BuyuKosusuGit/BuyuKosusu/BuyuKosusu/Content/Meshes/Fantasy_Portal_3D_LowPoly_Model_Textures_Metallic.uasset" 1790
"W:/UnrealProject/BuyuKosusuGit/BuyuKosusu/BuyuKosusu/Content/Meshes/Fantasy_Portal_3D_LowPoly_Model_Textures_Metallic.uexp" 1791
"W:/UnrealProject/BuyuKosusuGit/BuyuKosusu/BuyuKosusu/Content/Meshes/Fantasy_Portal_3D_LowPoly_Model_Textures.uasset" 1792
"W:/UnrealProject/BuyuKosusuGit/BuyuKosusu/BuyuKosusu/Content/Meshes/Fantasy_Portal_3D_LowPoly_Model_Textures.uexp" 1793
"W:/UnrealProject/BuyuKosusuGit/BuyuKosusu/BuyuKosusu/Content/Meshes/Portal_01_Portal_01.ubulk" 1794
"W:/UnrealProject/BuyuKosusuGit/BuyuKosusu/BuyuKosusu/Content/Meshes/Portal_01_Portal_01.uasset" 1795
"W:/UnrealProject/BuyuKosusuGit/BuyuKosusu/BuyuKosusu/Content/Meshes/Portal_01_Portal_01.uexp" 1796
"W:/UnrealProject/BuyuKosusuGit/BuyuKosusu/BuyuKosusu/Content/UI/UIforsth.uasset" 1797
"W:/UnrealProject/BuyuKosusuGit/BuyuKosusu/BuyuKosusu/Content/UI/UIforsth.uexp" 1798
"W:/UnrealProject/BuyuKosusuGit/BuyuKosusu/BuyuKosusu/Content/W_EndLevel.uasset" 1799
"W:/UnrealProject/BuyuKosusuGit/BuyuKosusu/BuyuKosusu/Content/W_EndLevel.uexp" 1800
"W:/UnrealProject/BuyuKosusuGit/BuyuKosusu/BuyuKosusu/Content/Blueprints/BP_Portal.uasset" 1801
"W:/UnrealProject/BuyuKosusuGit/BuyuKosusu/BuyuKosusu/Content/Blueprints/BP_Portal.uexp" 1802
"W:/UnrealProject/BuyuKosusuGit/BuyuKosusu/BuyuKosusu/Content/Meshes/DriedTree/algo3.uasset" 1803
"W:/UnrealProject/BuyuKosusuGit/BuyuKosusu/BuyuKosusu/Content/Meshes/DriedTree/algo3.uexp" 1804
"W:/UnrealProject/BuyuKosusuGit/BuyuKosusu/BuyuKosusu/Content/Meshes/DriedTree/model_pCone66.ubulk" 1805
"W:/UnrealProject/BuyuKosusuGit/BuyuKosusu/BuyuKosusu/Content/Meshes/DriedTree/model_pCone66.uasset" 1806
"W:/UnrealProject/BuyuKosusuGit/BuyuKosusu/BuyuKosusu/Content/Meshes/DriedTree/model_pCone66.uexp" 1807
"W:/UnrealProject/BuyuKosusuGit/BuyuKosusu/BuyuKosusu/Content/Stylized_PBR_Nature/Foliage/Textures/T_Grass_D.ubulk" 1808
"W:/UnrealProject/BuyuKosusuGit/BuyuKosusu/BuyuKosusu/Content/Stylized_PBR_Nature/Foliage/Textures/T_Grass_D.uasset" 1809
"W:/UnrealProject/BuyuKosusuGit/BuyuKosusu/BuyuKosusu/Content/Stylized_PBR_Nature/Foliage/Textures/T_Grass_D.uexp" 1810
"W:/UnrealProject/BuyuKosusuGit/BuyuKosusu/BuyuKosusu/Content/Stylized_PBR_Nature/Foliage/Materials/M_Foliage_Master.uasset" 1811
"W:/UnrealProject/BuyuKosusuGit/BuyuKosusu/BuyuKosusu/Content/Stylized_PBR_Nature/Foliage/Materials/M_Foliage_Master.uexp" 1812
"W:/UnrealProject/BuyuKosusuGit/BuyuKosusu/BuyuKosusu/Content/Stylized_PBR_Nature/Foliage/Textures/T_Pine_Tree_Leaves_D.ubulk" 1813
"W:/UnrealProject/BuyuKosusuGit/BuyuKosusu/BuyuKosusu/Content/Stylized_PBR_Nature/Foliage/Textures/T_Pine_Tree_Leaves_D.uasset" 1814
"W:/UnrealProject/BuyuKosusuGit/BuyuKosusu/BuyuKosusu/Content/Stylized_PBR_Nature/Foliage/Textures/T_Pine_Tree_Leaves_D.uexp" 1815
"W:/UnrealProject/BuyuKosusuGit/BuyuKosusu/BuyuKosusu/Content/Stylized_PBR_Nature/Foliage/Materials/MI_Pine_Tree_Leaves.uasset" 1816
"W:/UnrealProject/BuyuKosusuGit/BuyuKosusu/BuyuKosusu/Content/Stylized_PBR_Nature/Foliage/Materials/MI_Pine_Tree_Leaves.uexp" 1817
"W:/UnrealProject/BuyuKosusuGit/BuyuKosusu/BuyuKosusu/Content/Stylized_PBR_Nature/Foliage/Textures/T_Pine_Tree_Trunk_ORM.ubulk" 1818
"W:/UnrealProject/BuyuKosusuGit/BuyuKosusu/BuyuKosusu/Content/Stylized_PBR_Nature/Foliage/Textures/T_Pine_Tree_Trunk_ORM.uasset" 1819
"W:/UnrealProject/BuyuKosusuGit/BuyuKosusu/BuyuKosusu/Content/Stylized_PBR_Nature/Foliage/Textures/T_Pine_Tree_Trunk_ORM.uexp" 1820
"W:/UnrealProject/BuyuKosusuGit/BuyuKosusu/BuyuKosusu/Content/Stylized_PBR_Nature/Foliage/Textures/T_Pine_Tree_Trunk_D.ubulk" 1821
"W:/UnrealProject/BuyuKosusuGit/BuyuKosusu/BuyuKosusu/Content/Stylized_PBR_Nature/Foliage/Textures/T_Pine_Tree_Trunk_D.uasset" 1822
"W:/UnrealProject/BuyuKosusuGit/BuyuKosusu/BuyuKosusu/Content/Stylized_PBR_Nature/Foliage/Textures/T_Pine_Tree_Trunk_D.uexp" 1823
"W:/UnrealProject/BuyuKosusuGit/BuyuKosusu/BuyuKosusu/Content/Stylized_PBR_Nature/Foliage/Textures/T_Pine_Tree_Trunk_N.ubulk" 1824
"W:/UnrealProject/BuyuKosusuGit/BuyuKosusu/BuyuKosusu/Content/Stylized_PBR_Nature/Foliage/Textures/T_Pine_Tree_Trunk_N.uasset" 1825
"W:/UnrealProject/BuyuKosusuGit/BuyuKosusu/BuyuKosusu/Content/Stylized_PBR_Nature/Foliage/Textures/T_Pine_Tree_Trunk_N.uexp" 1826
"W:/UnrealProject/BuyuKosusuGit/BuyuKosusu/BuyuKosusu/Content/Stylized_PBR_Nature/Foliage/Materials/M_Tree_Trunk_Master.uasset" 1827
"W:/UnrealProject/BuyuKosusuGit/BuyuKosusu/BuyuKosusu/Content/Stylized_PBR_Nature/Foliage/Materials/M_Tree_Trunk_Master.uexp" 1828
"W:/UnrealProject/BuyuKosusuGit/BuyuKosusu/BuyuKosusu/Content/Stylized_PBR_Nature/Foliage/Materials/MI_Pine_Trunk.uasset" 1829
"W:/UnrealProject/BuyuKosusuGit/BuyuKosusu/BuyuKosusu/Content/Stylized_PBR_Nature/Foliage/Materials/MI_Pine_Trunk.uexp" 1830
"W:/UnrealProject/BuyuKosusuGit/BuyuKosusu/BuyuKosusu/Content/Stylized_PBR_Nature/Foliage/Assets/SM_Pine_Tree_2.ubulk" 1831
"W:/UnrealProject/BuyuKosusuGit/BuyuKosusu/BuyuKosusu/Content/Stylized_PBR_Nature/Foliage/Assets/SM_Pine_Tree_2.uasset" 1832
"W:/UnrealProject/BuyuKosusuGit/BuyuKosusu/BuyuKosusu/Content/Stylized_PBR_Nature/Foliage/Assets/SM_Pine_Tree_2.uexp" 1833
"W:/UnrealProject/BuyuKosusuGit/BuyuKosusu/BuyuKosusu/Content/Stylized_PBR_Nature/Foliage/FoliageTypes/SM_Pine_Tree_2_FoliageType.uasset" 1834
"W:/UnrealProject/BuyuKosusuGit/BuyuKosusu/BuyuKosusu/Content/Stylized_PBR_Nature/Foliage/FoliageTypes/SM_Pine_Tree_2_FoliageType.uexp" 1835
"W:/UnrealProject/BuyuKosusuGit/BuyuKosusu/BuyuKosusu/Content/LandscapeSave/SuTas_LayerInfo5.uasset" 1836
"W:/UnrealProject/BuyuKosusuGit/BuyuKosusu/BuyuKosusu/Content/LandscapeSave/SuTas_LayerInfo5.uexp" 1837
"W:/UnrealProject/BuyuKosusuGit/BuyuKosusu/BuyuKosusu/Content/Meshes/DriedTree/Tex/algo3_roughness.ubulk" 1838
"W:/UnrealProject/BuyuKosusuGit/BuyuKosusu/BuyuKosusu/Content/Meshes/DriedTree/Tex/algo3_roughness.uasset" 1839
"W:/UnrealProject/BuyuKosusuGit/BuyuKosusu/BuyuKosusu/Content/Meshes/DriedTree/Tex/algo3_roughness.uexp" 1840
"W:/UnrealProject/BuyuKosusuGit/BuyuKosusu/BuyuKosusu/Content/Meshes/DriedTree/Tex/algo3_AO.ubulk" 1841
"W:/UnrealProject/BuyuKosusuGit/BuyuKosusu/BuyuKosusu/Content/Meshes/DriedTree/Tex/algo3_AO.uasset" 1842
"W:/UnrealProject/BuyuKosusuGit/BuyuKosusu/BuyuKosusu/Content/Meshes/DriedTree/Tex/algo3_AO.uexp" 1843
"W:/UnrealProject/BuyuKosusuGit/BuyuKosusu/BuyuKosusu/Content/Meshes/DriedTree/Tex/algo3_albedo.ubulk" 1844
"W:/UnrealProject/BuyuKosusuGit/BuyuKosusu/BuyuKosusu/Content/Meshes/DriedTree/Tex/algo3_albedo.uasset" 1845
"W:/UnrealProject/BuyuKosusuGit/BuyuKosusu/BuyuKosusu/Content/Meshes/DriedTree/Tex/algo3_albedo.uexp" 1846
"W:/UnrealProject/BuyuKosusuGit/BuyuKosusu/BuyuKosusu/Content/Meshes/DriedTree/Tex/algo3_normal.ubulk" 1847
"W:/UnrealProject/BuyuKosusuGit/BuyuKosusu/BuyuKosusu/Content/Meshes/DriedTree/Tex/algo3_normal.uasset" 1848
"W:/UnrealProject/BuyuKosusuGit/BuyuKosusu/BuyuKosusu/Content/Meshes/DriedTree/Tex/algo3_normal.uexp" 1849
"W:/UnrealProject/BuyuKosusuGit/BuyuKosusu/BuyuKosusu/Content/Meshes/DriedTree/Tex/algo3_metallic.ubulk" 1850
"W:/UnrealProject/BuyuKosusuGit/BuyuKosusu/BuyuKosusu/Content/Meshes/DriedTree/Tex/algo3_metallic.uasset" 1851
"W:/UnrealProject/BuyuKosusuGit/BuyuKosusu/BuyuKosusu/Content/Meshes/DriedTree/Tex/algo3_metallic.uexp" 1852
"W:/UnrealProject/BuyuKosusuGit/BuyuKosusu/BuyuKosusu/Content/Meshes/DriedTree/Tex/NewMaterial2.uasset" 1853
"W:/UnrealProject/BuyuKosusuGit/BuyuKosusu/BuyuKosusu/Content/Meshes/DriedTree/Tex/NewMaterial2.uexp" 1854
"W:/UnrealProject/BuyuKosusuGit/BuyuKosusu/BuyuKosusu/Content/Meshes/Castle/Textures/Atlas2/AP4_Atlas_2_Normal_DX.ubulk" 1855
"W:/UnrealProject/BuyuKosusuGit/BuyuKosusu/BuyuKosusu/Content/Meshes/Castle/Textures/Atlas2/AP4_Atlas_2_Normal_DX.uasset" 1856
"W:/UnrealProject/BuyuKosusuGit/BuyuKosusu/BuyuKosusu/Content/Meshes/Castle/Textures/Atlas2/AP4_Atlas_2_Normal_DX.uexp" 1857
"W:/UnrealProject/BuyuKosusuGit/BuyuKosusu/BuyuKosusu/Content/Meshes/Castle/Textures/Atlas2/AP4_Atlas_2_BaseColor.ubulk" 1858
"W:/UnrealProject/BuyuKosusuGit/BuyuKosusu/BuyuKosusu/Content/Meshes/Castle/Textures/Atlas2/AP4_Atlas_2_BaseColor.uasset" 1859
"W:/UnrealProject/BuyuKosusuGit/BuyuKosusu/BuyuKosusu/Content/Meshes/Castle/Textures/Atlas2/AP4_Atlas_2_BaseColor.uexp" 1860
"W:/UnrealProject/BuyuKosusuGit/BuyuKosusu/BuyuKosusu/Content/Meshes/Castle/Textures/Atlas2/AP4_Atlas_2_Roughness.ubulk" 1861
"W:/UnrealProject/BuyuKosusuGit/BuyuKosusu/BuyuKosusu/Content/Meshes/Castle/Textures/Atlas2/AP4_Atlas_2_Roughness.uasset" 1862
"W:/UnrealProject/BuyuKosusuGit/BuyuKosusu/BuyuKosusu/Content/Meshes/Castle/Textures/Atlas2/AP4_Atlas_2_Roughness.uexp" 1863
"W:/UnrealProject/BuyuKosusuGit/BuyuKosusu/BuyuKosusu/Content/Meshes/Castle/Materials/Atlas2.uasset" 1864
"W:/UnrealProject/BuyuKosusuGit/BuyuKosusu/BuyuKosusu/Content/Meshes/Castle/Materials/Atlas2.uexp" 1865
"W:/UnrealProject/BuyuKosusuGit/BuyuKosusu/BuyuKosusu/Content/Meshes/Castle/A2_Stone1.ubulk" 1866
"W:/UnrealProject/BuyuKosusuGit/BuyuKosusu/BuyuKosusu/Content/Meshes/Castle/A2_Stone1.uasset" 1867
"W:/UnrealProject/BuyuKosusuGit/BuyuKosusu/BuyuKosusu/Content/Meshes/Castle/A2_Stone1.uexp" 1868
"../../../Engine/Content/EngineResources/DefaultTexture.ubulk" 1869
"../../../Engine/Content/EngineResources/DefaultTexture.uasset" 1870
"../../../Engine/Content/EngineResources/DefaultTexture.uexp" 1871
"W:/UnrealProject/BuyuKosusuGit/BuyuKosusu/BuyuKosusu/Content/Low_Poly_Viking_World/Textures/T_Atlas_N.ubulk" 1872
"W:/UnrealProject/BuyuKosusuGit/BuyuKosusu/BuyuKosusu/Content/Low_Poly_Viking_World/Textures/T_Atlas_N.uasset" 1873
"W:/UnrealProject/BuyuKosusuGit/BuyuKosusu/BuyuKosusu/Content/Low_Poly_Viking_World/Textures/T_Atlas_N.uexp" 1874
"W:/UnrealProject/BuyuKosusuGit/BuyuKosusu/BuyuKosusu/Content/Low_Poly_Viking_World/Materials/M_Base.uasset" 1875
"W:/UnrealProject/BuyuKosusuGit/BuyuKosusu/BuyuKosusu/Content/Low_Poly_Viking_World/Materials/M_Base.uexp" 1876
"W:/UnrealProject/BuyuKosusuGit/BuyuKosusu/BuyuKosusu/Content/Low_Poly_Viking_World/Materials/Atlas/MI_Atlas_01.uasset" 1877
"W:/UnrealProject/BuyuKosusuGit/BuyuKosusu/BuyuKosusu/Content/Low_Poly_Viking_World/Materials/Atlas/MI_Atlas_01.uexp" 1878
"W:/UnrealProject/BuyuKosusuGit/BuyuKosusu/BuyuKosusu/Content/Low_Poly_Viking_World/Models/Props/Woods/SM_Wood_Dock_4m_D.ubulk" 1879
"W:/UnrealProject/BuyuKosusuGit/BuyuKosusu/BuyuKosusu/Content/Low_Poly_Viking_World/Models/Props/Woods/SM_Wood_Dock_4m_D.uasset" 1880
"W:/UnrealProject/BuyuKosusuGit/BuyuKosusu/BuyuKosusu/Content/Low_Poly_Viking_World/Models/Props/Woods/SM_Wood_Dock_4m_D.uexp" 1881
"W:/UnrealProject/BuyuKosusuGit/BuyuKosusu/BuyuKosusu/Content/Meshes/Castle/Textures/Atlas3/AP4_Atlas_3_Roughness.ubulk" 1882
"W:/UnrealProject/BuyuKosusuGit/BuyuKosusu/BuyuKosusu/Content/Meshes/Castle/Textures/Atlas3/AP4_Atlas_3_Roughness.uasset" 1883
"W:/UnrealProject/BuyuKosusuGit/BuyuKosusu/BuyuKosusu/Content/Meshes/Castle/Textures/Atlas3/AP4_Atlas_3_Roughness.uexp" 1884
"W:/UnrealProject/BuyuKosusuGit/BuyuKosusu/BuyuKosusu/Content/Meshes/Castle/Textures/Atlas3/AP4_Atlas_3_Normal_DX.ubulk" 1885
"W:/UnrealProject/BuyuKosusuGit/BuyuKosusu/BuyuKosusu/Content/Meshes/Castle/Textures/Atlas3/AP4_Atlas_3_Normal_DX.uasset" 1886
"W:/UnrealProject/BuyuKosusuGit/BuyuKosusu/BuyuKosusu/Content/Meshes/Castle/Textures/Atlas3/AP4_Atlas_3_Normal_DX.uexp" 1887
"W:/UnrealProject/BuyuKosusuGit/BuyuKosusu/BuyuKosusu/Content/Meshes/Castle/Textures/Atlas3/AP4_Atlas_3_BaseColor.ubulk" 1888
"W:/UnrealProject/BuyuKosusuGit/BuyuKosusu/BuyuKosusu/Content/Meshes/Castle/Textures/Atlas3/AP4_Atlas_3_BaseColor.uasset" 1889
"W:/UnrealProject/BuyuKosusuGit/BuyuKosusu/BuyuKosusu/Content/Meshes/Castle/Textures/Atlas3/AP4_Atlas_3_BaseColor.uexp" 1890
"W:/UnrealProject/BuyuKosusuGit/BuyuKosusu/BuyuKosusu/Content/Meshes/Castle/Materials/Atlas3.uasset" 1891
"W:/UnrealProject/BuyuKosusuGit/BuyuKosusu/BuyuKosusu/Content/Meshes/Castle/Materials/Atlas3.uexp" 1892
"W:/UnrealProject/BuyuKosusuGit/BuyuKosusu/BuyuKosusu/Content/Meshes/Castle/A3_LongStone1.ubulk" 1893
"W:/UnrealProject/BuyuKosusuGit/BuyuKosusu/BuyuKosusu/Content/Meshes/Castle/A3_LongStone1.uasset" 1894
"W:/UnrealProject/BuyuKosusuGit/BuyuKosusu/BuyuKosusu/Content/Meshes/Castle/A3_LongStone1.uexp" 1895
"W:/UnrealProject/BuyuKosusuGit/BuyuKosusu/BuyuKosusu/Content/VFX/MixedVFX/Materials/M_SimpleDissolver.uasset" 1896
"W:/UnrealProject/BuyuKosusuGit/BuyuKosusu/BuyuKosusu/Content/VFX/MixedVFX/Materials/M_SimpleDissolver.uexp" 1897
"W:/UnrealProject/BuyuKosusuGit/BuyuKosusu/BuyuKosusu/Content/VFX/MixedVFX/Materials/MaterialInstances/MI_Aura_01.uasset" 1898
"W:/UnrealProject/BuyuKosusuGit/BuyuKosusu/BuyuKosusu/Content/VFX/MixedVFX/Materials/MaterialInstances/MI_Aura_01.uexp" 1899
"W:/UnrealProject/BuyuKosusuGit/BuyuKosusu/BuyuKosusu/Content/VFX/MixedVFX/Particles/Mix/NS_Mix_02.uasset" 1900
"W:/UnrealProject/BuyuKosusuGit/BuyuKosusu/BuyuKosusu/Content/VFX/MixedVFX/Particles/Mix/NS_Mix_02.uexp" 1901
"W:/UnrealProject/BuyuKosusuGit/BuyuKosusu/BuyuKosusu/Content/Stylized_PBR_Nature/Foliage/Materials/MI_Grass.uasset" 1902
"W:/UnrealProject/BuyuKosusuGit/BuyuKosusu/BuyuKosusu/Content/Stylized_PBR_Nature/Foliage/Materials/MI_Grass.uexp" 1903
"W:/UnrealProject/BuyuKosusuGit/BuyuKosusu/BuyuKosusu/Content/Stylized_PBR_Nature/Foliage/Assets/SM_Grass.ubulk" 1904
"W:/UnrealProject/BuyuKosusuGit/BuyuKosusu/BuyuKosusu/Content/Stylized_PBR_Nature/Foliage/Assets/SM_Grass.uasset" 1905
"W:/UnrealProject/BuyuKosusuGit/BuyuKosusu/BuyuKosusu/Content/Stylized_PBR_Nature/Foliage/Assets/SM_Grass.uexp" 1906
"W:/UnrealProject/BuyuKosusuGit/BuyuKosusu/BuyuKosusu/Content/Meshes/vikingsedited/SM_Sack_02_D.ubulk" 1907
"W:/UnrealProject/BuyuKosusuGit/BuyuKosusu/BuyuKosusu/Content/Meshes/vikingsedited/SM_Sack_02_D.uasset" 1908
"W:/UnrealProject/BuyuKosusuGit/BuyuKosusu/BuyuKosusu/Content/Meshes/vikingsedited/SM_Sack_02_D.uexp" 1909
"W:/UnrealProject/BuyuKosusuGit/BuyuKosusu/BuyuKosusu/Content/LandscapeSave/RealRock2_LayerInfo5.uasset" 1910
"W:/UnrealProject/BuyuKosusuGit/BuyuKosusu/BuyuKosusu/Content/LandscapeSave/RealRock2_LayerInfo5.uexp" 1911
"W:/UnrealProject/BuyuKosusuGit/BuyuKosusu/BuyuKosusu/Content/LUSH_StylizedEnvironmentSet/Foliage/Flowers/SM_FlowerClump_B_01.uasset" 1912
"W:/UnrealProject/BuyuKosusuGit/BuyuKosusu/BuyuKosusu/Content/LUSH_StylizedEnvironmentSet/Foliage/Flowers/SM_FlowerClump_B_01.uexp" 1913
"W:/UnrealProject/BuyuKosusuGit/BuyuKosusu/BuyuKosusu/Content/VFX/MixedVFX/Materials/MaterialInstances/MI_Fire.uasset" 1914
"W:/UnrealProject/BuyuKosusuGit/BuyuKosusu/BuyuKosusu/Content/VFX/MixedVFX/Materials/MaterialInstances/MI_Fire.uexp" 1915
"W:/UnrealProject/BuyuKosusuGit/BuyuKosusu/BuyuKosusu/Content/VFX/MixedVFX/Particles/Fires/NS_FlameThrower.uasset" 1916
"W:/UnrealProject/BuyuKosusuGit/BuyuKosusu/BuyuKosusu/Content/VFX/MixedVFX/Particles/Fires/NS_FlameThrower.uexp" 1917
"W:/UnrealProject/BuyuKosusuGit/BuyuKosusu/BuyuKosusu/Content/Stylized_PBR_Nature/Rocks/Assets/SM_S_Rock_07.ubulk" 1918
"W:/UnrealProject/BuyuKosusuGit/BuyuKosusu/BuyuKosusu/Content/Stylized_PBR_Nature/Rocks/Assets/SM_S_Rock_07.uasset" 1919
"W:/UnrealProject/BuyuKosusuGit/BuyuKosusu/BuyuKosusu/Content/Stylized_PBR_Nature/Rocks/Assets/SM_S_Rock_07.uexp" 1920
"W:/UnrealProject/BuyuKosusuGit/BuyuKosusu/BuyuKosusu/Content/Stylized_PBR_Nature/Foliage/Textures/T_Fern_D.ubulk" 1921
"W:/UnrealProject/BuyuKosusuGit/BuyuKosusu/BuyuKosusu/Content/Stylized_PBR_Nature/Foliage/Textures/T_Fern_D.uasset" 1922
"W:/UnrealProject/BuyuKosusuGit/BuyuKosusu/BuyuKosusu/Content/Stylized_PBR_Nature/Foliage/Textures/T_Fern_D.uexp" 1923
"W:/UnrealProject/BuyuKosusuGit/BuyuKosusu/BuyuKosusu/Content/Stylized_PBR_Nature/Foliage/Materials/MI_Fern.uasset" 1924
"W:/UnrealProject/BuyuKosusuGit/BuyuKosusu/BuyuKosusu/Content/Stylized_PBR_Nature/Foliage/Materials/MI_Fern.uexp" 1925
"W:/UnrealProject/BuyuKosusuGit/BuyuKosusu/BuyuKosusu/Content/Stylized_PBR_Nature/Foliage/Assets/SM_Fern.ubulk" 1926
"W:/UnrealProject/BuyuKosusuGit/BuyuKosusu/BuyuKosusu/Content/Stylized_PBR_Nature/Foliage/Assets/SM_Fern.uasset" 1927
"W:/UnrealProject/BuyuKosusuGit/BuyuKosusu/BuyuKosusu/Content/Stylized_PBR_Nature/Foliage/Assets/SM_Fern.uexp" 1928
"W:/UnrealProject/BuyuKosusuGit/BuyuKosusu/BuyuKosusu/Content/Stylized_PBR_Nature/Foliage/Assets/SM_Pine_Tree_1.ubulk" 1929
"W:/UnrealProject/BuyuKosusuGit/BuyuKosusu/BuyuKosusu/Content/Stylized_PBR_Nature/Foliage/Assets/SM_Pine_Tree_1.uasset" 1930
"W:/UnrealProject/BuyuKosusuGit/BuyuKosusu/BuyuKosusu/Content/Stylized_PBR_Nature/Foliage/Assets/SM_Pine_Tree_1.uexp" 1931
"W:/UnrealProject/BuyuKosusuGit/BuyuKosusu/BuyuKosusu/Content/Stylized_PBR_Nature/Foliage/FoliageTypes/SM_Pine_Tree_1_FoliageType.uasset" 1932
"W:/UnrealProject/BuyuKosusuGit/BuyuKosusu/BuyuKosusu/Content/Stylized_PBR_Nature/Foliage/FoliageTypes/SM_Pine_Tree_1_FoliageType.uexp" 1933
"W:/UnrealProject/BuyuKosusuGit/BuyuKosusu/BuyuKosusu/Content/Meshes/vikingsedited/SM_Firepit_02.ubulk" 1934
"W:/UnrealProject/BuyuKosusuGit/BuyuKosusu/BuyuKosusu/Content/Meshes/vikingsedited/SM_Firepit_02.uasset" 1935
"W:/UnrealProject/BuyuKosusuGit/BuyuKosusu/BuyuKosusu/Content/Meshes/vikingsedited/SM_Firepit_02.uexp" 1936
"W:/UnrealProject/BuyuKosusuGit/BuyuKosusu/BuyuKosusu/Content/Low_Poly_Viking_World/Models/Props/Fences/SM_Fence_02_B.ubulk" 1937
"W:/UnrealProject/BuyuKosusuGit/BuyuKosusu/BuyuKosusu/Content/Low_Poly_Viking_World/Models/Props/Fences/SM_Fence_02_B.uasset" 1938
"W:/UnrealProject/BuyuKosusuGit/BuyuKosusu/BuyuKosusu/Content/Low_Poly_Viking_World/Models/Props/Fences/SM_Fence_02_B.uexp" 1939
"W:/UnrealProject/BuyuKosusuGit/BuyuKosusu/BuyuKosusu/Content/LUSH_StylizedEnvironmentSet/StylizedWaterComponent/Materials/MI_Water_01_WavesDisabled.uasset" 1940
"W:/UnrealProject/BuyuKosusuGit/BuyuKosusu/BuyuKosusu/Content/LUSH_StylizedEnvironmentSet/StylizedWaterComponent/Materials/MI_Water_01_WavesDisabled.uexp" 1941
"W:/UnrealProject/BuyuKosusuGit/BuyuKosusu/BuyuKosusu/Content/LUSH_StylizedEnvironmentSet/StylizedWaterComponent/Meshes/SM_WaterSurface_Circle_32.ubulk" 1942
"W:/UnrealProject/BuyuKosusuGit/BuyuKosusu/BuyuKosusu/Content/LUSH_StylizedEnvironmentSet/StylizedWaterComponent/Meshes/SM_WaterSurface_Circle_32.uasset" 1943
"W:/UnrealProject/BuyuKosusuGit/BuyuKosusu/BuyuKosusu/Content/LUSH_StylizedEnvironmentSet/StylizedWaterComponent/Meshes/SM_WaterSurface_Circle_32.uexp" 1944
"W:/UnrealProject/BuyuKosusuGit/BuyuKosusu/BuyuKosusu/Content/LUSH_StylizedEnvironmentSet/StylizedWaterComponent/Materials/M_WaterVolume_Preview.uasset" 1945
"W:/UnrealProject/BuyuKosusuGit/BuyuKosusu/BuyuKosusu/Content/LUSH_StylizedEnvironmentSet/StylizedWaterComponent/Materials/M_WaterVolume_Preview.uexp" 1946
"W:/UnrealProject/BuyuKosusuGit/BuyuKosusu/BuyuKosusu/Content/LUSH_StylizedEnvironmentSet/StylizedWaterComponent/Meshes/SM_WaterVolume.ubulk" 1947
"W:/UnrealProject/BuyuKosusuGit/BuyuKosusu/BuyuKosusu/Content/LUSH_StylizedEnvironmentSet/StylizedWaterComponent/Meshes/SM_WaterVolume.uasset" 1948
"W:/UnrealProject/BuyuKosusuGit/BuyuKosusu/BuyuKosusu/Content/LUSH_StylizedEnvironmentSet/StylizedWaterComponent/Meshes/SM_WaterVolume.uexp" 1949
"W:/UnrealProject/BuyuKosusuGit/BuyuKosusu/BuyuKosusu/Content/LUSH_StylizedEnvironmentSet/StylizedWaterComponent/Meshes/SM_WaterVolume_Cylinder_32.ubulk" 1950
"W:/UnrealProject/BuyuKosusuGit/BuyuKosusu/BuyuKosusu/Content/LUSH_StylizedEnvironmentSet/StylizedWaterComponent/Meshes/SM_WaterVolume_Cylinder_32.uasset" 1951
"W:/UnrealProject/BuyuKosusuGit/BuyuKosusu/BuyuKosusu/Content/LUSH_StylizedEnvironmentSet/StylizedWaterComponent/Meshes/SM_WaterVolume_Cylinder_32.uexp" 1952
"W:/UnrealProject/BuyuKosusuGit/BuyuKosusu/BuyuKosusu/Content/LUSH_StylizedEnvironmentSet/StylizedWaterComponent/Assets/Materials/MF_RemapValueRange_Vector3.uasset" 1953
"W:/UnrealProject/BuyuKosusuGit/BuyuKosusu/BuyuKosusu/Content/LUSH_StylizedEnvironmentSet/StylizedWaterComponent/Assets/Materials/MF_RemapValueRange_Vector3.uexp" 1954
"W:/UnrealProject/BuyuKosusuGit/BuyuKosusu/BuyuKosusu/Content/LUSH_StylizedEnvironmentSet/StylizedWaterComponent/Assets/Materials/MF_ClampToNightSkyColor.uasset" 1955
"W:/UnrealProject/BuyuKosusuGit/BuyuKosusu/BuyuKosusu/Content/LUSH_StylizedEnvironmentSet/StylizedWaterComponent/Assets/Materials/MF_ClampToNightSkyColor.uexp" 1956
"W:/UnrealProject/BuyuKosusuGit/BuyuKosusu/BuyuKosusu/Content/LUSH_StylizedEnvironmentSet/StylizedWaterComponent/Materials/M_PP_Underwater.uasset" 1957
"W:/UnrealProject/BuyuKosusuGit/BuyuKosusu/BuyuKosusu/Content/LUSH_StylizedEnvironmentSet/StylizedWaterComponent/Materials/M_PP_Underwater.uexp" 1958
"W:/UnrealProject/BuyuKosusuGit/BuyuKosusu/BuyuKosusu/Content/LUSH_StylizedEnvironmentSet/StylizedWaterComponent/MaterialFunctions/MF_AmbientBlur.uasset" 1959
"W:/UnrealProject/BuyuKosusuGit/BuyuKosusu/BuyuKosusu/Content/LUSH_StylizedEnvironmentSet/StylizedWaterComponent/MaterialFunctions/MF_AmbientBlur.uexp" 1960
"W:/UnrealProject/BuyuKosusuGit/BuyuKosusu/BuyuKosusu/Content/LUSH_StylizedEnvironmentSet/StylizedWaterComponent/Materials/M_PP_UnderwaterAmbiance_Experimental.uasset" 1961
"W:/UnrealProject/BuyuKosusuGit/BuyuKosusu/BuyuKosusu/Content/LUSH_StylizedEnvironmentSet/StylizedWaterComponent/Materials/M_PP_UnderwaterAmbiance_Experimental.uexp" 1962
"W:/UnrealProject/BuyuKosusuGit/BuyuKosusu/BuyuKosusu/Content/LUSH_StylizedEnvironmentSet/StylizedWaterComponent/Texture/T_FX_BlurNoise.ubulk" 1963
"W:/UnrealProject/BuyuKosusuGit/BuyuKosusu/BuyuKosusu/Content/LUSH_StylizedEnvironmentSet/StylizedWaterComponent/Texture/T_FX_BlurNoise.uasset" 1964
"W:/UnrealProject/BuyuKosusuGit/BuyuKosusu/BuyuKosusu/Content/LUSH_StylizedEnvironmentSet/StylizedWaterComponent/Texture/T_FX_BlurNoise.uexp" 1965
"W:/UnrealProject/BuyuKosusuGit/BuyuKosusu/BuyuKosusu/Content/LUSH_StylizedEnvironmentSet/StylizedWaterComponent/Texture/T_FX_Caustic_02.ubulk" 1966
"W:/UnrealProject/BuyuKosusuGit/BuyuKosusu/BuyuKosusu/Content/LUSH_StylizedEnvironmentSet/StylizedWaterComponent/Texture/T_FX_Caustic_02.uasset" 1967
"W:/UnrealProject/BuyuKosusuGit/BuyuKosusu/BuyuKosusu/Content/LUSH_StylizedEnvironmentSet/StylizedWaterComponent/Texture/T_FX_Caustic_02.uexp" 1968
"W:/UnrealProject/BuyuKosusuGit/BuyuKosusu/BuyuKosusu/Content/LUSH_StylizedEnvironmentSet/StylizedWaterComponent/Materials/M_D_Caustics.uasset" 1969
"W:/UnrealProject/BuyuKosusuGit/BuyuKosusu/BuyuKosusu/Content/LUSH_StylizedEnvironmentSet/StylizedWaterComponent/Materials/M_D_Caustics.uexp" 1970
"W:/UnrealProject/BuyuKosusuGit/BuyuKosusu/BuyuKosusu/Content/LUSH_StylizedEnvironmentSet/StylizedWaterComponent/Meshes/SM_WaterSurface.ubulk" 1971
"W:/UnrealProject/BuyuKosusuGit/BuyuKosusu/BuyuKosusu/Content/LUSH_StylizedEnvironmentSet/StylizedWaterComponent/Meshes/SM_WaterSurface.uasset" 1972
"W:/UnrealProject/BuyuKosusuGit/BuyuKosusu/BuyuKosusu/Content/LUSH_StylizedEnvironmentSet/StylizedWaterComponent/Meshes/SM_WaterSurface.uexp" 1973
"W:/UnrealProject/BuyuKosusuGit/BuyuKosusu/BuyuKosusu/Content/LUSH_StylizedEnvironmentSet/StylizedWaterComponent/BP_SimpleWaterVolume.uasset" 1974
"W:/UnrealProject/BuyuKosusuGit/BuyuKosusu/BuyuKosusu/Content/LUSH_StylizedEnvironmentSet/StylizedWaterComponent/BP_SimpleWaterVolume.uexp" 1975
"W:/UnrealProject/BuyuKosusuGit/BuyuKosusu/BuyuKosusu/Content/Stylized_PBR_Nature/Rocks/Materials/MI_R_Rock_1-5.uasset" 1976
"W:/UnrealProject/BuyuKosusuGit/BuyuKosusu/BuyuKosusu/Content/Stylized_PBR_Nature/Rocks/Materials/MI_R_Rock_1-5.uexp" 1977
"W:/UnrealProject/BuyuKosusuGit/BuyuKosusu/BuyuKosusu/Content/Stylized_PBR_Nature/Rocks/Assets/SM_R_Rock_03.ubulk" 1978
"W:/UnrealProject/BuyuKosusuGit/BuyuKosusu/BuyuKosusu/Content/Stylized_PBR_Nature/Rocks/Assets/SM_R_Rock_03.uasset" 1979
"W:/UnrealProject/BuyuKosusuGit/BuyuKosusu/BuyuKosusu/Content/Stylized_PBR_Nature/Rocks/Assets/SM_R_Rock_03.uexp" 1980
"W:/UnrealProject/BuyuKosusuGit/BuyuKosusu/BuyuKosusu/Content/Stylized_PBR_Nature/Foliage/Textures/T_Common_Tree_Leaves_D.ubulk" 1981
"W:/UnrealProject/BuyuKosusuGit/BuyuKosusu/BuyuKosusu/Content/Stylized_PBR_Nature/Foliage/Textures/T_Common_Tree_Leaves_D.uasset" 1982
"W:/UnrealProject/BuyuKosusuGit/BuyuKosusu/BuyuKosusu/Content/Stylized_PBR_Nature/Foliage/Textures/T_Common_Tree_Leaves_D.uexp" 1983
"W:/UnrealProject/BuyuKosusuGit/BuyuKosusu/BuyuKosusu/Content/Stylized_PBR_Nature/Foliage/Materials/MI_Bush.uasset" 1984
"W:/UnrealProject/BuyuKosusuGit/BuyuKosusu/BuyuKosusu/Content/Stylized_PBR_Nature/Foliage/Materials/MI_Bush.uexp" 1985
"W:/UnrealProject/BuyuKosusuGit/BuyuKosusu/BuyuKosusu/Content/Stylized_PBR_Nature/Foliage/Assets/SM_Bush.ubulk" 1986
"W:/UnrealProject/BuyuKosusuGit/BuyuKosusu/BuyuKosusu/Content/Stylized_PBR_Nature/Foliage/Assets/SM_Bush.uasset" 1987
"W:/UnrealProject/BuyuKosusuGit/BuyuKosusu/BuyuKosusu/Content/Stylized_PBR_Nature/Foliage/Assets/SM_Bush.uexp" 1988
"../../../Engine/Content/EngineSky/T_Sky_Stars.ubulk" 1989
"../../../Engine/Content/EngineSky/T_Sky_Stars.uasset" 1990
"../../../Engine/Content/EngineSky/T_Sky_Stars.uexp" 1991
"../../../Engine/Content/EngineSky/T_Sky_Clouds_M.ubulk" 1992
"../../../Engine/Content/EngineSky/T_Sky_Clouds_M.uasset" 1993
"../../../Engine/Content/EngineSky/T_Sky_Clouds_M.uexp" 1994
"../../../Engine/Content/EngineSky/T_Sky_Blue.ubulk" 1995
"../../../Engine/Content/EngineSky/T_Sky_Blue.uasset" 1996
"../../../Engine/Content/EngineSky/T_Sky_Blue.uexp" 1997
"../../../Engine/Content/EngineSky/M_Sky_Panning_Clouds2.uasset" 1998
"../../../Engine/Content/EngineSky/M_Sky_Panning_Clouds2.uexp" 1999
"../../../Engine/Content/EngineSky/SM_SkySphere.ubulk" 2000
"../../../Engine/Content/EngineSky/SM_SkySphere.uasset" 2001
"../../../Engine/Content/EngineSky/SM_SkySphere.uexp" 2002
"W:/UnrealProject/BuyuKosusuGit/BuyuKosusu/BuyuKosusu/Content/Stylized_PBR_Nature/Rocks/Assets/SM_R_Rock_02.ubulk" 2003
"W:/UnrealProject/BuyuKosusuGit/BuyuKosusu/BuyuKosusu/Content/Stylized_PBR_Nature/Rocks/Assets/SM_R_Rock_02.uasset" 2004
"W:/UnrealProject/BuyuKosusuGit/BuyuKosusu/BuyuKosusu/Content/Stylized_PBR_Nature/Rocks/Assets/SM_R_Rock_02.uexp" 2005
"W:/UnrealProject/BuyuKosusuGit/BuyuKosusu/BuyuKosusu/Content/Meshes/vikingsedited/SM_Ladder_01.ubulk" 2006
"W:/UnrealProject/BuyuKosusuGit/BuyuKosusu/BuyuKosusu/Content/Meshes/vikingsedited/SM_Ladder_01.uasset" 2007
"W:/UnrealProject/BuyuKosusuGit/BuyuKosusu/BuyuKosusu/Content/Meshes/vikingsedited/SM_Ladder_01.uexp" 2008
"W:/UnrealProject/BuyuKosusuGit/BuyuKosusu/BuyuKosusu/Content/Blueprints/BP_Ladder.uasset" 2009
"W:/UnrealProject/BuyuKosusuGit/BuyuKosusu/BuyuKosusu/Content/Blueprints/BP_Ladder.uexp" 2010
"W:/UnrealProject/BuyuKosusuGit/BuyuKosusu/BuyuKosusu/Content/Meshes/Castle/A2_Stone5.ubulk" 2011
"W:/UnrealProject/BuyuKosusuGit/BuyuKosusu/BuyuKosusu/Content/Meshes/Castle/A2_Stone5.uasset" 2012
"W:/UnrealProject/BuyuKosusuGit/BuyuKosusu/BuyuKosusu/Content/Meshes/Castle/A2_Stone5.uexp" 2013
"../../../Engine/Content/BasicShapes/Cylinder.ubulk" 2014
"../../../Engine/Content/BasicShapes/Cylinder.uasset" 2015
"../../../Engine/Content/BasicShapes/Cylinder.uexp" 2016
"W:/UnrealProject/BuyuKosusuGit/BuyuKosusu/BuyuKosusu/Content/Meshes/C_10014_ncl1_1.ubulk" 2017
"W:/UnrealProject/BuyuKosusuGit/BuyuKosusu/BuyuKosusu/Content/Meshes/C_10014_ncl1_1.uasset" 2018
"W:/UnrealProject/BuyuKosusuGit/BuyuKosusu/BuyuKosusu/Content/Meshes/C_10014_ncl1_1.uexp" 2019
"W:/UnrealProject/BuyuKosusuGit/BuyuKosusu/BuyuKosusu/Content/Meshes/C_10015.uasset" 2020
"W:/UnrealProject/BuyuKosusuGit/BuyuKosusu/BuyuKosusu/Content/Meshes/C_10015.uexp" 2021
"W:/UnrealProject/BuyuKosusuGit/BuyuKosusu/BuyuKosusu/Content/Meshes/trap3.ubulk" 2022
"W:/UnrealProject/BuyuKosusuGit/BuyuKosusu/BuyuKosusu/Content/Meshes/trap3.uasset" 2023
"W:/UnrealProject/BuyuKosusuGit/BuyuKosusu/BuyuKosusu/Content/Meshes/trap3.uexp" 2024
"W:/UnrealProject/BuyuKosusuGit/BuyuKosusu/BuyuKosusu/Content/Meshes/trap.ubulk" 2025
"W:/UnrealProject/BuyuKosusuGit/BuyuKosusu/BuyuKosusu/Content/Meshes/trap.uasset" 2026
"W:/UnrealProject/BuyuKosusuGit/BuyuKosusu/BuyuKosusu/Content/Meshes/trap.uexp" 2027
"W:/UnrealProject/BuyuKosusuGit/BuyuKosusu/BuyuKosusu/Content/Blueprints/BP_Trap.uasset" 2028
"W:/UnrealProject/BuyuKosusuGit/BuyuKosusu/BuyuKosusu/Content/Blueprints/BP_Trap.uexp" 2029
"W:/UnrealProject/BuyuKosusuGit/BuyuKosusu/BuyuKosusu/Content/Meshes/WispRIGGED/blendermaterials/lower_wing.uasset" 2030
"W:/UnrealProject/BuyuKosusuGit/BuyuKosusu/BuyuKosusu/Content/Meshes/WispRIGGED/blendermaterials/lower_wing.uexp" 2031
"W:/UnrealProject/BuyuKosusuGit/BuyuKosusu/BuyuKosusu/Content/Meshes/WispRIGGED/blendermaterials/lambert6.uasset" 2032
"W:/UnrealProject/BuyuKosusuGit/BuyuKosusu/BuyuKosusu/Content/Meshes/WispRIGGED/blendermaterials/lambert6.uexp" 2033
"W:/UnrealProject/BuyuKosusuGit/BuyuKosusu/BuyuKosusu/Content/Meshes/WispRIGGED/blendermaterials/yellow_fairy.uasset" 2034
"W:/UnrealProject/BuyuKosusuGit/BuyuKosusu/BuyuKosusu/Content/Meshes/WispRIGGED/blendermaterials/yellow_fairy.uexp" 2035
"W:/UnrealProject/BuyuKosusuGit/BuyuKosusu/BuyuKosusu/Content/Meshes/WispRIGGED/blendermaterials/fairy_wings.uasset" 2036
"W:/UnrealProject/BuyuKosusuGit/BuyuKosusu/BuyuKosusu/Content/Meshes/WispRIGGED/blendermaterials/fairy_wings.uexp" 2037
"W:/UnrealProject/BuyuKosusuGit/BuyuKosusu/BuyuKosusu/Content/Meshes/WispRIGGED/blendermaterials/blue_trail.uasset" 2038
"W:/UnrealProject/BuyuKosusuGit/BuyuKosusu/BuyuKosusu/Content/Meshes/WispRIGGED/blendermaterials/blue_trail.uexp" 2039
"W:/UnrealProject/BuyuKosusuGit/BuyuKosusu/BuyuKosusu/Content/Meshes/WispRIGGED/blendermaterials/yellow_trail.uasset" 2040
"W:/UnrealProject/BuyuKosusuGit/BuyuKosusu/BuyuKosusu/Content/Meshes/WispRIGGED/blendermaterials/yellow_trail.uexp" 2041
"W:/UnrealProject/BuyuKosusuGit/BuyuKosusu/BuyuKosusu/Content/Meshes/WispRIGGED/WispRIGGED_Skeleton.uasset" 2042
"W:/UnrealProject/BuyuKosusuGit/BuyuKosusu/BuyuKosusu/Content/Meshes/WispRIGGED/WispRIGGED_Skeleton.uexp" 2043
"W:/UnrealProject/BuyuKosusuGit/BuyuKosusu/BuyuKosusu/Content/Meshes/WispRIGGED/blendermaterials/eyes.uasset" 2044
"W:/UnrealProject/BuyuKosusuGit/BuyuKosusu/BuyuKosusu/Content/Meshes/WispRIGGED/blendermaterials/eyes.uexp" 2045
"W:/UnrealProject/BuyuKosusuGit/BuyuKosusu/BuyuKosusu/Content/Meshes/WispRIGGED/blendermaterials/blue_fairy.uasset" 2046
"W:/UnrealProject/BuyuKosusuGit/BuyuKosusu/BuyuKosusu/Content/Meshes/WispRIGGED/blendermaterials/blue_fairy.uexp" 2047
"W:/UnrealProject/BuyuKosusuGit/BuyuKosusu/BuyuKosusu/Content/Meshes/WispRIGGED/blendermaterials/lambert3.uasset" 2048
"W:/UnrealProject/BuyuKosusuGit/BuyuKosusu/BuyuKosusu/Content/Meshes/WispRIGGED/blendermaterials/lambert3.uexp" 2049
"W:/UnrealProject/BuyuKosusuGit/BuyuKosusu/BuyuKosusu/Content/Meshes/WispRIGGED/blendermaterials/lambert4.uasset" 2050
"W:/UnrealProject/BuyuKosusuGit/BuyuKosusu/BuyuKosusu/Content/Meshes/WispRIGGED/blendermaterials/lambert4.uexp" 2051
"W:/UnrealProject/BuyuKosusuGit/BuyuKosusu/BuyuKosusu/Content/Meshes/WispRIGGED/blendermaterials/pink_trail.uasset" 2052
"W:/UnrealProject/BuyuKosusuGit/BuyuKosusu/BuyuKosusu/Content/Meshes/WispRIGGED/blendermaterials/pink_trail.uexp" 2053
"W:/UnrealProject/BuyuKosusuGit/BuyuKosusu/BuyuKosusu/Content/Meshes/WispRIGGED/blendermaterials/lambert2.uasset" 2054
"W:/UnrealProject/BuyuKosusuGit/BuyuKosusu/BuyuKosusu/Content/Meshes/WispRIGGED/blendermaterials/lambert2.uexp" 2055
"W:/UnrealProject/BuyuKosusuGit/BuyuKosusu/BuyuKosusu/Content/Meshes/WispRIGGED/blendermaterials/pink_fairy.uasset" 2056
"W:/UnrealProject/BuyuKosusuGit/BuyuKosusu/BuyuKosusu/Content/Meshes/WispRIGGED/blendermaterials/pink_fairy.uexp" 2057
"W:/UnrealProject/BuyuKosusuGit/BuyuKosusu/BuyuKosusu/Content/Meshes/WispRIGGED/WispRIGGED_PhysicsAsset.uasset" 2058
"W:/UnrealProject/BuyuKosusuGit/BuyuKosusu/BuyuKosusu/Content/Meshes/WispRIGGED/WispRIGGED_PhysicsAsset.uexp" 2059
"W:/UnrealProject/BuyuKosusuGit/BuyuKosusu/BuyuKosusu/Content/Meshes/WispRIGGED/WispRIGGED.uasset" 2060
"W:/UnrealProject/BuyuKosusuGit/BuyuKosusu/BuyuKosusu/Content/Meshes/WispRIGGED/WispRIGGED.uexp" 2061
"W:/UnrealProject/BuyuKosusuGit/BuyuKosusu/BuyuKosusu/Content/Meshes/WispParts/BlenderMaterials/lambert3.uasset" 2062
"W:/UnrealProject/BuyuKosusuGit/BuyuKosusu/BuyuKosusu/Content/Meshes/WispParts/BlenderMaterials/lambert3.uexp" 2063
"W:/UnrealProject/BuyuKosusuGit/BuyuKosusu/BuyuKosusu/Content/Meshes/WispParts/BlenderMaterials/lower_wing.uasset" 2064
"W:/UnrealProject/BuyuKosusuGit/BuyuKosusu/BuyuKosusu/Content/Meshes/WispParts/BlenderMaterials/lower_wing.uexp" 2065
"W:/UnrealProject/BuyuKosusuGit/BuyuKosusu/BuyuKosusu/Content/Meshes/WispParts/BlenderMaterials/lambert6.uasset" 2066
"W:/UnrealProject/BuyuKosusuGit/BuyuKosusu/BuyuKosusu/Content/Meshes/WispParts/BlenderMaterials/lambert6.uexp" 2067
"../../../Engine/Plugins/Animation/ACLPlugin/Content/ACLAnimBoneCompressionSettings.uasset" 2068
"../../../Engine/Plugins/Animation/ACLPlugin/Content/ACLAnimBoneCompressionSettings.uexp" 2069
"../../../Engine/Plugins/Animation/ACLPlugin/Content/ACLAnimCurveCompressionSettings.uasset" 2070
"../../../Engine/Plugins/Animation/ACLPlugin/Content/ACLAnimCurveCompressionSettings.uexp" 2071
"W:/UnrealProject/BuyuKosusuGit/BuyuKosusu/BuyuKosusu/Content/Meshes/WispRIGGED/Wispanim.uasset" 2072
"W:/UnrealProject/BuyuKosusuGit/BuyuKosusu/BuyuKosusu/Content/Meshes/WispRIGGED/Wispanim.uexp" 2073
"W:/UnrealProject/BuyuKosusuGit/BuyuKosusu/BuyuKosusu/Content/Meshes/WispParts/BlenderMaterials/fairy_wings.uasset" 2074
"W:/UnrealProject/BuyuKosusuGit/BuyuKosusu/BuyuKosusu/Content/Meshes/WispParts/BlenderMaterials/fairy_wings.uexp" 2075
"W:/UnrealProject/BuyuKosusuGit/BuyuKosusu/BuyuKosusu/Content/Meshes/WispParts/BlenderMaterials/lambert2.uasset" 2076
"W:/UnrealProject/BuyuKosusuGit/BuyuKosusu/BuyuKosusu/Content/Meshes/WispParts/BlenderMaterials/lambert2.uexp" 2077
"W:/UnrealProject/BuyuKosusuGit/BuyuKosusu/BuyuKosusu/Content/Blueprints/Enemies/BTTask_GoUnderWater.uasset" 2078
"W:/UnrealProject/BuyuKosusuGit/BuyuKosusu/BuyuKosusu/Content/Blueprints/Enemies/BTTask_GoUnderWater.uexp" 2079
"W:/UnrealProject/BuyuKosusuGit/BuyuKosusu/BuyuKosusu/Content/Blueprints/Enemies/BTTask_TakeDamage.uasset" 2080
"W:/UnrealProject/BuyuKosusuGit/BuyuKosusu/BuyuKosusu/Content/Blueprints/Enemies/BTTask_TakeDamage.uexp" 2081
"W:/UnrealProject/BuyuKosusuGit/BuyuKosusu/BuyuKosusu/Content/Blueprints/Enemies/BB_Water.uasset" 2082
"W:/UnrealProject/BuyuKosusuGit/BuyuKosusu/BuyuKosusu/Content/Blueprints/Enemies/BB_Water.uexp" 2083
"W:/UnrealProject/BuyuKosusuGit/BuyuKosusu/BuyuKosusu/Content/Blueprints/Enemies/BTTask_RotateToPlayer.uasset" 2084
"W:/UnrealProject/BuyuKosusuGit/BuyuKosusu/BuyuKosusu/Content/Blueprints/Enemies/BTTask_RotateToPlayer.uexp" 2085
"W:/UnrealProject/BuyuKosusuGit/BuyuKosusu/BuyuKosusu/Content/Blueprints/Enemies/BTTask_CallEvent_PopUp.uasset" 2086
"W:/UnrealProject/BuyuKosusuGit/BuyuKosusu/BuyuKosusu/Content/Blueprints/Enemies/BTTask_CallEvent_PopUp.uexp" 2087
"W:/UnrealProject/BuyuKosusuGit/BuyuKosusu/BuyuKosusu/Content/Blueprints/Enemies/BTTask_ApplyStun.uasset" 2088
"W:/UnrealProject/BuyuKosusuGit/BuyuKosusu/BuyuKosusu/Content/Blueprints/Enemies/BTTask_ApplyStun.uexp" 2089
"W:/UnrealProject/BuyuKosusuGit/BuyuKosusu/BuyuKosusu/Content/Blueprints/Enemies/BTTask_AttackToPlayer.uasset" 2090
"W:/UnrealProject/BuyuKosusuGit/BuyuKosusu/BuyuKosusu/Content/Blueprints/Enemies/BTTask_AttackToPlayer.uexp" 2091
"W:/UnrealProject/BuyuKosusuGit/BuyuKosusu/BuyuKosusu/Content/Blueprints/Enemies/BT_Water.uasset" 2092
"W:/UnrealProject/BuyuKosusuGit/BuyuKosusu/BuyuKosusu/Content/Blueprints/Enemies/BT_Water.uexp" 2093
"W:/UnrealProject/BuyuKosusuGit/BuyuKosusu/BuyuKosusu/Content/Blueprints/Enemies/AIC_Water.uasset" 2094
"W:/UnrealProject/BuyuKosusuGit/BuyuKosusu/BuyuKosusu/Content/Blueprints/Enemies/AIC_Water.uexp" 2095
"W:/UnrealProject/BuyuKosusuGit/BuyuKosusu/BuyuKosusu/Content/Meshes/Octopus.uasset" 2096
"W:/UnrealProject/BuyuKosusuGit/BuyuKosusu/BuyuKosusu/Content/Meshes/Octopus.uexp" 2097
"W:/UnrealProject/BuyuKosusuGit/BuyuKosusu/BuyuKosusu/Content/Meshes/F_PhysicsAsset.uasset" 2098
"W:/UnrealProject/BuyuKosusuGit/BuyuKosusu/BuyuKosusu/Content/Meshes/F_PhysicsAsset.uexp" 2099
"W:/UnrealProject/BuyuKosusuGit/BuyuKosusu/BuyuKosusu/Content/Meshes/F_Skeleton.uasset" 2100
"W:/UnrealProject/BuyuKosusuGit/BuyuKosusu/BuyuKosusu/Content/Meshes/F_Skeleton.uexp" 2101
"W:/UnrealProject/BuyuKosusuGit/BuyuKosusu/BuyuKosusu/Content/Meshes/Cannon.uasset" 2102
"W:/UnrealProject/BuyuKosusuGit/BuyuKosusu/BuyuKosusu/Content/Meshes/Cannon.uexp" 2103
"W:/UnrealProject/BuyuKosusuGit/BuyuKosusu/BuyuKosusu/Content/Meshes/OctopusRed.uasset" 2104
"W:/UnrealProject/BuyuKosusuGit/BuyuKosusu/BuyuKosusu/Content/Meshes/OctopusRed.uexp" 2105
"W:/UnrealProject/BuyuKosusuGit/BuyuKosusu/BuyuKosusu/Content/Meshes/F.uasset" 2106
"W:/UnrealProject/BuyuKosusuGit/BuyuKosusu/BuyuKosusu/Content/Meshes/F.uexp" 2107
"W:/UnrealProject/BuyuKosusuGit/BuyuKosusu/BuyuKosusu/Content/Blueprints/Enemies/BP_WaterEnemy.uasset" 2108
"W:/UnrealProject/BuyuKosusuGit/BuyuKosusu/BuyuKosusu/Content/Blueprints/Enemies/BP_WaterEnemy.uexp" 2109
"W:/UnrealProject/BuyuKosusuGit/BuyuKosusu/BuyuKosusu/Content/Meshes/WispParts/BlenderMaterials/eyes.uasset" 2110
"W:/UnrealProject/BuyuKosusuGit/BuyuKosusu/BuyuKosusu/Content/Meshes/WispParts/BlenderMaterials/eyes.uexp" 2111
"W:/UnrealProject/BuyuKosusuGit/BuyuKosusu/BuyuKosusu/Content/Meshes/WispParts/BlenderMaterials/lambert4.uasset" 2112
"W:/UnrealProject/BuyuKosusuGit/BuyuKosusu/BuyuKosusu/Content/Meshes/WispParts/BlenderMaterials/lambert4.uexp" 2113
"W:/UnrealProject/BuyuKosusuGit/BuyuKosusu/BuyuKosusu/Content/Blueprints/Enemies/BB_Flying.uasset" 2114
"W:/UnrealProject/BuyuKosusuGit/BuyuKosusu/BuyuKosusu/Content/Blueprints/Enemies/BB_Flying.uexp" 2115
"W:/UnrealProject/BuyuKosusuGit/BuyuKosusu/BuyuKosusu/Content/Blueprints/Enemies/BTTask_FlyingRandomLocationSet.uasset" 2116
"W:/UnrealProject/BuyuKosusuGit/BuyuKosusu/BuyuKosusu/Content/Blueprints/Enemies/BTTask_FlyingRandomLocationSet.uexp" 2117
"W:/UnrealProject/BuyuKosusuGit/BuyuKosusu/BuyuKosusu/Content/Blueprints/Enemies/BTTask_FlyingAttack.uasset" 2118
"W:/UnrealProject/BuyuKosusuGit/BuyuKosusu/BuyuKosusu/Content/Blueprints/Enemies/BTTask_FlyingAttack.uexp" 2119
"W:/UnrealProject/BuyuKosusuGit/BuyuKosusu/BuyuKosusu/Content/Blueprints/Enemies/BT_Flying.uasset" 2120
"W:/UnrealProject/BuyuKosusuGit/BuyuKosusu/BuyuKosusu/Content/Blueprints/Enemies/BT_Flying.uexp" 2121
"W:/UnrealProject/BuyuKosusuGit/BuyuKosusu/BuyuKosusu/Content/Blueprints/Enemies/AIC_FlyingEnemy.uasset" 2122
"W:/UnrealProject/BuyuKosusuGit/BuyuKosusu/BuyuKosusu/Content/Blueprints/Enemies/AIC_FlyingEnemy.uexp" 2123
"W:/UnrealProject/BuyuKosusuGit/BuyuKosusu/BuyuKosusu/Content/Blueprints/Enemies/BP_FlyingEnemy.uasset" 2124
"W:/UnrealProject/BuyuKosusuGit/BuyuKosusu/BuyuKosusu/Content/Blueprints/Enemies/BP_FlyingEnemy.uexp" 2125
"W:/UnrealProject/BuyuKosusuGit/BuyuKosusu/BuyuKosusu/Content/Stylized_PBR_Nature/Foliage/Textures/T_Common_Tree_04_ORM.ubulk" 2126
"W:/UnrealProject/BuyuKosusuGit/BuyuKosusu/BuyuKosusu/Content/Stylized_PBR_Nature/Foliage/Textures/T_Common_Tree_04_ORM.uasset" 2127
"W:/UnrealProject/BuyuKosusuGit/BuyuKosusu/BuyuKosusu/Content/Stylized_PBR_Nature/Foliage/Textures/T_Common_Tree_04_ORM.uexp" 2128
"W:/UnrealProject/BuyuKosusuGit/BuyuKosusu/BuyuKosusu/Content/Stylized_PBR_Nature/Foliage/Textures/T_Common_Tree_04_N.ubulk" 2129
"W:/UnrealProject/BuyuKosusuGit/BuyuKosusu/BuyuKosusu/Content/Stylized_PBR_Nature/Foliage/Textures/T_Common_Tree_04_N.uasset" 2130
"W:/UnrealProject/BuyuKosusuGit/BuyuKosusu/BuyuKosusu/Content/Stylized_PBR_Nature/Foliage/Textures/T_Common_Tree_04_N.uexp" 2131
"W:/UnrealProject/BuyuKosusuGit/BuyuKosusu/BuyuKosusu/Content/Stylized_PBR_Nature/Foliage/Textures/T_Common_Tree_04_D.ubulk" 2132
"W:/UnrealProject/BuyuKosusuGit/BuyuKosusu/BuyuKosusu/Content/Stylized_PBR_Nature/Foliage/Textures/T_Common_Tree_04_D.uasset" 2133
"W:/UnrealProject/BuyuKosusuGit/BuyuKosusu/BuyuKosusu/Content/Stylized_PBR_Nature/Foliage/Textures/T_Common_Tree_04_D.uexp" 2134
"W:/UnrealProject/BuyuKosusuGit/BuyuKosusu/BuyuKosusu/Content/Stylized_PBR_Nature/Foliage/Materials/MI_Common_Tree_04.uasset" 2135
"W:/UnrealProject/BuyuKosusuGit/BuyuKosusu/BuyuKosusu/Content/Stylized_PBR_Nature/Foliage/Materials/MI_Common_Tree_04.uexp" 2136
"W:/UnrealProject/BuyuKosusuGit/BuyuKosusu/BuyuKosusu/Content/LandscapeSave/Lava_LayerInfo2.uasset" 2137
"W:/UnrealProject/BuyuKosusuGit/BuyuKosusu/BuyuKosusu/Content/LandscapeSave/Lava_LayerInfo2.uexp" 2138
"W:/UnrealProject/BuyuKosusuGit/BuyuKosusu/BuyuKosusu/Content/Stylized_PBR_Nature/Rocks/Textures/T_S_Rocks_1-6_ORM.ubulk" 2139
"W:/UnrealProject/BuyuKosusuGit/BuyuKosusu/BuyuKosusu/Content/Stylized_PBR_Nature/Rocks/Textures/T_S_Rocks_1-6_ORM.uasset" 2140
"W:/UnrealProject/BuyuKosusuGit/BuyuKosusu/BuyuKosusu/Content/Stylized_PBR_Nature/Rocks/Textures/T_S_Rocks_1-6_ORM.uexp" 2141
"W:/UnrealProject/BuyuKosusuGit/BuyuKosusu/BuyuKosusu/Content/Stylized_PBR_Nature/Rocks/Textures/T_S_Rocks_1-6_N.ubulk" 2142
"W:/UnrealProject/BuyuKosusuGit/BuyuKosusu/BuyuKosusu/Content/Stylized_PBR_Nature/Rocks/Textures/T_S_Rocks_1-6_N.uasset" 2143
"W:/UnrealProject/BuyuKosusuGit/BuyuKosusu/BuyuKosusu/Content/Stylized_PBR_Nature/Rocks/Textures/T_S_Rocks_1-6_N.uexp" 2144
"W:/UnrealProject/BuyuKosusuGit/BuyuKosusu/BuyuKosusu/Content/Stylized_PBR_Nature/Rocks/Textures/T_S_Rocks_1-6_D.ubulk" 2145
"W:/UnrealProject/BuyuKosusuGit/BuyuKosusu/BuyuKosusu/Content/Stylized_PBR_Nature/Rocks/Textures/T_S_Rocks_1-6_D.uasset" 2146
"W:/UnrealProject/BuyuKosusuGit/BuyuKosusu/BuyuKosusu/Content/Stylized_PBR_Nature/Rocks/Textures/T_S_Rocks_1-6_D.uexp" 2147
"W:/UnrealProject/BuyuKosusuGit/BuyuKosusu/BuyuKosusu/Content/Stylized_PBR_Nature/Rocks/Materials/MI_S_Rock_1-6.uasset" 2148
"W:/UnrealProject/BuyuKosusuGit/BuyuKosusu/BuyuKosusu/Content/Stylized_PBR_Nature/Rocks/Materials/MI_S_Rock_1-6.uexp" 2149
"W:/UnrealProject/BuyuKosusuGit/BuyuKosusu/BuyuKosusu/Content/Stylized_PBR_Nature/Rocks/Assets/SM_S_Rock_04.ubulk" 2150
"W:/UnrealProject/BuyuKosusuGit/BuyuKosusu/BuyuKosusu/Content/Stylized_PBR_Nature/Rocks/Assets/SM_S_Rock_04.uasset" 2151
"W:/UnrealProject/BuyuKosusuGit/BuyuKosusu/BuyuKosusu/Content/Stylized_PBR_Nature/Rocks/Assets/SM_S_Rock_04.uexp" 2152
"W:/UnrealProject/BuyuKosusuGit/BuyuKosusu/BuyuKosusu/Content/Meshes/DriedTree/model_pCylinder5.ubulk" 2153
"W:/UnrealProject/BuyuKosusuGit/BuyuKosusu/BuyuKosusu/Content/Meshes/DriedTree/model_pCylinder5.uasset" 2154
"W:/UnrealProject/BuyuKosusuGit/BuyuKosusu/BuyuKosusu/Content/Meshes/DriedTree/model_pCylinder5.uexp" 2155
"W:/UnrealProject/BuyuKosusuGit/BuyuKosusu/BuyuKosusu/Content/LUSH_StylizedEnvironmentSet/_SharedAssets/T_Tree_Leaves_03.ubulk" 2156
"W:/UnrealProject/BuyuKosusuGit/BuyuKosusu/BuyuKosusu/Content/LUSH_StylizedEnvironmentSet/_SharedAssets/T_Tree_Leaves_03.uasset" 2157
"W:/UnrealProject/BuyuKosusuGit/BuyuKosusu/BuyuKosusu/Content/LUSH_StylizedEnvironmentSet/_SharedAssets/T_Tree_Leaves_03.uexp" 2158
"W:/UnrealProject/BuyuKosusuGit/BuyuKosusu/BuyuKosusu/Content/LUSH_StylizedEnvironmentSet/_SharedAssets/T_Tree_Leaves_02.ubulk" 2159
"W:/UnrealProject/BuyuKosusuGit/BuyuKosusu/BuyuKosusu/Content/LUSH_StylizedEnvironmentSet/_SharedAssets/T_Tree_Leaves_02.uasset" 2160
"W:/UnrealProject/BuyuKosusuGit/BuyuKosusu/BuyuKosusu/Content/LUSH_StylizedEnvironmentSet/_SharedAssets/T_Tree_Leaves_02.uexp" 2161
"W:/UnrealProject/BuyuKosusuGit/BuyuKosusu/BuyuKosusu/Content/LUSH_StylizedEnvironmentSet/_SharedAssets/Materials/M_Leaves_Base.uasset" 2162
"W:/UnrealProject/BuyuKosusuGit/BuyuKosusu/BuyuKosusu/Content/LUSH_StylizedEnvironmentSet/_SharedAssets/Materials/M_Leaves_Base.uexp" 2163
"W:/UnrealProject/BuyuKosusuGit/BuyuKosusu/BuyuKosusu/Content/LUSH_StylizedEnvironmentSet/Foliage/Bushes/Materials/MI_Leaves_Bushes.uasset" 2164
"W:/UnrealProject/BuyuKosusuGit/BuyuKosusu/BuyuKosusu/Content/LUSH_StylizedEnvironmentSet/Foliage/Bushes/Materials/MI_Leaves_Bushes.uexp" 2165
"W:/UnrealProject/BuyuKosusuGit/BuyuKosusu/BuyuKosusu/Content/LUSH_StylizedEnvironmentSet/Foliage/Bushes/SM_Bush_Medium_04.ubulk" 2166
"W:/UnrealProject/BuyuKosusuGit/BuyuKosusu/BuyuKosusu/Content/LUSH_StylizedEnvironmentSet/Foliage/Bushes/SM_Bush_Medium_04.uasset" 2167
"W:/UnrealProject/BuyuKosusuGit/BuyuKosusu/BuyuKosusu/Content/LUSH_StylizedEnvironmentSet/Foliage/Bushes/SM_Bush_Medium_04.uexp" 2168
"W:/UnrealProject/BuyuKosusuGit/BuyuKosusu/BuyuKosusu/Content/Stylized_PBR_Nature/Foliage/Assets/SM_Pine_Tree_3.ubulk" 2169
"W:/UnrealProject/BuyuKosusuGit/BuyuKosusu/BuyuKosusu/Content/Stylized_PBR_Nature/Foliage/Assets/SM_Pine_Tree_3.uasset" 2170
"W:/UnrealProject/BuyuKosusuGit/BuyuKosusu/BuyuKosusu/Content/Stylized_PBR_Nature/Foliage/Assets/SM_Pine_Tree_3.uexp" 2171
"W:/UnrealProject/BuyuKosusuGit/BuyuKosusu/BuyuKosusu/Content/Stylized_PBR_Nature/Foliage/Assets/SM_Pine_Tree_4.ubulk" 2172
"W:/UnrealProject/BuyuKosusuGit/BuyuKosusu/BuyuKosusu/Content/Stylized_PBR_Nature/Foliage/Assets/SM_Pine_Tree_4.uasset" 2173
"W:/UnrealProject/BuyuKosusuGit/BuyuKosusu/BuyuKosusu/Content/Stylized_PBR_Nature/Foliage/Assets/SM_Pine_Tree_4.uexp" 2174
"W:/UnrealProject/BuyuKosusuGit/BuyuKosusu/BuyuKosusu/Content/Stylized_PBR_Nature/Rocks/Assets/SM_R_Rock_04.ubulk" 2175
"W:/UnrealProject/BuyuKosusuGit/BuyuKosusu/BuyuKosusu/Content/Stylized_PBR_Nature/Rocks/Assets/SM_R_Rock_04.uasset" 2176
"W:/UnrealProject/BuyuKosusuGit/BuyuKosusu/BuyuKosusu/Content/Stylized_PBR_Nature/Rocks/Assets/SM_R_Rock_04.uexp" 2177
"W:/UnrealProject/BuyuKosusuGit/BuyuKosusu/BuyuKosusu/Content/Stylized_PBR_Nature/Foliage/FoliageTypes/SM_Pine_Tree_4_FoliageType.uasset" 2178
"W:/UnrealProject/BuyuKosusuGit/BuyuKosusu/BuyuKosusu/Content/Stylized_PBR_Nature/Foliage/FoliageTypes/SM_Pine_Tree_4_FoliageType.uexp" 2179
"W:/UnrealProject/BuyuKosusuGit/BuyuKosusu/BuyuKosusu/Content/Meshes/DriedTree/algo1.uasset" 2180
"W:/UnrealProject/BuyuKosusuGit/BuyuKosusu/BuyuKosusu/Content/Meshes/DriedTree/algo1.uexp" 2181
"W:/UnrealProject/BuyuKosusuGit/BuyuKosusu/BuyuKosusu/Content/Meshes/DriedTree/model_DeadTree_LoPoly.ubulk" 2182
"W:/UnrealProject/BuyuKosusuGit/BuyuKosusu/BuyuKosusu/Content/Meshes/DriedTree/model_DeadTree_LoPoly.uasset" 2183
"W:/UnrealProject/BuyuKosusuGit/BuyuKosusu/BuyuKosusu/Content/Meshes/DriedTree/model_DeadTree_LoPoly.uexp" 2184
"W:/UnrealProject/BuyuKosusuGit/BuyuKosusu/BuyuKosusu/Content/Low_Poly_Viking_World/Models/Props/Treasure_Chest/SM_Treasure_Chest_02_A.ubulk" 2185
"W:/UnrealProject/BuyuKosusuGit/BuyuKosusu/BuyuKosusu/Content/Low_Poly_Viking_World/Models/Props/Treasure_Chest/SM_Treasure_Chest_02_A.uasset" 2186
"W:/UnrealProject/BuyuKosusuGit/BuyuKosusu/BuyuKosusu/Content/Low_Poly_Viking_World/Models/Props/Treasure_Chest/SM_Treasure_Chest_02_A.uexp" 2187
"W:/UnrealProject/BuyuKosusuGit/BuyuKosusu/BuyuKosusu/Content/Low_Poly_Viking_World/Materials/Misc/M_Base_Cloud.uasset" 2188
"W:/UnrealProject/BuyuKosusuGit/BuyuKosusu/BuyuKosusu/Content/Low_Poly_Viking_World/Materials/Misc/M_Base_Cloud.uexp" 2189
"W:/UnrealProject/BuyuKosusuGit/BuyuKosusu/BuyuKosusu/Content/Low_Poly_Viking_World/Materials/Misc/Cloud/MI_Cloud_Wind.uasset" 2190
"W:/UnrealProject/BuyuKosusuGit/BuyuKosusu/BuyuKosusu/Content/Low_Poly_Viking_World/Materials/Misc/Cloud/MI_Cloud_Wind.uexp" 2191
"W:/UnrealProject/BuyuKosusuGit/BuyuKosusu/BuyuKosusu/Content/Materials/Scrollmaterials/ScrollTextures/scrollshieldtexture.uasset" 2192
"W:/UnrealProject/BuyuKosusuGit/BuyuKosusu/BuyuKosusu/Content/Materials/Scrollmaterials/ScrollTextures/scrollshieldtexture.uexp" 2193
"W:/UnrealProject/BuyuKosusuGit/BuyuKosusu/BuyuKosusu/Content/Materials/Scrollmaterials/scrollshield.uasset" 2194
"W:/UnrealProject/BuyuKosusuGit/BuyuKosusu/BuyuKosusu/Content/Materials/Scrollmaterials/scrollshield.uexp" 2195
"W:/UnrealProject/BuyuKosusuGit/BuyuKosusu/BuyuKosusu/Content/Materials/Scrollmaterials/ScrollTextures/scrollcheckpointtexture.uasset" 2196
"W:/UnrealProject/BuyuKosusuGit/BuyuKosusu/BuyuKosusu/Content/Materials/Scrollmaterials/ScrollTextures/scrollcheckpointtexture.uexp" 2197
"W:/UnrealProject/BuyuKosusuGit/BuyuKosusu/BuyuKosusu/Content/Materials/Scrollmaterials/scrollcheckpoint.uasset" 2198
"W:/UnrealProject/BuyuKosusuGit/BuyuKosusu/BuyuKosusu/Content/Materials/Scrollmaterials/scrollcheckpoint.uexp" 2199
"W:/UnrealProject/BuyuKosusuGit/BuyuKosusu/BuyuKosusu/Content/Meshes/mostnewestscroll.ubulk" 2200
"W:/UnrealProject/BuyuKosusuGit/BuyuKosusu/BuyuKosusu/Content/Meshes/mostnewestscroll.uasset" 2201
"W:/UnrealProject/BuyuKosusuGit/BuyuKosusu/BuyuKosusu/Content/Meshes/mostnewestscroll.uexp" 2202
"W:/UnrealProject/BuyuKosusuGit/BuyuKosusu/BuyuKosusu/Content/Materials/Scrollmaterials/ScrollTextures/scrollmagnettexture.uasset" 2203
"W:/UnrealProject/BuyuKosusuGit/BuyuKosusu/BuyuKosusu/Content/Materials/Scrollmaterials/ScrollTextures/scrollmagnettexture.uexp" 2204
"W:/UnrealProject/BuyuKosusuGit/BuyuKosusu/BuyuKosusu/Content/Materials/Scrollmaterials/scrollmagnet.uasset" 2205
"W:/UnrealProject/BuyuKosusuGit/BuyuKosusu/BuyuKosusu/Content/Materials/Scrollmaterials/scrollmagnet.uexp" 2206
"W:/UnrealProject/BuyuKosusuGit/BuyuKosusu/BuyuKosusu/Content/Materials/Scrollmaterials/ScrollTextures/scrollportaltexture.uasset" 2207
"W:/UnrealProject/BuyuKosusuGit/BuyuKosusu/BuyuKosusu/Content/Materials/Scrollmaterials/ScrollTextures/scrollportaltexture.uexp" 2208
"W:/UnrealProject/BuyuKosusuGit/BuyuKosusu/BuyuKosusu/Content/Materials/Scrollmaterials/scrollteleport.uasset" 2209
"W:/UnrealProject/BuyuKosusuGit/BuyuKosusu/BuyuKosusu/Content/Materials/Scrollmaterials/scrollteleport.uexp" 2210
"W:/UnrealProject/BuyuKosusuGit/BuyuKosusu/BuyuKosusu/Content/Materials/Scrollmaterials/ScrollTextures/scrolldaggertexture.uasset" 2211
"W:/UnrealProject/BuyuKosusuGit/BuyuKosusu/BuyuKosusu/Content/Materials/Scrollmaterials/ScrollTextures/scrolldaggertexture.uexp" 2212
"W:/UnrealProject/BuyuKosusuGit/BuyuKosusu/BuyuKosusu/Content/UI/scrollarrowtexture.uasset" 2213
"W:/UnrealProject/BuyuKosusuGit/BuyuKosusu/BuyuKosusu/Content/UI/scrollarrowtexture.uexp" 2214
"W:/UnrealProject/BuyuKosusuGit/BuyuKosusu/BuyuKosusu/Content/Materials/Scrollmaterials/scrolldagger.uasset" 2215
"W:/UnrealProject/BuyuKosusuGit/BuyuKosusu/BuyuKosusu/Content/Materials/Scrollmaterials/scrolldagger.uexp" 2216
"W:/UnrealProject/BuyuKosusuGit/BuyuKosusu/BuyuKosusu/Content/Materials/Scrollmaterials/ScrollTextures/scrolldashtexture.uasset" 2217
"W:/UnrealProject/BuyuKosusuGit/BuyuKosusu/BuyuKosusu/Content/Materials/Scrollmaterials/ScrollTextures/scrolldashtexture.uexp" 2218
"W:/UnrealProject/BuyuKosusuGit/BuyuKosusu/BuyuKosusu/Content/Materials/Scrollmaterials/scrolldash.uasset" 2219
"W:/UnrealProject/BuyuKosusuGit/BuyuKosusu/BuyuKosusu/Content/Materials/Scrollmaterials/scrolldash.uexp" 2220
"W:/UnrealProject/BuyuKosusuGit/BuyuKosusu/BuyuKosusu/Content/Materials/Scrollmaterials/ScrollTextures/scrollsnow.uasset" 2221
"W:/UnrealProject/BuyuKosusuGit/BuyuKosusu/BuyuKosusu/Content/Materials/Scrollmaterials/ScrollTextures/scrollsnow.uexp" 2222
"W:/UnrealProject/BuyuKosusuGit/BuyuKosusu/BuyuKosusu/Content/Materials/Scrollmaterials/scrollsnow.uasset" 2223
"W:/UnrealProject/BuyuKosusuGit/BuyuKosusu/BuyuKosusu/Content/Materials/Scrollmaterials/scrollsnow.uexp" 2224
"W:/UnrealProject/BuyuKosusuGit/BuyuKosusu/BuyuKosusu/Content/Blueprints/BP_Scroll.uasset" 2225
"W:/UnrealProject/BuyuKosusuGit/BuyuKosusu/BuyuKosusu/Content/Blueprints/BP_Scroll.uexp" 2226
"W:/UnrealProject/BuyuKosusuGit/BuyuKosusu/BuyuKosusu/Content/VFX/MixedVFX/Textures/T_Embers_01.ubulk" 2227
"W:/UnrealProject/BuyuKosusuGit/BuyuKosusu/BuyuKosusu/Content/VFX/MixedVFX/Textures/T_Embers_01.uasset" 2228
"W:/UnrealProject/BuyuKosusuGit/BuyuKosusu/BuyuKosusu/Content/VFX/MixedVFX/Textures/T_Embers_01.uexp" 2229
"W:/UnrealProject/BuyuKosusuGit/BuyuKosusu/BuyuKosusu/Content/VFX/MixedVFX/Materials/MaterialInstances/MI_Embers.uasset" 2230
"W:/UnrealProject/BuyuKosusuGit/BuyuKosusu/BuyuKosusu/Content/VFX/MixedVFX/Materials/MaterialInstances/MI_Embers.uexp" 2231
"W:/UnrealProject/BuyuKosusuGit/BuyuKosusu/BuyuKosusu/Content/VFX/MixedVFX/Particles/Fires/NS_Campfire.uasset" 2232
"W:/UnrealProject/BuyuKosusuGit/BuyuKosusu/BuyuKosusu/Content/VFX/MixedVFX/Particles/Fires/NS_Campfire.uexp" 2233
"../../../Engine/Content/EngineMeshes/Cube.ubulk" 2234
"../../../Engine/Content/EngineMeshes/Cube.uasset" 2235
"../../../Engine/Content/EngineMeshes/Cube.uexp" 2236
"W:/UnrealProject/BuyuKosusuGit/BuyuKosusu/BuyuKosusu/Content/Blueprints/BP_PlaceObject.uasset" 2237
"W:/UnrealProject/BuyuKosusuGit/BuyuKosusu/BuyuKosusu/Content/Blueprints/BP_PlaceObject.uexp" 2238
"W:/UnrealProject/BuyuKosusuGit/BuyuKosusu/BuyuKosusu/Content/Stylized_PBR_Nature/Rocks/Assets/SM_S_Rock_09.ubulk" 2239
"W:/UnrealProject/BuyuKosusuGit/BuyuKosusu/BuyuKosusu/Content/Stylized_PBR_Nature/Rocks/Assets/SM_S_Rock_09.uasset" 2240
"W:/UnrealProject/BuyuKosusuGit/BuyuKosusu/BuyuKosusu/Content/Stylized_PBR_Nature/Rocks/Assets/SM_S_Rock_09.uexp" 2241
"../../../Engine/Content/EditorLandscapeResources/DataLayer.uasset" 2242
"../../../Engine/Content/EditorLandscapeResources/DataLayer.uexp" 2243
"W:/UnrealProject/BuyuKosusuGit/BuyuKosusu/BuyuKosusu/Content/LevelDesignKit/Material/Master/M_Color.uasset" 2244
"W:/UnrealProject/BuyuKosusuGit/BuyuKosusu/BuyuKosusu/Content/LevelDesignKit/Material/Master/M_Color.uexp" 2245
"W:/UnrealProject/BuyuKosusuGit/BuyuKosusu/BuyuKosusu/Content/LevelDesignKit/Material/MI_Color_Silver.uasset" 2246
"W:/UnrealProject/BuyuKosusuGit/BuyuKosusu/BuyuKosusu/Content/LevelDesignKit/Material/MI_Color_Silver.uexp" 2247
"W:/UnrealProject/BuyuKosusuGit/BuyuKosusu/BuyuKosusu/Content/LevelDesignKit/Material/Texture/T_Wood01.uasset" 2248
"W:/UnrealProject/BuyuKosusuGit/BuyuKosusu/BuyuKosusu/Content/LevelDesignKit/Material/Texture/T_Wood01.uexp" 2249
"W:/UnrealProject/BuyuKosusuGit/BuyuKosusu/BuyuKosusu/Content/LevelDesignKit/Material/Texture/T_Rope_N.ubulk" 2250
"W:/UnrealProject/BuyuKosusuGit/BuyuKosusu/BuyuKosusu/Content/LevelDesignKit/Material/Texture/T_Rope_N.uasset" 2251
"W:/UnrealProject/BuyuKosusuGit/BuyuKosusu/BuyuKosusu/Content/LevelDesignKit/Material/Texture/T_Rope_N.uexp" 2252
"W:/UnrealProject/BuyuKosusuGit/BuyuKosusu/BuyuKosusu/Content/LevelDesignKit/Material/Master/M_ColorTexture.uasset" 2253
"W:/UnrealProject/BuyuKosusuGit/BuyuKosusu/BuyuKosusu/Content/LevelDesignKit/Material/Master/M_ColorTexture.uexp" 2254
"W:/UnrealProject/BuyuKosusuGit/BuyuKosusu/BuyuKosusu/Content/LevelDesignKit/Material/MI_Wood.uasset" 2255
"W:/UnrealProject/BuyuKosusuGit/BuyuKosusu/BuyuKosusu/Content/LevelDesignKit/Material/MI_Wood.uexp" 2256
"W:/UnrealProject/BuyuKosusuGit/BuyuKosusu/BuyuKosusu/Content/LevelDesignKit/Meshes/Props/SM_Barrel.ubulk" 2257
"W:/UnrealProject/BuyuKosusuGit/BuyuKosusu/BuyuKosusu/Content/LevelDesignKit/Meshes/Props/SM_Barrel.uasset" 2258
"W:/UnrealProject/BuyuKosusuGit/BuyuKosusu/BuyuKosusu/Content/LevelDesignKit/Meshes/Props/SM_Barrel.uexp" 2259
"W:/UnrealProject/BuyuKosusuGit/BuyuKosusu/BuyuKosusu/Content/Stylized_PBR_Nature/Rocks/Assets/SM_R_Rock_05.ubulk" 2260
"W:/UnrealProject/BuyuKosusuGit/BuyuKosusu/BuyuKosusu/Content/Stylized_PBR_Nature/Rocks/Assets/SM_R_Rock_05.uasset" 2261
"W:/UnrealProject/BuyuKosusuGit/BuyuKosusu/BuyuKosusu/Content/Stylized_PBR_Nature/Rocks/Assets/SM_R_Rock_05.uexp" 2262
"W:/UnrealProject/BuyuKosusuGit/BuyuKosusu/BuyuKosusu/Content/Low_Poly_Viking_World/Models/Props/SM_Cart.ubulk" 2263
"W:/UnrealProject/BuyuKosusuGit/BuyuKosusu/BuyuKosusu/Content/Low_Poly_Viking_World/Models/Props/SM_Cart.uasset" 2264
"W:/UnrealProject/BuyuKosusuGit/BuyuKosusu/BuyuKosusu/Content/Low_Poly_Viking_World/Models/Props/SM_Cart.uexp" 2265
"W:/UnrealProject/BuyuKosusuGit/BuyuKosusu/BuyuKosusu/Content/LandscapeSave/grassBad_LayerInfo3.uasset" 2266
"W:/UnrealProject/BuyuKosusuGit/BuyuKosusu/BuyuKosusu/Content/LandscapeSave/grassBad_LayerInfo3.uexp" 2267
"W:/UnrealProject/BuyuKosusuGit/BuyuKosusu/BuyuKosusu/Content/Stylized_PBR_Nature/Rocks/Assets/SM_R_Rock_01.ubulk" 2268
"W:/UnrealProject/BuyuKosusuGit/BuyuKosusu/BuyuKosusu/Content/Stylized_PBR_Nature/Rocks/Assets/SM_R_Rock_01.uasset" 2269
"W:/UnrealProject/BuyuKosusuGit/BuyuKosusu/BuyuKosusu/Content/Stylized_PBR_Nature/Rocks/Assets/SM_R_Rock_01.uexp" 2270
"W:/UnrealProject/BuyuKosusuGit/BuyuKosusu/BuyuKosusu/Content/Stylized_PBR_Nature/Rocks/Assets/SM_S_Rock_02.ubulk" 2271
"W:/UnrealProject/BuyuKosusuGit/BuyuKosusu/BuyuKosusu/Content/Stylized_PBR_Nature/Rocks/Assets/SM_S_Rock_02.uasset" 2272
"W:/UnrealProject/BuyuKosusuGit/BuyuKosusu/BuyuKosusu/Content/Stylized_PBR_Nature/Rocks/Assets/SM_S_Rock_02.uexp" 2273
"W:/UnrealProject/BuyuKosusuGit/BuyuKosusu/BuyuKosusu/Content/Meshes/Suleyman/DragonBone.uasset" 2274
"W:/UnrealProject/BuyuKosusuGit/BuyuKosusu/BuyuKosusu/Content/Meshes/Suleyman/DragonBone.uexp" 2275
"W:/UnrealProject/BuyuKosusuGit/BuyuKosusu/BuyuKosusu/Content/Meshes/Suleyman/DragonHorn.uasset" 2276
"W:/UnrealProject/BuyuKosusuGit/BuyuKosusu/BuyuKosusu/Content/Meshes/Suleyman/DragonHorn.uexp" 2277
"W:/UnrealProject/BuyuKosusuGit/BuyuKosusu/BuyuKosusu/Content/Meshes/Suleyman/DungeonAssets_DragonSkeleton.ubulk" 2278
"W:/UnrealProject/BuyuKosusuGit/BuyuKosusu/BuyuKosusu/Content/Meshes/Suleyman/DungeonAssets_DragonSkeleton.uasset" 2279
"W:/UnrealProject/BuyuKosusuGit/BuyuKosusu/BuyuKosusu/Content/Meshes/Suleyman/DungeonAssets_DragonSkeleton.uexp" 2280
"W:/UnrealProject/BuyuKosusuGit/BuyuKosusu/BuyuKosusu/Content/Materials/M_Bun.uasset" 2281
"W:/UnrealProject/BuyuKosusuGit/BuyuKosusu/BuyuKosusu/Content/Materials/M_Bun.uexp" 2282
"W:/UnrealProject/BuyuKosusuGit/BuyuKosusu/BuyuKosusu/Content/Meshes/blendermaterials/Material_006.uasset" 2283
"W:/UnrealProject/BuyuKosusuGit/BuyuKosusu/BuyuKosusu/Content/Meshes/blendermaterials/Material_006.uexp" 2284
"W:/UnrealProject/BuyuKosusuGit/BuyuKosusu/BuyuKosusu/Content/Meshes/ice.ubulk" 2285
"W:/UnrealProject/BuyuKosusuGit/BuyuKosusu/BuyuKosusu/Content/Meshes/ice.uasset" 2286
"W:/UnrealProject/BuyuKosusuGit/BuyuKosusu/BuyuKosusu/Content/Meshes/ice.uexp" 2287
"W:/UnrealProject/BuyuKosusuGit/BuyuKosusu/BuyuKosusu/Content/VFX/DrapEffet/Texture/T_beam.ubulk" 2288
"W:/UnrealProject/BuyuKosusuGit/BuyuKosusu/BuyuKosusu/Content/VFX/DrapEffet/Texture/T_beam.uasset" 2289
"W:/UnrealProject/BuyuKosusuGit/BuyuKosusu/BuyuKosusu/Content/VFX/DrapEffet/Texture/T_beam.uexp" 2290
"W:/UnrealProject/BuyuKosusuGit/BuyuKosusu/BuyuKosusu/Content/VFX/DrapEffet/Meterials/M_glow.uasset" 2291
"W:/UnrealProject/BuyuKosusuGit/BuyuKosusu/BuyuKosusu/Content/VFX/DrapEffet/Meterials/M_glow.uexp" 2292
"W:/UnrealProject/BuyuKosusuGit/BuyuKosusu/BuyuKosusu/Content/VFX/DrapEffet/Curve/Curve_particale_color.uasset" 2293
"W:/UnrealProject/BuyuKosusuGit/BuyuKosusu/BuyuKosusu/Content/VFX/DrapEffet/Curve/Curve_particale_color.uexp" 2294
"W:/UnrealProject/BuyuKosusuGit/BuyuKosusu/BuyuKosusu/Content/VFX/DrapEffet/Curve/Curve_Atlas.uasset" 2295
"W:/UnrealProject/BuyuKosusuGit/BuyuKosusu/BuyuKosusu/Content/VFX/DrapEffet/Curve/Curve_Atlas.uexp" 2296
"W:/UnrealProject/BuyuKosusuGit/BuyuKosusu/BuyuKosusu/Content/VFX/DrapEffet/Texture/T_normal.ubulk" 2297
"W:/UnrealProject/BuyuKosusuGit/BuyuKosusu/BuyuKosusu/Content/VFX/DrapEffet/Texture/T_normal.uasset" 2298
"W:/UnrealProject/BuyuKosusuGit/BuyuKosusu/BuyuKosusu/Content/VFX/DrapEffet/Texture/T_normal.uexp" 2299
"W:/UnrealProject/BuyuKosusuGit/BuyuKosusu/BuyuKosusu/Content/VFX/DrapEffet/Meterials/M_beam.uasset" 2300
"W:/UnrealProject/BuyuKosusuGit/BuyuKosusu/BuyuKosusu/Content/VFX/DrapEffet/Meterials/M_beam.uexp" 2301
"W:/UnrealProject/BuyuKosusuGit/BuyuKosusu/BuyuKosusu/Content/VFX/DrapEffet/Texture/T_Bell.ubulk" 2302
"W:/UnrealProject/BuyuKosusuGit/BuyuKosusu/BuyuKosusu/Content/VFX/DrapEffet/Texture/T_Bell.uasset" 2303
"W:/UnrealProject/BuyuKosusuGit/BuyuKosusu/BuyuKosusu/Content/VFX/DrapEffet/Texture/T_Bell.uexp" 2304
"W:/UnrealProject/BuyuKosusuGit/BuyuKosusu/BuyuKosusu/Content/VFX/DrapEffet/Meterials/M_cell.uasset" 2305
"W:/UnrealProject/BuyuKosusuGit/BuyuKosusu/BuyuKosusu/Content/VFX/DrapEffet/Meterials/M_cell.uexp" 2306
"W:/UnrealProject/BuyuKosusuGit/BuyuKosusu/BuyuKosusu/Content/VFX/DrapEffet/Texture/T_star.ubulk" 2307
"W:/UnrealProject/BuyuKosusuGit/BuyuKosusu/BuyuKosusu/Content/VFX/DrapEffet/Texture/T_star.uasset" 2308
"W:/UnrealProject/BuyuKosusuGit/BuyuKosusu/BuyuKosusu/Content/VFX/DrapEffet/Texture/T_star.uexp" 2309
"W:/UnrealProject/BuyuKosusuGit/BuyuKosusu/BuyuKosusu/Content/VFX/DrapEffet/Meterials/M_star.uasset" 2310
"W:/UnrealProject/BuyuKosusuGit/BuyuKosusu/BuyuKosusu/Content/VFX/DrapEffet/Meterials/M_star.uexp" 2311
"W:/UnrealProject/BuyuKosusuGit/BuyuKosusu/BuyuKosusu/Content/VFX/DrapEffet/Meterials/M_down.uasset" 2312
"W:/UnrealProject/BuyuKosusuGit/BuyuKosusu/BuyuKosusu/Content/VFX/DrapEffet/Meterials/M_down.uexp" 2313
"W:/UnrealProject/BuyuKosusuGit/BuyuKosusu/BuyuKosusu/Content/VFX/DrapEffet/VFX/NE_drop_effcts02.uasset" 2314
"W:/UnrealProject/BuyuKosusuGit/BuyuKosusu/BuyuKosusu/Content/VFX/DrapEffet/VFX/NE_drop_effcts02.uexp" 2315
"W:/UnrealProject/BuyuKosusuGit/BuyuKosusu/BuyuKosusu/Content/Blueprints/BP_Collectibles.uasset" 2316
"W:/UnrealProject/BuyuKosusuGit/BuyuKosusu/BuyuKosusu/Content/Blueprints/BP_Collectibles.uexp" 2317
"W:/UnrealProject/BuyuKosusuGit/BuyuKosusu/BuyuKosusu/Content/Meshes/arbre_mort_Base_Color_ncl1_1.ubulk" 2318
"W:/UnrealProject/BuyuKosusuGit/BuyuKosusu/BuyuKosusu/Content/Meshes/arbre_mort_Base_Color_ncl1_1.uasset" 2319
"W:/UnrealProject/BuyuKosusuGit/BuyuKosusu/BuyuKosusu/Content/Meshes/arbre_mort_Base_Color_ncl1_1.uexp" 2320
"W:/UnrealProject/BuyuKosusuGit/BuyuKosusu/BuyuKosusu/Content/Meshes/arbre_mort_nor.ubulk" 2321
"W:/UnrealProject/BuyuKosusuGit/BuyuKosusu/BuyuKosusu/Content/Meshes/arbre_mort_nor.uasset" 2322
"W:/UnrealProject/BuyuKosusuGit/BuyuKosusu/BuyuKosusu/Content/Meshes/arbre_mort_nor.uexp" 2323
"W:/UnrealProject/BuyuKosusuGit/BuyuKosusu/BuyuKosusu/Content/Meshes/arbre_mort_Base_Color.ubulk" 2324
"W:/UnrealProject/BuyuKosusuGit/BuyuKosusu/BuyuKosusu/Content/Meshes/arbre_mort_Base_Color.uasset" 2325
"W:/UnrealProject/BuyuKosusuGit/BuyuKosusu/BuyuKosusu/Content/Meshes/arbre_mort_Base_Color.uexp" 2326
"W:/UnrealProject/BuyuKosusuGit/BuyuKosusu/BuyuKosusu/Content/Meshes/arbre_mort.uasset" 2327
"W:/UnrealProject/BuyuKosusuGit/BuyuKosusu/BuyuKosusu/Content/Meshes/arbre_mort.uexp" 2328
"W:/UnrealProject/BuyuKosusuGit/BuyuKosusu/BuyuKosusu/Content/Meshes/DriedTree/dead_tree.ubulk" 2329
"W:/UnrealProject/BuyuKosusuGit/BuyuKosusu/BuyuKosusu/Content/Meshes/DriedTree/dead_tree.uasset" 2330
"W:/UnrealProject/BuyuKosusuGit/BuyuKosusu/BuyuKosusu/Content/Meshes/DriedTree/dead_tree.uexp" 2331
"W:/UnrealProject/BuyuKosusuGit/BuyuKosusu/BuyuKosusu/Content/Stylized_PBR_Nature/Rocks/Assets/SM_S_Rock_05.ubulk" 2332
"W:/UnrealProject/BuyuKosusuGit/BuyuKosusu/BuyuKosusu/Content/Stylized_PBR_Nature/Rocks/Assets/SM_S_Rock_05.uasset" 2333
"W:/UnrealProject/BuyuKosusuGit/BuyuKosusu/BuyuKosusu/Content/Stylized_PBR_Nature/Rocks/Assets/SM_S_Rock_05.uexp" 2334
"W:/UnrealProject/BuyuKosusuGit/BuyuKosusu/BuyuKosusu/Content/Stylized_PBR_Nature/Rocks/Assets/SM_S_Rock_03.ubulk" 2335
"W:/UnrealProject/BuyuKosusuGit/BuyuKosusu/BuyuKosusu/Content/Stylized_PBR_Nature/Rocks/Assets/SM_S_Rock_03.uasset" 2336
"W:/UnrealProject/BuyuKosusuGit/BuyuKosusu/BuyuKosusu/Content/Stylized_PBR_Nature/Rocks/Assets/SM_S_Rock_03.uexp" 2337
"W:/UnrealProject/BuyuKosusuGit/BuyuKosusu/BuyuKosusu/Content/Meshes/Castle/A1_StoneWall3.ubulk" 2338
"W:/UnrealProject/BuyuKosusuGit/BuyuKosusu/BuyuKosusu/Content/Meshes/Castle/A1_StoneWall3.uasset" 2339
"W:/UnrealProject/BuyuKosusuGit/BuyuKosusu/BuyuKosusu/Content/Meshes/Castle/A1_StoneWall3.uexp" 2340
"W:/UnrealProject/BuyuKosusuGit/BuyuKosusu/BuyuKosusu/Content/Meshes/DriedTree/model_pCylinder2.ubulk" 2341
"W:/UnrealProject/BuyuKosusuGit/BuyuKosusu/BuyuKosusu/Content/Meshes/DriedTree/model_pCylinder2.uasset" 2342
"W:/UnrealProject/BuyuKosusuGit/BuyuKosusu/BuyuKosusu/Content/Meshes/DriedTree/model_pCylinder2.uexp" 2343
"W:/UnrealProject/BuyuKosusuGit/BuyuKosusu/BuyuKosusu/Content/Stylized_PBR_Nature/Rocks/Assets/SM_S_Rock_06.ubulk" 2344
"W:/UnrealProject/BuyuKosusuGit/BuyuKosusu/BuyuKosusu/Content/Stylized_PBR_Nature/Rocks/Assets/SM_S_Rock_06.uasset" 2345
"W:/UnrealProject/BuyuKosusuGit/BuyuKosusu/BuyuKosusu/Content/Stylized_PBR_Nature/Rocks/Assets/SM_S_Rock_06.uexp" 2346
"W:/UnrealProject/BuyuKosusuGit/BuyuKosusu/BuyuKosusu/Content/Low_Poly_Viking_World/Models/Props/SM_Cart_Wheel.ubulk" 2347
"W:/UnrealProject/BuyuKosusuGit/BuyuKosusu/BuyuKosusu/Content/Low_Poly_Viking_World/Models/Props/SM_Cart_Wheel.uasset" 2348
"W:/UnrealProject/BuyuKosusuGit/BuyuKosusu/BuyuKosusu/Content/Low_Poly_Viking_World/Models/Props/SM_Cart_Wheel.uexp" 2349
"W:/UnrealProject/BuyuKosusuGit/BuyuKosusu/BuyuKosusu/Content/Meshes/newstuff/Straw_D_tga.ubulk" 2350
"W:/UnrealProject/BuyuKosusuGit/BuyuKosusu/BuyuKosusu/Content/Meshes/newstuff/Straw_D_tga.uasset" 2351
"W:/UnrealProject/BuyuKosusuGit/BuyuKosusu/BuyuKosusu/Content/Meshes/newstuff/Straw_D_tga.uexp" 2352
"W:/UnrealProject/BuyuKosusuGit/BuyuKosusu/BuyuKosusu/Content/Meshes/newstuff/Straw_SG.uasset" 2353
"W:/UnrealProject/BuyuKosusuGit/BuyuKosusu/BuyuKosusu/Content/Meshes/newstuff/Straw_SG.uexp" 2354
"W:/UnrealProject/BuyuKosusuGit/BuyuKosusu/BuyuKosusu/Content/Meshes/newstuff/Props_Pack_-_Hay_Bale_Cube_Straw02.ubulk" 2355
"W:/UnrealProject/BuyuKosusuGit/BuyuKosusu/BuyuKosusu/Content/Meshes/newstuff/Props_Pack_-_Hay_Bale_Cube_Straw02.uasset" 2356
"W:/UnrealProject/BuyuKosusuGit/BuyuKosusu/BuyuKosusu/Content/Meshes/newstuff/Props_Pack_-_Hay_Bale_Cube_Straw02.uexp" 2357
"W:/UnrealProject/BuyuKosusuGit/BuyuKosusu/BuyuKosusu/Content/Meshes/newstuff/Props_Pack_-_Hay_Bale_HayCock_Straw.ubulk" 2358
"W:/UnrealProject/BuyuKosusuGit/BuyuKosusu/BuyuKosusu/Content/Meshes/newstuff/Props_Pack_-_Hay_Bale_HayCock_Straw.uasset" 2359
"W:/UnrealProject/BuyuKosusuGit/BuyuKosusu/BuyuKosusu/Content/Meshes/newstuff/Props_Pack_-_Hay_Bale_HayCock_Straw.uexp" 2360
"W:/UnrealProject/BuyuKosusuGit/BuyuKosusu/BuyuKosusu/Content/LevelDesignKit/Material/MI_Color_Orange.uasset" 2361
"W:/UnrealProject/BuyuKosusuGit/BuyuKosusu/BuyuKosusu/Content/LevelDesignKit/Material/MI_Color_Orange.uexp" 2362
"W:/UnrealProject/BuyuKosusuGit/BuyuKosusu/BuyuKosusu/Content/LevelDesignKit/Material/Texture/T_Smile_BC.ubulk" 2363
"W:/UnrealProject/BuyuKosusuGit/BuyuKosusu/BuyuKosusu/Content/LevelDesignKit/Material/Texture/T_Smile_BC.uasset" 2364
"W:/UnrealProject/BuyuKosusuGit/BuyuKosusu/BuyuKosusu/Content/LevelDesignKit/Material/Texture/T_Smile_BC.uexp" 2365
"W:/UnrealProject/BuyuKosusuGit/BuyuKosusu/BuyuKosusu/Content/LevelDesignKit/Material/Master/M_Color_Mask.uasset" 2366
"W:/UnrealProject/BuyuKosusuGit/BuyuKosusu/BuyuKosusu/Content/LevelDesignKit/Material/Master/M_Color_Mask.uexp" 2367
"W:/UnrealProject/BuyuKosusuGit/BuyuKosusu/BuyuKosusu/Content/LevelDesignKit/Material/Texture/T_Neutral_BC.ubulk" 2368
"W:/UnrealProject/BuyuKosusuGit/BuyuKosusu/BuyuKosusu/Content/LevelDesignKit/Material/Texture/T_Neutral_BC.uasset" 2369
"W:/UnrealProject/BuyuKosusuGit/BuyuKosusu/BuyuKosusu/Content/LevelDesignKit/Material/Texture/T_Neutral_BC.uexp" 2370
"W:/UnrealProject/BuyuKosusuGit/BuyuKosusu/BuyuKosusu/Content/LevelDesignKit/Material/MI_Emotion_Neutral.uasset" 2371
"W:/UnrealProject/BuyuKosusuGit/BuyuKosusu/BuyuKosusu/Content/LevelDesignKit/Material/MI_Emotion_Neutral.uexp" 2372
"W:/UnrealProject/BuyuKosusuGit/BuyuKosusu/BuyuKosusu/Content/LevelDesignKit/Material/MI_Color_MetalBlue.uasset" 2373
"W:/UnrealProject/BuyuKosusuGit/BuyuKosusu/BuyuKosusu/Content/LevelDesignKit/Material/MI_Color_MetalBlue.uexp" 2374
"W:/UnrealProject/BuyuKosusuGit/BuyuKosusu/BuyuKosusu/Content/LevelDesignKit/Meshes/CharacterPose/SM_Pose1C_SwingSword.ubulk" 2375
"W:/UnrealProject/BuyuKosusuGit/BuyuKosusu/BuyuKosusu/Content/LevelDesignKit/Meshes/CharacterPose/SM_Pose1C_SwingSword.uasset" 2376
"W:/UnrealProject/BuyuKosusuGit/BuyuKosusu/BuyuKosusu/Content/LevelDesignKit/Meshes/CharacterPose/SM_Pose1C_SwingSword.uexp" 2377
"W:/UnrealProject/BuyuKosusuGit/BuyuKosusu/BuyuKosusu/Content/Meshes/DriedTree/Tex/algo1_AO.ubulk" 2378
"W:/UnrealProject/BuyuKosusuGit/BuyuKosusu/BuyuKosusu/Content/Meshes/DriedTree/Tex/algo1_AO.uasset" 2379
"W:/UnrealProject/BuyuKosusuGit/BuyuKosusu/BuyuKosusu/Content/Meshes/DriedTree/Tex/algo1_AO.uexp" 2380
"W:/UnrealProject/BuyuKosusuGit/BuyuKosusu/BuyuKosusu/Content/Meshes/DriedTree/Tex/algo1_albedo.ubulk" 2381
"W:/UnrealProject/BuyuKosusuGit/BuyuKosusu/BuyuKosusu/Content/Meshes/DriedTree/Tex/algo1_albedo.uasset" 2382
"W:/UnrealProject/BuyuKosusuGit/BuyuKosusu/BuyuKosusu/Content/Meshes/DriedTree/Tex/algo1_albedo.uexp" 2383
"W:/UnrealProject/BuyuKosusuGit/BuyuKosusu/BuyuKosusu/Content/Meshes/DriedTree/Tex/algo1_roughness.ubulk" 2384
"W:/UnrealProject/BuyuKosusuGit/BuyuKosusu/BuyuKosusu/Content/Meshes/DriedTree/Tex/algo1_roughness.uasset" 2385
"W:/UnrealProject/BuyuKosusuGit/BuyuKosusu/BuyuKosusu/Content/Meshes/DriedTree/Tex/algo1_roughness.uexp" 2386
"W:/UnrealProject/BuyuKosusuGit/BuyuKosusu/BuyuKosusu/Content/Meshes/DriedTree/Tex/algo1_normal.ubulk" 2387
"W:/UnrealProject/BuyuKosusuGit/BuyuKosusu/BuyuKosusu/Content/Meshes/DriedTree/Tex/algo1_normal.uasset" 2388
"W:/UnrealProject/BuyuKosusuGit/BuyuKosusu/BuyuKosusu/Content/Meshes/DriedTree/Tex/algo1_normal.uexp" 2389
"W:/UnrealProject/BuyuKosusuGit/BuyuKosusu/BuyuKosusu/Content/Meshes/DriedTree/Tex/algo1_metallic.ubulk" 2390
"W:/UnrealProject/BuyuKosusuGit/BuyuKosusu/BuyuKosusu/Content/Meshes/DriedTree/Tex/algo1_metallic.uasset" 2391
"W:/UnrealProject/BuyuKosusuGit/BuyuKosusu/BuyuKosusu/Content/Meshes/DriedTree/Tex/algo1_metallic.uexp" 2392
"W:/UnrealProject/BuyuKosusuGit/BuyuKosusu/BuyuKosusu/Content/Meshes/DriedTree/Tex/NewMaterial.uasset" 2393
"W:/UnrealProject/BuyuKosusuGit/BuyuKosusu/BuyuKosusu/Content/Meshes/DriedTree/Tex/NewMaterial.uexp" 2394
"W:/UnrealProject/BuyuKosusuGit/BuyuKosusu/BuyuKosusu/Content/LevelDesignKit/Material/MI_Emotion_Smile.uasset" 2395
"W:/UnrealProject/BuyuKosusuGit/BuyuKosusu/BuyuKosusu/Content/LevelDesignKit/Material/MI_Emotion_Smile.uexp" 2396
"W:/UnrealProject/BuyuKosusuGit/BuyuKosusu/BuyuKosusu/Content/LevelDesignKit/Material/MI_Color_Green.uasset" 2397
"W:/UnrealProject/BuyuKosusuGit/BuyuKosusu/BuyuKosusu/Content/LevelDesignKit/Material/MI_Color_Green.uexp" 2398
"W:/UnrealProject/BuyuKosusuGit/BuyuKosusu/BuyuKosusu/Content/LevelDesignKit/Meshes/CharacterPose/SM_Pose2_IdleUnarmed.ubulk" 2399
"W:/UnrealProject/BuyuKosusuGit/BuyuKosusu/BuyuKosusu/Content/LevelDesignKit/Meshes/CharacterPose/SM_Pose2_IdleUnarmed.uasset" 2400
"W:/UnrealProject/BuyuKosusuGit/BuyuKosusu/BuyuKosusu/Content/LevelDesignKit/Meshes/CharacterPose/SM_Pose2_IdleUnarmed.uexp" 2401
"W:/UnrealProject/BuyuKosusuGit/BuyuKosusu/BuyuKosusu/Content/LandscapeMaterial/GrassRock/grass_with_rocks_01_color_1k.ubulk" 2402
"W:/UnrealProject/BuyuKosusuGit/BuyuKosusu/BuyuKosusu/Content/LandscapeMaterial/GrassRock/grass_with_rocks_01_color_1k.uasset" 2403
"W:/UnrealProject/BuyuKosusuGit/BuyuKosusu/BuyuKosusu/Content/LandscapeMaterial/GrassRock/grass_with_rocks_01_color_1k.uexp" 2404
"W:/UnrealProject/BuyuKosusuGit/BuyuKosusu/BuyuKosusu/Content/LandscapeMaterial/Grass02/grass_02_base_1k.ubulk" 2405
"W:/UnrealProject/BuyuKosusuGit/BuyuKosusu/BuyuKosusu/Content/LandscapeMaterial/Grass02/grass_02_base_1k.uasset" 2406
"W:/UnrealProject/BuyuKosusuGit/BuyuKosusu/BuyuKosusu/Content/LandscapeMaterial/Grass02/grass_02_base_1k.uexp" 2407
"W:/UnrealProject/BuyuKosusuGit/BuyuKosusu/BuyuKosusu/Content/LandscapeMaterial/GroundKizilYaprak/ground_tiles_23_normal_dx_1k.ubulk" 2408
"W:/UnrealProject/BuyuKosusuGit/BuyuKosusu/BuyuKosusu/Content/LandscapeMaterial/GroundKizilYaprak/ground_tiles_23_normal_dx_1k.uasset" 2409
"W:/UnrealProject/BuyuKosusuGit/BuyuKosusu/BuyuKosusu/Content/LandscapeMaterial/GroundKizilYaprak/ground_tiles_23_normal_dx_1k.uexp" 2410
"W:/UnrealProject/BuyuKosusuGit/BuyuKosusu/BuyuKosusu/Content/LandscapeMaterial/GroundStones02/ground_stones_02_normal_dx_1k.ubulk" 2411
"W:/UnrealProject/BuyuKosusuGit/BuyuKosusu/BuyuKosusu/Content/LandscapeMaterial/GroundStones02/ground_stones_02_normal_dx_1k.uasset" 2412
"W:/UnrealProject/BuyuKosusuGit/BuyuKosusu/BuyuKosusu/Content/LandscapeMaterial/GroundStones02/ground_stones_02_normal_dx_1k.uexp" 2413
"../../../Engine/Content/EngineMaterials/WeightMapPlaceholderTexture.uasset" 2414
"../../../Engine/Content/EngineMaterials/WeightMapPlaceholderTexture.uexp" 2415
"../../../Engine/Content/EngineMaterials/WeightMapArrayPlaceholderTexture.uasset" 2416
"../../../Engine/Content/EngineMaterials/WeightMapArrayPlaceholderTexture.uexp" 2417
"W:/UnrealProject/BuyuKosusuGit/BuyuKosusu/BuyuKosusu/Content/LUSH_StylizedEnvironmentSet/Meshes/Rocks/Textures/T_RockSurface_D_02.ubulk" 2418
"W:/UnrealProject/BuyuKosusuGit/BuyuKosusu/BuyuKosusu/Content/LUSH_StylizedEnvironmentSet/Meshes/Rocks/Textures/T_RockSurface_D_02.uasset" 2419
"W:/UnrealProject/BuyuKosusuGit/BuyuKosusu/BuyuKosusu/Content/LUSH_StylizedEnvironmentSet/Meshes/Rocks/Textures/T_RockSurface_D_02.uexp" 2420
"W:/UnrealProject/BuyuKosusuGit/BuyuKosusu/BuyuKosusu/Content/LandscapeMaterial/Grass01/grass_01_ambient_occlusion_1k.ubulk" 2421
"W:/UnrealProject/BuyuKosusuGit/BuyuKosusu/BuyuKosusu/Content/LandscapeMaterial/Grass01/grass_01_ambient_occlusion_1k.uasset" 2422
"W:/UnrealProject/BuyuKosusuGit/BuyuKosusu/BuyuKosusu/Content/LandscapeMaterial/Grass01/grass_01_ambient_occlusion_1k.uexp" 2423
"W:/UnrealProject/BuyuKosusuGit/BuyuKosusu/BuyuKosusu/Content/Meshes/Lava/Stylized_Lava_Cracked_INST_normal.ubulk" 2424
"W:/UnrealProject/BuyuKosusuGit/BuyuKosusu/BuyuKosusu/Content/Meshes/Lava/Stylized_Lava_Cracked_INST_normal.uasset" 2425
"W:/UnrealProject/BuyuKosusuGit/BuyuKosusu/BuyuKosusu/Content/Meshes/Lava/Stylized_Lava_Cracked_INST_normal.uexp" 2426
"W:/UnrealProject/BuyuKosusuGit/BuyuKosusu/BuyuKosusu/Content/LandscapeMaterial/Grass01/grass_01_normal_dx_1k.ubulk" 2427
"W:/UnrealProject/BuyuKosusuGit/BuyuKosusu/BuyuKosusu/Content/LandscapeMaterial/Grass01/grass_01_normal_dx_1k.uasset" 2428
"W:/UnrealProject/BuyuKosusuGit/BuyuKosusu/BuyuKosusu/Content/LandscapeMaterial/Grass01/grass_01_normal_dx_1k.uexp" 2429
"W:/UnrealProject/BuyuKosusuGit/BuyuKosusu/BuyuKosusu/Content/LandscapeMaterial/CliffRocks/cliff_rocks_04_normal_dx_1k.ubulk" 2430
"W:/UnrealProject/BuyuKosusuGit/BuyuKosusu/BuyuKosusu/Content/LandscapeMaterial/CliffRocks/cliff_rocks_04_normal_dx_1k.uasset" 2431
"W:/UnrealProject/BuyuKosusuGit/BuyuKosusu/BuyuKosusu/Content/LandscapeMaterial/CliffRocks/cliff_rocks_04_normal_dx_1k.uexp" 2432
"W:/UnrealProject/BuyuKosusuGit/BuyuKosusu/BuyuKosusu/Content/LandscapeMaterial/Ground03/ground_05_baseColor_1k.ubulk" 2433
"W:/UnrealProject/BuyuKosusuGit/BuyuKosusu/BuyuKosusu/Content/LandscapeMaterial/Ground03/ground_05_baseColor_1k.uasset" 2434
"W:/UnrealProject/BuyuKosusuGit/BuyuKosusu/BuyuKosusu/Content/LandscapeMaterial/Ground03/ground_05_baseColor_1k.uexp" 2435
"W:/UnrealProject/BuyuKosusuGit/BuyuKosusu/BuyuKosusu/Content/Meshes/Lava/Stylized_Lava_Cracked_INST_basecolor.ubulk" 2436
"W:/UnrealProject/BuyuKosusuGit/BuyuKosusu/BuyuKosusu/Content/Meshes/Lava/Stylized_Lava_Cracked_INST_basecolor.uasset" 2437
"W:/UnrealProject/BuyuKosusuGit/BuyuKosusu/BuyuKosusu/Content/Meshes/Lava/Stylized_Lava_Cracked_INST_basecolor.uexp" 2438
"W:/UnrealProject/BuyuKosusuGit/BuyuKosusu/BuyuKosusu/Content/LandscapeMaterial/Ground03/ground_05_normal_dx_1k.ubulk" 2439
"W:/UnrealProject/BuyuKosusuGit/BuyuKosusu/BuyuKosusu/Content/LandscapeMaterial/Ground03/ground_05_normal_dx_1k.uasset" 2440
"W:/UnrealProject/BuyuKosusuGit/BuyuKosusu/BuyuKosusu/Content/LandscapeMaterial/Ground03/ground_05_normal_dx_1k.uexp" 2441
"W:/UnrealProject/BuyuKosusuGit/BuyuKosusu/BuyuKosusu/Content/LandscapeMaterial/GroundTiles03/ground_tiles_01_color_1k.ubulk" 2442
"W:/UnrealProject/BuyuKosusuGit/BuyuKosusu/BuyuKosusu/Content/LandscapeMaterial/GroundTiles03/ground_tiles_01_color_1k.uasset" 2443
"W:/UnrealProject/BuyuKosusuGit/BuyuKosusu/BuyuKosusu/Content/LandscapeMaterial/GroundTiles03/ground_tiles_01_color_1k.uexp" 2444
"W:/UnrealProject/BuyuKosusuGit/BuyuKosusu/BuyuKosusu/Content/LandscapeMaterial/GroundTile01/ground_tiles_24_normal_dx_1k.ubulk" 2445
"W:/UnrealProject/BuyuKosusuGit/BuyuKosusu/BuyuKosusu/Content/LandscapeMaterial/GroundTile01/ground_tiles_24_normal_dx_1k.uasset" 2446
"W:/UnrealProject/BuyuKosusuGit/BuyuKosusu/BuyuKosusu/Content/LandscapeMaterial/GroundTile01/ground_tiles_24_normal_dx_1k.uexp" 2447
"W:/UnrealProject/BuyuKosusuGit/BuyuKosusu/BuyuKosusu/Content/LandscapeMaterial/Grass01/grass_01_color_1k.ubulk" 2448
"W:/UnrealProject/BuyuKosusuGit/BuyuKosusu/BuyuKosusu/Content/LandscapeMaterial/Grass01/grass_01_color_1k.uasset" 2449
"W:/UnrealProject/BuyuKosusuGit/BuyuKosusu/BuyuKosusu/Content/LandscapeMaterial/Grass01/grass_01_color_1k.uexp" 2450
"W:/UnrealProject/BuyuKosusuGit/BuyuKosusu/BuyuKosusu/Content/Meshes/Lava/Stylized_Lava_Cracked_INST_emissive.ubulk" 2451
"W:/UnrealProject/BuyuKosusuGit/BuyuKosusu/BuyuKosusu/Content/Meshes/Lava/Stylized_Lava_Cracked_INST_emissive.uasset" 2452
"W:/UnrealProject/BuyuKosusuGit/BuyuKosusu/BuyuKosusu/Content/Meshes/Lava/Stylized_Lava_Cracked_INST_emissive.uexp" 2453
"W:/UnrealProject/BuyuKosusuGit/BuyuKosusu/BuyuKosusu/Content/LandscapeMaterial/GroundRocks/ground_with_rocks_03_normal_dx_1k.ubulk" 2454
"W:/UnrealProject/BuyuKosusuGit/BuyuKosusu/BuyuKosusu/Content/LandscapeMaterial/GroundRocks/ground_with_rocks_03_normal_dx_1k.uasset" 2455
"W:/UnrealProject/BuyuKosusuGit/BuyuKosusu/BuyuKosusu/Content/LandscapeMaterial/GroundRocks/ground_with_rocks_03_normal_dx_1k.uexp" 2456
"W:/UnrealProject/BuyuKosusuGit/BuyuKosusu/BuyuKosusu/Content/LandscapeMaterial/GroundTile02/ground_tiles_13_baseColor_1k.ubulk" 2457
"W:/UnrealProject/BuyuKosusuGit/BuyuKosusu/BuyuKosusu/Content/LandscapeMaterial/GroundTile02/ground_tiles_13_baseColor_1k.uasset" 2458
"W:/UnrealProject/BuyuKosusuGit/BuyuKosusu/BuyuKosusu/Content/LandscapeMaterial/GroundTile02/ground_tiles_13_baseColor_1k.uexp" 2459
"W:/UnrealProject/BuyuKosusuGit/BuyuKosusu/BuyuKosusu/Content/LandscapeMaterial/grassBad.ubulk" 2460
"W:/UnrealProject/BuyuKosusuGit/BuyuKosusu/BuyuKosusu/Content/LandscapeMaterial/grassBad.uasset" 2461
"W:/UnrealProject/BuyuKosusuGit/BuyuKosusu/BuyuKosusu/Content/LandscapeMaterial/grassBad.uexp" 2462
"W:/UnrealProject/BuyuKosusuGit/BuyuKosusu/BuyuKosusu/Content/LandscapeMaterial/CliffRocks/cliff_rocks_04_baseColor_1k.ubulk" 2463
"W:/UnrealProject/BuyuKosusuGit/BuyuKosusu/BuyuKosusu/Content/LandscapeMaterial/CliffRocks/cliff_rocks_04_baseColor_1k.uasset" 2464
"W:/UnrealProject/BuyuKosusuGit/BuyuKosusu/BuyuKosusu/Content/LandscapeMaterial/CliffRocks/cliff_rocks_04_baseColor_1k.uexp" 2465
"W:/UnrealProject/BuyuKosusuGit/BuyuKosusu/BuyuKosusu/Content/LandscapeMaterial/GroundStones02/ground_stones_02_basecolor_1k.ubulk" 2466
"W:/UnrealProject/BuyuKosusuGit/BuyuKosusu/BuyuKosusu/Content/LandscapeMaterial/GroundStones02/ground_stones_02_basecolor_1k.uasset" 2467
"W:/UnrealProject/BuyuKosusuGit/BuyuKosusu/BuyuKosusu/Content/LandscapeMaterial/GroundStones02/ground_stones_02_basecolor_1k.uexp" 2468
"W:/UnrealProject/BuyuKosusuGit/BuyuKosusu/BuyuKosusu/Content/LUSH_StylizedEnvironmentSet/Meshes/Rocks/Textures/T_RockSurface_N.ubulk" 2469
"W:/UnrealProject/BuyuKosusuGit/BuyuKosusu/BuyuKosusu/Content/LUSH_StylizedEnvironmentSet/Meshes/Rocks/Textures/T_RockSurface_N.uasset" 2470
"W:/UnrealProject/BuyuKosusuGit/BuyuKosusu/BuyuKosusu/Content/LUSH_StylizedEnvironmentSet/Meshes/Rocks/Textures/T_RockSurface_N.uexp" 2471
"W:/UnrealProject/BuyuKosusuGit/BuyuKosusu/BuyuKosusu/Content/LandscapeMaterial/GroundTiles03/ground_tiles_01_normal_dx_1k.ubulk" 2472
"W:/UnrealProject/BuyuKosusuGit/BuyuKosusu/BuyuKosusu/Content/LandscapeMaterial/GroundTiles03/ground_tiles_01_normal_dx_1k.uasset" 2473
"W:/UnrealProject/BuyuKosusuGit/BuyuKosusu/BuyuKosusu/Content/LandscapeMaterial/GroundTiles03/ground_tiles_01_normal_dx_1k.uexp" 2474
"W:/UnrealProject/BuyuKosusuGit/BuyuKosusu/BuyuKosusu/Content/LandscapeMaterial/GroundRocks/ground_with_rocks_03_color_1k.ubulk" 2475
"W:/UnrealProject/BuyuKosusuGit/BuyuKosusu/BuyuKosusu/Content/LandscapeMaterial/GroundRocks/ground_with_rocks_03_color_1k.uasset" 2476
"W:/UnrealProject/BuyuKosusuGit/BuyuKosusu/BuyuKosusu/Content/LandscapeMaterial/GroundRocks/ground_with_rocks_03_color_1k.uexp" 2477
"W:/UnrealProject/BuyuKosusuGit/BuyuKosusu/BuyuKosusu/Content/LandscapeMaterial/Grass01/grass_01_roughness_1k.ubulk" 2478
"W:/UnrealProject/BuyuKosusuGit/BuyuKosusu/BuyuKosusu/Content/LandscapeMaterial/Grass01/grass_01_roughness_1k.uasset" 2479
"W:/UnrealProject/BuyuKosusuGit/BuyuKosusu/BuyuKosusu/Content/LandscapeMaterial/Grass01/grass_01_roughness_1k.uexp" 2480
"W:/UnrealProject/BuyuKosusuGit/BuyuKosusu/BuyuKosusu/Content/LandscapeMaterial/GroundKizilYaprak/ground_tiles_23_basecolor_1k.ubulk" 2481
"W:/UnrealProject/BuyuKosusuGit/BuyuKosusu/BuyuKosusu/Content/LandscapeMaterial/GroundKizilYaprak/ground_tiles_23_basecolor_1k.uasset" 2482
"W:/UnrealProject/BuyuKosusuGit/BuyuKosusu/BuyuKosusu/Content/LandscapeMaterial/GroundKizilYaprak/ground_tiles_23_basecolor_1k.uexp" 2483
"W:/UnrealProject/BuyuKosusuGit/BuyuKosusu/BuyuKosusu/Content/LandscapeMaterial/GroundTile02/ground_tiles_13_normal_dx_1k.ubulk" 2484
"W:/UnrealProject/BuyuKosusuGit/BuyuKosusu/BuyuKosusu/Content/LandscapeMaterial/GroundTile02/ground_tiles_13_normal_dx_1k.uasset" 2485
"W:/UnrealProject/BuyuKosusuGit/BuyuKosusu/BuyuKosusu/Content/LandscapeMaterial/GroundTile02/ground_tiles_13_normal_dx_1k.uexp" 2486
"W:/UnrealProject/BuyuKosusuGit/BuyuKosusu/BuyuKosusu/Content/LandscapeMaterial/GrassRock/grass_with_rocks_01_normal_dx_1k.ubulk" 2487
"W:/UnrealProject/BuyuKosusuGit/BuyuKosusu/BuyuKosusu/Content/LandscapeMaterial/GrassRock/grass_with_rocks_01_normal_dx_1k.uasset" 2488
"W:/UnrealProject/BuyuKosusuGit/BuyuKosusu/BuyuKosusu/Content/LandscapeMaterial/GrassRock/grass_with_rocks_01_normal_dx_1k.uexp" 2489
"W:/UnrealProject/BuyuKosusuGit/BuyuKosusu/BuyuKosusu/Content/LandscapeMaterial/Grass02/grass_02_normal_dx_1k.ubulk" 2490
"W:/UnrealProject/BuyuKosusuGit/BuyuKosusu/BuyuKosusu/Content/LandscapeMaterial/Grass02/grass_02_normal_dx_1k.uasset" 2491
"W:/UnrealProject/BuyuKosusuGit/BuyuKosusu/BuyuKosusu/Content/LandscapeMaterial/Grass02/grass_02_normal_dx_1k.uexp" 2492
"W:/UnrealProject/BuyuKosusuGit/BuyuKosusu/BuyuKosusu/Content/LandscapeMaterial/GroundTile01/ground_tiles_24_baseColo_1k.ubulk" 2493
"W:/UnrealProject/BuyuKosusuGit/BuyuKosusu/BuyuKosusu/Content/LandscapeMaterial/GroundTile01/ground_tiles_24_baseColo_1k.uasset" 2494
"W:/UnrealProject/BuyuKosusuGit/BuyuKosusu/BuyuKosusu/Content/LandscapeMaterial/GroundTile01/ground_tiles_24_baseColo_1k.uexp" 2495
"W:/UnrealProject/BuyuKosusuGit/BuyuKosusu/BuyuKosusu/Content/M_Landscape.uasset" 2496
"W:/UnrealProject/BuyuKosusuGit/BuyuKosusu/BuyuKosusu/Content/M_Landscape.uexp" 2497
"W:/UnrealProject/BuyuKosusuGit/BuyuKosusu/BuyuKosusu/Content/Stylized_PBR_Nature/Rocks/Assets/SM_S_Rock_01.ubulk" 2498
"W:/UnrealProject/BuyuKosusuGit/BuyuKosusu/BuyuKosusu/Content/Stylized_PBR_Nature/Rocks/Assets/SM_S_Rock_01.uasset" 2499
"W:/UnrealProject/BuyuKosusuGit/BuyuKosusu/BuyuKosusu/Content/Stylized_PBR_Nature/Rocks/Assets/SM_S_Rock_01.uexp" 2500
"W:/UnrealProject/BuyuKosusuGit/BuyuKosusu/BuyuKosusu/Content/Meshes/DriedTree/model_pCylinder6.ubulk" 2501
"W:/UnrealProject/BuyuKosusuGit/BuyuKosusu/BuyuKosusu/Content/Meshes/DriedTree/model_pCylinder6.uasset" 2502
"W:/UnrealProject/BuyuKosusuGit/BuyuKosusu/BuyuKosusu/Content/Meshes/DriedTree/model_pCylinder6.uexp" 2503
"W:/UnrealProject/BuyuKosusuGit/BuyuKosusu/BuyuKosusu/Content/LandscapeSave/RealRock_LayerInfo5.uasset" 2504
"W:/UnrealProject/BuyuKosusuGit/BuyuKosusu/BuyuKosusu/Content/LandscapeSave/RealRock_LayerInfo5.uexp" 2505
"W:/UnrealProject/BuyuKosusuGit/BuyuKosusu/BuyuKosusu/Content/LUSH_StylizedEnvironmentSet/Foliage/Bushes/SM_Bush_Medium_02.ubulk" 2506
"W:/UnrealProject/BuyuKosusuGit/BuyuKosusu/BuyuKosusu/Content/LUSH_StylizedEnvironmentSet/Foliage/Bushes/SM_Bush_Medium_02.uasset" 2507
"W:/UnrealProject/BuyuKosusuGit/BuyuKosusu/BuyuKosusu/Content/LUSH_StylizedEnvironmentSet/Foliage/Bushes/SM_Bush_Medium_02.uexp" 2508
"W:/UnrealProject/BuyuKosusuGit/BuyuKosusu/BuyuKosusu/Content/Meshes/DriedTree/model_pCone65.ubulk" 2509
"W:/UnrealProject/BuyuKosusuGit/BuyuKosusu/BuyuKosusu/Content/Meshes/DriedTree/model_pCone65.uasset" 2510
"W:/UnrealProject/BuyuKosusuGit/BuyuKosusu/BuyuKosusu/Content/Meshes/DriedTree/model_pCone65.uexp" 2511
"W:/UnrealProject/BuyuKosusuGit/BuyuKosusu/BuyuKosusu/Content/Stylized_PBR_Nature/Foliage/FoliageTypes/SM_Pine_Tree_3_FoliageType.uasset" 2512
"W:/UnrealProject/BuyuKosusuGit/BuyuKosusu/BuyuKosusu/Content/Stylized_PBR_Nature/Foliage/FoliageTypes/SM_Pine_Tree_3_FoliageType.uexp" 2513
"W:/UnrealProject/BuyuKosusuGit/BuyuKosusu/BuyuKosusu/Content/Meshes/free-animated-low-poly-cartoon-skeleton_idle_/source/skeleton_Skeleton.uasset" 2514
"W:/UnrealProject/BuyuKosusuGit/BuyuKosusu/BuyuKosusu/Content/Meshes/free-animated-low-poly-cartoon-skeleton_idle_/source/skeleton_Skeleton.uexp" 2515
"W:/UnrealProject/BuyuKosusuGit/BuyuKosusu/BuyuKosusu/Content/Meshes/free-animated-low-poly-cartoon-skeleton_idle_/source/skeleton_Anim_skeleton-skeleton_run.uasset" 2516
"W:/UnrealProject/BuyuKosusuGit/BuyuKosusu/BuyuKosusu/Content/Meshes/free-animated-low-poly-cartoon-skeleton_idle_/source/skeleton_Anim_skeleton-skeleton_run.uexp" 2517
"W:/UnrealProject/BuyuKosusuGit/BuyuKosusu/BuyuKosusu/Content/Realistic_Starter_VFX_Pack_Vol2/Textures/T_Fire_F.ubulk" 2518
"W:/UnrealProject/BuyuKosusuGit/BuyuKosusu/BuyuKosusu/Content/Realistic_Starter_VFX_Pack_Vol2/Textures/T_Fire_F.uasset" 2519
"W:/UnrealProject/BuyuKosusuGit/BuyuKosusu/BuyuKosusu/Content/Realistic_Starter_VFX_Pack_Vol2/Textures/T_Fire_F.uexp" 2520
"W:/UnrealProject/BuyuKosusuGit/BuyuKosusu/BuyuKosusu/Content/Realistic_Starter_VFX_Pack_Vol2/Textures/T_Fire_B.ubulk" 2521
"W:/UnrealProject/BuyuKosusuGit/BuyuKosusu/BuyuKosusu/Content/Realistic_Starter_VFX_Pack_Vol2/Textures/T_Fire_B.uasset" 2522
"W:/UnrealProject/BuyuKosusuGit/BuyuKosusu/BuyuKosusu/Content/Realistic_Starter_VFX_Pack_Vol2/Textures/T_Fire_B.uexp" 2523
"W:/UnrealProject/BuyuKosusuGit/BuyuKosusu/BuyuKosusu/Content/Realistic_Starter_VFX_Pack_Vol2/Materials/M_Fire_C.uasset" 2524
"W:/UnrealProject/BuyuKosusuGit/BuyuKosusu/BuyuKosusu/Content/Realistic_Starter_VFX_Pack_Vol2/Materials/M_Fire_C.uexp" 2525
"W:/UnrealProject/BuyuKosusuGit/BuyuKosusu/BuyuKosusu/Content/Realistic_Starter_VFX_Pack_Vol2/Textures/T_Fire_D.ubulk" 2526
"W:/UnrealProject/BuyuKosusuGit/BuyuKosusu/BuyuKosusu/Content/Realistic_Starter_VFX_Pack_Vol2/Textures/T_Fire_D.uasset" 2527
"W:/UnrealProject/BuyuKosusuGit/BuyuKosusu/BuyuKosusu/Content/Realistic_Starter_VFX_Pack_Vol2/Textures/T_Fire_D.uexp" 2528
"W:/UnrealProject/BuyuKosusuGit/BuyuKosusu/BuyuKosusu/Content/Realistic_Starter_VFX_Pack_Vol2/Materials/M_Fire_B.uasset" 2529
"W:/UnrealProject/BuyuKosusuGit/BuyuKosusu/BuyuKosusu/Content/Realistic_Starter_VFX_Pack_Vol2/Materials/M_Fire_B.uexp" 2530
"W:/UnrealProject/BuyuKosusuGit/BuyuKosusu/BuyuKosusu/Content/Realistic_Starter_VFX_Pack_Vol2/Textures/T_Smoke_B.ubulk" 2531
"W:/UnrealProject/BuyuKosusuGit/BuyuKosusu/BuyuKosusu/Content/Realistic_Starter_VFX_Pack_Vol2/Textures/T_Smoke_B.uasset" 2532
"W:/UnrealProject/BuyuKosusuGit/BuyuKosusu/BuyuKosusu/Content/Realistic_Starter_VFX_Pack_Vol2/Textures/T_Smoke_B.uexp" 2533
"W:/UnrealProject/BuyuKosusuGit/BuyuKosusu/BuyuKosusu/Content/Realistic_Starter_VFX_Pack_Vol2/Textures/T_Smoke_A.ubulk" 2534
"W:/UnrealProject/BuyuKosusuGit/BuyuKosusu/BuyuKosusu/Content/Realistic_Starter_VFX_Pack_Vol2/Textures/T_Smoke_A.uasset" 2535
"W:/UnrealProject/BuyuKosusuGit/BuyuKosusu/BuyuKosusu/Content/Realistic_Starter_VFX_Pack_Vol2/Textures/T_Smoke_A.uexp" 2536
"W:/UnrealProject/BuyuKosusuGit/BuyuKosusu/BuyuKosusu/Content/Realistic_Starter_VFX_Pack_Vol2/Materials/M_Smoke_C.uasset" 2537
"W:/UnrealProject/BuyuKosusuGit/BuyuKosusu/BuyuKosusu/Content/Realistic_Starter_VFX_Pack_Vol2/Materials/M_Smoke_C.uexp" 2538
"W:/UnrealProject/BuyuKosusuGit/BuyuKosusu/BuyuKosusu/Content/Realistic_Starter_VFX_Pack_Vol2/Particles/Fire/P_Fire_Small.uasset" 2539
"W:/UnrealProject/BuyuKosusuGit/BuyuKosusu/BuyuKosusu/Content/Realistic_Starter_VFX_Pack_Vol2/Particles/Fire/P_Fire_Small.uexp" 2540
"W:/UnrealProject/BuyuKosusuGit/BuyuKosusu/BuyuKosusu/Content/Meshes/free-animated-low-poly-cartoon-skeleton_idle_/LPolyPallete_Color.ubulk" 2541
"W:/UnrealProject/BuyuKosusuGit/BuyuKosusu/BuyuKosusu/Content/Meshes/free-animated-low-poly-cartoon-skeleton_idle_/LPolyPallete_Color.uasset" 2542
"W:/UnrealProject/BuyuKosusuGit/BuyuKosusu/BuyuKosusu/Content/Meshes/free-animated-low-poly-cartoon-skeleton_idle_/LPolyPallete_Color.uexp" 2543
"W:/UnrealProject/BuyuKosusuGit/BuyuKosusu/BuyuKosusu/Content/Meshes/free-animated-low-poly-cartoon-skeleton_idle_/Lpolypaletteyellow.ubulk" 2544
"W:/UnrealProject/BuyuKosusuGit/BuyuKosusu/BuyuKosusu/Content/Meshes/free-animated-low-poly-cartoon-skeleton_idle_/Lpolypaletteyellow.uasset" 2545
"W:/UnrealProject/BuyuKosusuGit/BuyuKosusu/BuyuKosusu/Content/Meshes/free-animated-low-poly-cartoon-skeleton_idle_/Lpolypaletteyellow.uexp" 2546
"W:/UnrealProject/BuyuKosusuGit/BuyuKosusu/BuyuKosusu/Content/Meshes/free-animated-low-poly-cartoon-skeleton_idle_/Lpolypaletteyellow_A.ubulk" 2547
"W:/UnrealProject/BuyuKosusuGit/BuyuKosusu/BuyuKosusu/Content/Meshes/free-animated-low-poly-cartoon-skeleton_idle_/Lpolypaletteyellow_A.uasset" 2548
"W:/UnrealProject/BuyuKosusuGit/BuyuKosusu/BuyuKosusu/Content/Meshes/free-animated-low-poly-cartoon-skeleton_idle_/Lpolypaletteyellow_A.uexp" 2549
"W:/UnrealProject/BuyuKosusuGit/BuyuKosusu/BuyuKosusu/Content/Meshes/free-animated-low-poly-cartoon-skeleton_idle_/textures/LPolyPallete.ubulk" 2550
"W:/UnrealProject/BuyuKosusuGit/BuyuKosusu/BuyuKosusu/Content/Meshes/free-animated-low-poly-cartoon-skeleton_idle_/textures/LPolyPallete.uasset" 2551
"W:/UnrealProject/BuyuKosusuGit/BuyuKosusu/BuyuKosusu/Content/Meshes/free-animated-low-poly-cartoon-skeleton_idle_/textures/LPolyPallete.uexp" 2552
"W:/UnrealProject/BuyuKosusuGit/BuyuKosusu/BuyuKosusu/Content/Meshes/free-animated-low-poly-cartoon-skeleton_idle_/source/Skeleton1.uasset" 2553
"W:/UnrealProject/BuyuKosusuGit/BuyuKosusu/BuyuKosusu/Content/Meshes/free-animated-low-poly-cartoon-skeleton_idle_/source/Skeleton1.uexp" 2554
"W:/UnrealProject/BuyuKosusuGit/BuyuKosusu/BuyuKosusu/Content/Meshes/free-animated-low-poly-cartoon-skeleton_idle_/source/skeleton_Anim_skeleton-skeleton_idle.uasset" 2555
"W:/UnrealProject/BuyuKosusuGit/BuyuKosusu/BuyuKosusu/Content/Meshes/free-animated-low-poly-cartoon-skeleton_idle_/source/skeleton_Anim_skeleton-skeleton_idle.uexp" 2556
"W:/UnrealProject/BuyuKosusuGit/BuyuKosusu/BuyuKosusu/Content/Blueprints/Enemies/ABP_Skeleton.uasset" 2557
"W:/UnrealProject/BuyuKosusuGit/BuyuKosusu/BuyuKosusu/Content/Blueprints/Enemies/ABP_Skeleton.uexp" 2558
"W:/UnrealProject/BuyuKosusuGit/BuyuKosusu/BuyuKosusu/Content/Meshes/cannon__cannonball__bomb/blendermaterials/BOMBROPE.uasset" 2559
"W:/UnrealProject/BuyuKosusuGit/BuyuKosusu/BuyuKosusu/Content/Meshes/cannon__cannonball__bomb/blendermaterials/BOMBROPE.uexp" 2560
"W:/UnrealProject/BuyuKosusuGit/BuyuKosusu/BuyuKosusu/Content/Meshes/cannon__cannonball__bomb/bomb_sk_Skeleton.uasset" 2561
"W:/UnrealProject/BuyuKosusuGit/BuyuKosusu/BuyuKosusu/Content/Meshes/cannon__cannonball__bomb/bomb_sk_Skeleton.uexp" 2562
"W:/UnrealProject/BuyuKosusuGit/BuyuKosusu/BuyuKosusu/Content/Meshes/cannon__cannonball__bomb/blendermaterials/BOMB1.uasset" 2563
"W:/UnrealProject/BuyuKosusuGit/BuyuKosusu/BuyuKosusu/Content/Meshes/cannon__cannonball__bomb/blendermaterials/BOMB1.uexp" 2564
"W:/UnrealProject/BuyuKosusuGit/BuyuKosusu/BuyuKosusu/Content/Meshes/cannon__cannonball__bomb/bomb_sk.uasset" 2565
"W:/UnrealProject/BuyuKosusuGit/BuyuKosusu/BuyuKosusu/Content/Meshes/cannon__cannonball__bomb/bomb_sk.uexp" 2566
"W:/UnrealProject/BuyuKosusuGit/BuyuKosusu/BuyuKosusu/Content/KTP_Effect/Textures/T_fly02_7.ubulk" 2567
"W:/UnrealProject/BuyuKosusuGit/BuyuKosusu/BuyuKosusu/Content/KTP_Effect/Textures/T_fly02_7.uasset" 2568
"W:/UnrealProject/BuyuKosusuGit/BuyuKosusu/BuyuKosusu/Content/KTP_Effect/Textures/T_fly02_7.uexp" 2569
"W:/UnrealProject/BuyuKosusuGit/BuyuKosusu/BuyuKosusu/Content/KTP_Effect/Materials/M_fly02_7.uasset" 2570
"W:/UnrealProject/BuyuKosusuGit/BuyuKosusu/BuyuKosusu/Content/KTP_Effect/Materials/M_fly02_7.uexp" 2571
"W:/UnrealProject/BuyuKosusuGit/BuyuKosusu/BuyuKosusu/Content/KTP_Effect/Textures/PublicTextures/T_Aura_03.ubulk" 2572
"W:/UnrealProject/BuyuKosusuGit/BuyuKosusu/BuyuKosusu/Content/KTP_Effect/Textures/PublicTextures/T_Aura_03.uasset" 2573
"W:/UnrealProject/BuyuKosusuGit/BuyuKosusu/BuyuKosusu/Content/KTP_Effect/Textures/PublicTextures/T_Aura_03.uexp" 2574
"W:/UnrealProject/BuyuKosusuGit/BuyuKosusu/BuyuKosusu/Content/KTP_Effect/Materials/PublicMaterials/M_FX_Aura_black_1.uasset" 2575
"W:/UnrealProject/BuyuKosusuGit/BuyuKosusu/BuyuKosusu/Content/KTP_Effect/Materials/PublicMaterials/M_FX_Aura_black_1.uexp" 2576
"W:/UnrealProject/BuyuKosusuGit/BuyuKosusu/BuyuKosusu/Content/KTP_Effect/Mesh/SM_FX_burst_fly03.ubulk" 2577
"W:/UnrealProject/BuyuKosusuGit/BuyuKosusu/BuyuKosusu/Content/KTP_Effect/Mesh/SM_FX_burst_fly03.uasset" 2578
"W:/UnrealProject/BuyuKosusuGit/BuyuKosusu/BuyuKosusu/Content/KTP_Effect/Mesh/SM_FX_burst_fly03.uexp" 2579
"W:/UnrealProject/BuyuKosusuGit/BuyuKosusu/BuyuKosusu/Content/KTP_Effect/Particles/Fly/Expolison_02_07.uasset" 2580
"W:/UnrealProject/BuyuKosusuGit/BuyuKosusu/BuyuKosusu/Content/KTP_Effect/Particles/Fly/Expolison_02_07.uexp" 2581
"W:/UnrealProject/BuyuKosusuGit/BuyuKosusu/BuyuKosusu/Content/Meshes/free-animated-low-poly-cartoon-skeleton_idle_/source/skeleton_PhysicsAsset.uasset" 2582
"W:/UnrealProject/BuyuKosusuGit/BuyuKosusu/BuyuKosusu/Content/Meshes/free-animated-low-poly-cartoon-skeleton_idle_/source/skeleton_PhysicsAsset.uexp" 2583
"W:/UnrealProject/BuyuKosusuGit/BuyuKosusu/BuyuKosusu/Content/Meshes/free-animated-low-poly-cartoon-skeleton_idle_/source/skeleton.uasset" 2584
"W:/UnrealProject/BuyuKosusuGit/BuyuKosusu/BuyuKosusu/Content/Meshes/free-animated-low-poly-cartoon-skeleton_idle_/source/skeleton.uexp" 2585
"W:/UnrealProject/BuyuKosusuGit/BuyuKosusu/BuyuKosusu/Content/Blueprints/Enemies/BB_Skeleton.uasset" 2586
"W:/UnrealProject/BuyuKosusuGit/BuyuKosusu/BuyuKosusu/Content/Blueprints/Enemies/BB_Skeleton.uexp" 2587
"W:/UnrealProject/BuyuKosusuGit/BuyuKosusu/BuyuKosusu/Content/Blueprints/Enemies/BT_Skeleton.uasset" 2588
"W:/UnrealProject/BuyuKosusuGit/BuyuKosusu/BuyuKosusu/Content/Blueprints/Enemies/BT_Skeleton.uexp" 2589
"W:/UnrealProject/BuyuKosusuGit/BuyuKosusu/BuyuKosusu/Content/Blueprints/Enemies/AIC_Skeleton.uasset" 2590
"W:/UnrealProject/BuyuKosusuGit/BuyuKosusu/BuyuKosusu/Content/Blueprints/Enemies/AIC_Skeleton.uexp" 2591
"W:/UnrealProject/BuyuKosusuGit/BuyuKosusu/BuyuKosusu/Content/Blueprints/Enemies/BP_SkeletonEnemy.uasset" 2592
"W:/UnrealProject/BuyuKosusuGit/BuyuKosusu/BuyuKosusu/Content/Blueprints/Enemies/BP_SkeletonEnemy.uexp" 2593
"W:/UnrealProject/BuyuKosusuGit/BuyuKosusu/BuyuKosusu/Content/VFX/MixedVFX/Particles/Fires/NS_BigFire.uasset" 2594
"W:/UnrealProject/BuyuKosusuGit/BuyuKosusu/BuyuKosusu/Content/VFX/MixedVFX/Particles/Fires/NS_BigFire.uexp" 2595
"W:/UnrealProject/BuyuKosusuGit/BuyuKosusu/BuyuKosusu/Content/Meshes/DriedTree/model_pCylinder1.ubulk" 2596
"W:/UnrealProject/BuyuKosusuGit/BuyuKosusu/BuyuKosusu/Content/Meshes/DriedTree/model_pCylinder1.uasset" 2597
"W:/UnrealProject/BuyuKosusuGit/BuyuKosusu/BuyuKosusu/Content/Meshes/DriedTree/model_pCylinder1.uexp" 2598
"W:/UnrealProject/BuyuKosusuGit/BuyuKosusu/BuyuKosusu/Content/Meshes/Castle/A1_StoneWall1.ubulk" 2599
"W:/UnrealProject/BuyuKosusuGit/BuyuKosusu/BuyuKosusu/Content/Meshes/Castle/A1_StoneWall1.uasset" 2600
"W:/UnrealProject/BuyuKosusuGit/BuyuKosusu/BuyuKosusu/Content/Meshes/Castle/A1_StoneWall1.uexp" 2601
"W:/UnrealProject/BuyuKosusuGit/BuyuKosusu/BuyuKosusu/Content/Meshes/vikingsedited/SM_Sack_01_A.ubulk" 2602
"W:/UnrealProject/BuyuKosusuGit/BuyuKosusu/BuyuKosusu/Content/Meshes/vikingsedited/SM_Sack_01_A.uasset" 2603
"W:/UnrealProject/BuyuKosusuGit/BuyuKosusu/BuyuKosusu/Content/Meshes/vikingsedited/SM_Sack_01_A.uexp" 2604
"W:/UnrealProject/BuyuKosusuGit/BuyuKosusu/BuyuKosusu/Content/Meshes/Lava/Stylized_Lava_Cracked_INST_metallic.ubulk" 2605
"W:/UnrealProject/BuyuKosusuGit/BuyuKosusu/BuyuKosusu/Content/Meshes/Lava/Stylized_Lava_Cracked_INST_metallic.uasset" 2606
"W:/UnrealProject/BuyuKosusuGit/BuyuKosusu/BuyuKosusu/Content/Meshes/Lava/Stylized_Lava_Cracked_INST_metallic.uexp" 2607
"W:/UnrealProject/BuyuKosusuGit/BuyuKosusu/BuyuKosusu/Content/Meshes/Lava/Stylized_Lava_Cracked_INST_ambientocclusion.ubulk" 2608
"W:/UnrealProject/BuyuKosusuGit/BuyuKosusu/BuyuKosusu/Content/Meshes/Lava/Stylized_Lava_Cracked_INST_ambientocclusion.uasset" 2609
"W:/UnrealProject/BuyuKosusuGit/BuyuKosusu/BuyuKosusu/Content/Meshes/Lava/Stylized_Lava_Cracked_INST_ambientocclusion.uexp" 2610
"W:/UnrealProject/BuyuKosusuGit/BuyuKosusu/BuyuKosusu/Content/Meshes/Lava/Stylized_Lava_Cracked_INST_roughness.ubulk" 2611
"W:/UnrealProject/BuyuKosusuGit/BuyuKosusu/BuyuKosusu/Content/Meshes/Lava/Stylized_Lava_Cracked_INST_roughness.uasset" 2612
"W:/UnrealProject/BuyuKosusuGit/BuyuKosusu/BuyuKosusu/Content/Meshes/Lava/Stylized_Lava_Cracked_INST_roughness.uexp" 2613
"W:/UnrealProject/BuyuKosusuGit/BuyuKosusu/BuyuKosusu/Content/Meshes/Lava/M_Lav.uasset" 2614
"W:/UnrealProject/BuyuKosusuGit/BuyuKosusu/BuyuKosusu/Content/Meshes/Lava/M_Lav.uexp" 2615
"W:/UnrealProject/BuyuKosusuGit/BuyuKosusu/BuyuKosusu/Content/Meshes/Lava/BP_Lav.uasset" 2616
"W:/UnrealProject/BuyuKosusuGit/BuyuKosusu/BuyuKosusu/Content/Meshes/Lava/BP_Lav.uexp" 2617
"W:/UnrealProject/BuyuKosusuGit/BuyuKosusu/BuyuKosusu/Content/Meshes/DriedTree/model_Cylinder_001.ubulk" 2618
"W:/UnrealProject/BuyuKosusuGit/BuyuKosusu/BuyuKosusu/Content/Meshes/DriedTree/model_Cylinder_001.uasset" 2619
"W:/UnrealProject/BuyuKosusuGit/BuyuKosusu/BuyuKosusu/Content/Meshes/DriedTree/model_Cylinder_001.uexp" 2620
"W:/UnrealProject/BuyuKosusuGit/BuyuKosusu/BuyuKosusu/Content/LandscapeSave/Grass01_LayerInfo6.uasset" 2621
"W:/UnrealProject/BuyuKosusuGit/BuyuKosusu/BuyuKosusu/Content/LandscapeSave/Grass01_LayerInfo6.uexp" 2622
"W:/UnrealProject/BuyuKosusuGit/BuyuKosusu/BuyuKosusu/Content/LUSH_StylizedEnvironmentSet/Foliage/Flowers/SM_FlowerClump_A_02.uasset" 2623
"W:/UnrealProject/BuyuKosusuGit/BuyuKosusu/BuyuKosusu/Content/LUSH_StylizedEnvironmentSet/Foliage/Flowers/SM_FlowerClump_A_02.uexp" 2624
"W:/UnrealProject/BuyuKosusuGit/BuyuKosusu/BuyuKosusu/Content/LUSH_StylizedEnvironmentSet/Foliage/Bushes/SM_Bush_Large.ubulk" 2625
"W:/UnrealProject/BuyuKosusuGit/BuyuKosusu/BuyuKosusu/Content/LUSH_StylizedEnvironmentSet/Foliage/Bushes/SM_Bush_Large.uasset" 2626
"W:/UnrealProject/BuyuKosusuGit/BuyuKosusu/BuyuKosusu/Content/LUSH_StylizedEnvironmentSet/Foliage/Bushes/SM_Bush_Large.uexp" 2627
"W:/UnrealProject/BuyuKosusuGit/BuyuKosusu/BuyuKosusu/Content/LevelDesignKit/Material/MI_WoodDark.uasset" 2628
"W:/UnrealProject/BuyuKosusuGit/BuyuKosusu/BuyuKosusu/Content/LevelDesignKit/Material/MI_WoodDark.uexp" 2629
"W:/UnrealProject/BuyuKosusuGit/BuyuKosusu/BuyuKosusu/Content/LevelDesignKit/Meshes/Props/SM_Crate.ubulk" 2630
"W:/UnrealProject/BuyuKosusuGit/BuyuKosusu/BuyuKosusu/Content/LevelDesignKit/Meshes/Props/SM_Crate.uasset" 2631
"W:/UnrealProject/BuyuKosusuGit/BuyuKosusu/BuyuKosusu/Content/LevelDesignKit/Meshes/Props/SM_Crate.uexp" 2632
"W:/UnrealProject/BuyuKosusuGit/BuyuKosusu/BuyuKosusu/Content/Levels/Level3.uexp" 2633
"W:/UnrealProject/BuyuKosusuGit/BuyuKosusu/BuyuKosusu/Content/Levels/Level3.ubulk" 2634
"W:/UnrealProject/BuyuKosusuGit/BuyuKosusu/BuyuKosusu/Content/Levels/Level3.umap" 2635
"W:/UnrealProject/BuyuKosusuGit/BuyuKosusu/BuyuKosusu/Content/Low_Poly_Viking_World/Models/Vegetations/Mushrooms/SM_Mushroom_02_B.ubulk" 2636
"W:/UnrealProject/BuyuKosusuGit/BuyuKosusu/BuyuKosusu/Content/Low_Poly_Viking_World/Models/Vegetations/Mushrooms/SM_Mushroom_02_B.uasset" 2637
"W:/UnrealProject/BuyuKosusuGit/BuyuKosusu/BuyuKosusu/Content/Low_Poly_Viking_World/Models/Vegetations/Mushrooms/SM_Mushroom_02_B.uexp" 2638
"W:/UnrealProject/BuyuKosusuGit/BuyuKosusu/BuyuKosusu/Content/Stylized_PBR_Nature/Foliage/Materials/MI_Common_Tree_Leaves.uasset" 2639
"W:/UnrealProject/BuyuKosusuGit/BuyuKosusu/BuyuKosusu/Content/Stylized_PBR_Nature/Foliage/Materials/MI_Common_Tree_Leaves.uexp" 2640
"W:/UnrealProject/BuyuKosusuGit/BuyuKosusu/BuyuKosusu/Content/Stylized_PBR_Nature/Foliage/Textures/T_Common_Tree_01_N.ubulk" 2641
"W:/UnrealProject/BuyuKosusuGit/BuyuKosusu/BuyuKosusu/Content/Stylized_PBR_Nature/Foliage/Textures/T_Common_Tree_01_N.uasset" 2642
"W:/UnrealProject/BuyuKosusuGit/BuyuKosusu/BuyuKosusu/Content/Stylized_PBR_Nature/Foliage/Textures/T_Common_Tree_01_N.uexp" 2643
"W:/UnrealProject/BuyuKosusuGit/BuyuKosusu/BuyuKosusu/Content/Stylized_PBR_Nature/Foliage/Textures/T_Common_Tree_01_ORM.ubulk" 2644
"W:/UnrealProject/BuyuKosusuGit/BuyuKosusu/BuyuKosusu/Content/Stylized_PBR_Nature/Foliage/Textures/T_Common_Tree_01_ORM.uasset" 2645
"W:/UnrealProject/BuyuKosusuGit/BuyuKosusu/BuyuKosusu/Content/Stylized_PBR_Nature/Foliage/Textures/T_Common_Tree_01_ORM.uexp" 2646
"W:/UnrealProject/BuyuKosusuGit/BuyuKosusu/BuyuKosusu/Content/Stylized_PBR_Nature/Foliage/Textures/T_Common_Tree_01_D.ubulk" 2647
"W:/UnrealProject/BuyuKosusuGit/BuyuKosusu/BuyuKosusu/Content/Stylized_PBR_Nature/Foliage/Textures/T_Common_Tree_01_D.uasset" 2648
"W:/UnrealProject/BuyuKosusuGit/BuyuKosusu/BuyuKosusu/Content/Stylized_PBR_Nature/Foliage/Textures/T_Common_Tree_01_D.uexp" 2649
"W:/UnrealProject/BuyuKosusuGit/BuyuKosusu/BuyuKosusu/Content/Stylized_PBR_Nature/Foliage/Materials/MI_Common_Tree_01.uasset" 2650
"W:/UnrealProject/BuyuKosusuGit/BuyuKosusu/BuyuKosusu/Content/Stylized_PBR_Nature/Foliage/Materials/MI_Common_Tree_01.uexp" 2651
"W:/UnrealProject/BuyuKosusuGit/BuyuKosusu/BuyuKosusu/Content/Stylized_PBR_Nature/Foliage/Assets/SM_Common_Tree_01.ubulk" 2652
"W:/UnrealProject/BuyuKosusuGit/BuyuKosusu/BuyuKosusu/Content/Stylized_PBR_Nature/Foliage/Assets/SM_Common_Tree_01.uasset" 2653
"W:/UnrealProject/BuyuKosusuGit/BuyuKosusu/BuyuKosusu/Content/Stylized_PBR_Nature/Foliage/Assets/SM_Common_Tree_01.uexp" 2654
"W:/UnrealProject/BuyuKosusuGit/BuyuKosusu/BuyuKosusu/Content/Meshes/newstuff/Props_Pack_-_Hay_Bale_HayRoll_Straw03.ubulk" 2655
"W:/UnrealProject/BuyuKosusuGit/BuyuKosusu/BuyuKosusu/Content/Meshes/newstuff/Props_Pack_-_Hay_Bale_HayRoll_Straw03.uasset" 2656
"W:/UnrealProject/BuyuKosusuGit/BuyuKosusu/BuyuKosusu/Content/Meshes/newstuff/Props_Pack_-_Hay_Bale_HayRoll_Straw03.uexp" 2657
"W:/UnrealProject/BuyuKosusuGit/BuyuKosusu/BuyuKosusu/Content/Low_Poly_Viking_World/Models/Vegetations/Mushrooms/SM_Mushroom_01_C.ubulk" 2658
"W:/UnrealProject/BuyuKosusuGit/BuyuKosusu/BuyuKosusu/Content/Low_Poly_Viking_World/Models/Vegetations/Mushrooms/SM_Mushroom_01_C.uasset" 2659
"W:/UnrealProject/BuyuKosusuGit/BuyuKosusu/BuyuKosusu/Content/Low_Poly_Viking_World/Models/Vegetations/Mushrooms/SM_Mushroom_01_C.uexp" 2660
"W:/UnrealProject/BuyuKosusuGit/BuyuKosusu/BuyuKosusu/Content/Low_Poly_Viking_World/Models/Props/Fences/SM_Fence_02_C.ubulk" 2661
"W:/UnrealProject/BuyuKosusuGit/BuyuKosusu/BuyuKosusu/Content/Low_Poly_Viking_World/Models/Props/Fences/SM_Fence_02_C.uasset" 2662
"W:/UnrealProject/BuyuKosusuGit/BuyuKosusu/BuyuKosusu/Content/Low_Poly_Viking_World/Models/Props/Fences/SM_Fence_02_C.uexp" 2663
"W:/UnrealProject/BuyuKosusuGit/BuyuKosusu/BuyuKosusu/Content/Stylized_PBR_Nature/Foliage/Textures/T_Clover_D.ubulk" 2664
"W:/UnrealProject/BuyuKosusuGit/BuyuKosusu/BuyuKosusu/Content/Stylized_PBR_Nature/Foliage/Textures/T_Clover_D.uasset" 2665
"W:/UnrealProject/BuyuKosusuGit/BuyuKosusu/BuyuKosusu/Content/Stylized_PBR_Nature/Foliage/Textures/T_Clover_D.uexp" 2666
"W:/UnrealProject/BuyuKosusuGit/BuyuKosusu/BuyuKosusu/Content/Stylized_PBR_Nature/Foliage/Materials/MI_Clover.uasset" 2667
"W:/UnrealProject/BuyuKosusuGit/BuyuKosusu/BuyuKosusu/Content/Stylized_PBR_Nature/Foliage/Materials/MI_Clover.uexp" 2668
"W:/UnrealProject/BuyuKosusuGit/BuyuKosusu/BuyuKosusu/Content/Stylized_PBR_Nature/Foliage/Assets/SM_Clover.ubulk" 2669
"W:/UnrealProject/BuyuKosusuGit/BuyuKosusu/BuyuKosusu/Content/Stylized_PBR_Nature/Foliage/Assets/SM_Clover.uasset" 2670
"W:/UnrealProject/BuyuKosusuGit/BuyuKosusu/BuyuKosusu/Content/Stylized_PBR_Nature/Foliage/Assets/SM_Clover.uexp" 2671
"W:/UnrealProject/BuyuKosusuGit/BuyuKosusu/BuyuKosusu/Content/Low_Poly_Viking_World/Models/Props/Fences/SM_Fence_04_B.ubulk" 2672
"W:/UnrealProject/BuyuKosusuGit/BuyuKosusu/BuyuKosusu/Content/Low_Poly_Viking_World/Models/Props/Fences/SM_Fence_04_B.uasset" 2673
"W:/UnrealProject/BuyuKosusuGit/BuyuKosusu/BuyuKosusu/Content/Low_Poly_Viking_World/Models/Props/Fences/SM_Fence_04_B.uexp" 2674
"W:/UnrealProject/BuyuKosusuGit/BuyuKosusu/BuyuKosusu/Content/Meshes/vikingsedited/SM_Sack_02_B.ubulk" 2675
"W:/UnrealProject/BuyuKosusuGit/BuyuKosusu/BuyuKosusu/Content/Meshes/vikingsedited/SM_Sack_02_B.uasset" 2676
"W:/UnrealProject/BuyuKosusuGit/BuyuKosusu/BuyuKosusu/Content/Meshes/vikingsedited/SM_Sack_02_B.uexp" 2677
"../../../Engine/Content/Functions/Engine_MaterialFunctions02/Math/TimeWithSpeedVariable.uasset" 2678
"../../../Engine/Content/Functions/Engine_MaterialFunctions02/Math/TimeWithSpeedVariable.uexp" 2679
"W:/UnrealProject/BuyuKosusuGit/BuyuKosusu/BuyuKosusu/Content/Low_Poly_Viking_World/Textures/Misc/T_Water_Noise.ubulk" 2680
"W:/UnrealProject/BuyuKosusuGit/BuyuKosusu/BuyuKosusu/Content/Low_Poly_Viking_World/Textures/Misc/T_Water_Noise.uasset" 2681
"W:/UnrealProject/BuyuKosusuGit/BuyuKosusu/BuyuKosusu/Content/Low_Poly_Viking_World/Textures/Misc/T_Water_Noise.uexp" 2682
"W:/UnrealProject/BuyuKosusuGit/BuyuKosusu/BuyuKosusu/Content/Low_Poly_Viking_World/Materials/Misc/M_Base_Water_Splash.uasset" 2683
"W:/UnrealProject/BuyuKosusuGit/BuyuKosusu/BuyuKosusu/Content/Low_Poly_Viking_World/Materials/Misc/M_Base_Water_Splash.uexp" 2684
"W:/UnrealProject/BuyuKosusuGit/BuyuKosusu/BuyuKosusu/Content/Low_Poly_Viking_World/Materials/Misc/Water/MI_Water_Splash_01.uasset" 2685
"W:/UnrealProject/BuyuKosusuGit/BuyuKosusu/BuyuKosusu/Content/Low_Poly_Viking_World/Materials/Misc/Water/MI_Water_Splash_01.uexp" 2686
"W:/UnrealProject/BuyuKosusuGit/BuyuKosusu/BuyuKosusu/Content/Low_Poly_Viking_World/Models/Misc/Water/SM_Water_Splash_01.ubulk" 2687
"W:/UnrealProject/BuyuKosusuGit/BuyuKosusu/BuyuKosusu/Content/Low_Poly_Viking_World/Models/Misc/Water/SM_Water_Splash_01.uasset" 2688
"W:/UnrealProject/BuyuKosusuGit/BuyuKosusu/BuyuKosusu/Content/Low_Poly_Viking_World/Models/Misc/Water/SM_Water_Splash_01.uexp" 2689
"W:/UnrealProject/BuyuKosusuGit/BuyuKosusu/BuyuKosusu/Content/Meshes/Castle/A3_StoneRing1.ubulk" 2690
"W:/UnrealProject/BuyuKosusuGit/BuyuKosusu/BuyuKosusu/Content/Meshes/Castle/A3_StoneRing1.uasset" 2691
"W:/UnrealProject/BuyuKosusuGit/BuyuKosusu/BuyuKosusu/Content/Meshes/Castle/A3_StoneRing1.uexp" 2692
"W:/UnrealProject/BuyuKosusuGit/BuyuKosusu/BuyuKosusu/Content/FirstPerson/Input/IMC_Default.uasset" 2693
"W:/UnrealProject/BuyuKosusuGit/BuyuKosusu/BuyuKosusu/Content/FirstPerson/Input/IMC_Default.uexp" 2694
"W:/UnrealProject/BuyuKosusuGit/BuyuKosusu/BuyuKosusu/Content/FirstPerson/Blueprints/BP_FirstPersonPlayerController.uasset" 2695
"W:/UnrealProject/BuyuKosusuGit/BuyuKosusu/BuyuKosusu/Content/FirstPerson/Blueprints/BP_FirstPersonPlayerController.uexp" 2696
"W:/UnrealProject/BuyuKosusuGit/BuyuKosusu/BuyuKosusu/Content/FirstPerson/Blueprints/BP_FirstPersonGameMode.uasset" 2697
"W:/UnrealProject/BuyuKosusuGit/BuyuKosusu/BuyuKosusu/Content/FirstPerson/Blueprints/BP_FirstPersonGameMode.uexp" 2698
"W:/UnrealProject/BuyuKosusuGit/BuyuKosusu/BuyuKosusu/Content/Meshes/Castle/A2_Stone2.ubulk" 2699
"W:/UnrealProject/BuyuKosusuGit/BuyuKosusu/BuyuKosusu/Content/Meshes/Castle/A2_Stone2.uasset" 2700
"W:/UnrealProject/BuyuKosusuGit/BuyuKosusu/BuyuKosusu/Content/Meshes/Castle/A2_Stone2.uexp" 2701
"../../../Engine/Plugins/Marketplace/BlockoutToolsPlugin/Content/Meshes/SM_Blockout_Curved_Corner_Outer_Q2.ubulk" 2702
"../../../Engine/Plugins/Marketplace/BlockoutToolsPlugin/Content/Meshes/SM_Blockout_Curved_Corner_Outer_Q2.uasset" 2703
"../../../Engine/Plugins/Marketplace/BlockoutToolsPlugin/Content/Meshes/SM_Blockout_Curved_Corner_Outer_Q2.uexp" 2704
"W:/UnrealProject/BuyuKosusuGit/BuyuKosusu/BuyuKosusu/Content/Low_Poly_Viking_World/Models/Props/SM_Sack_01_A.ubulk" 2705
"W:/UnrealProject/BuyuKosusuGit/BuyuKosusu/BuyuKosusu/Content/Low_Poly_Viking_World/Models/Props/SM_Sack_01_A.uasset" 2706
"W:/UnrealProject/BuyuKosusuGit/BuyuKosusu/BuyuKosusu/Content/Low_Poly_Viking_World/Models/Props/SM_Sack_01_A.uexp" 2707
"W:/UnrealProject/BuyuKosusuGit/BuyuKosusu/BuyuKosusu/Content/Meshes/Castle/A2_Stone4.ubulk" 2708
"W:/UnrealProject/BuyuKosusuGit/BuyuKosusu/BuyuKosusu/Content/Meshes/Castle/A2_Stone4.uasset" 2709
"W:/UnrealProject/BuyuKosusuGit/BuyuKosusu/BuyuKosusu/Content/Meshes/Castle/A2_Stone4.uexp" 2710
"W:/UnrealProject/BuyuKosusuGit/BuyuKosusu/BuyuKosusu/Content/Low_Poly_Viking_World/Models/Props/SM_Hay_02_A.ubulk" 2711
"W:/UnrealProject/BuyuKosusuGit/BuyuKosusu/BuyuKosusu/Content/Low_Poly_Viking_World/Models/Props/SM_Hay_02_A.uasset" 2712
"W:/UnrealProject/BuyuKosusuGit/BuyuKosusu/BuyuKosusu/Content/Low_Poly_Viking_World/Models/Props/SM_Hay_02_A.uexp" 2713
"W:/UnrealProject/BuyuKosusuGit/BuyuKosusu/BuyuKosusu/Content/Meshes/Castle/A2_Stone6.ubulk" 2714
"W:/UnrealProject/BuyuKosusuGit/BuyuKosusu/BuyuKosusu/Content/Meshes/Castle/A2_Stone6.uasset" 2715
"W:/UnrealProject/BuyuKosusuGit/BuyuKosusu/BuyuKosusu/Content/Meshes/Castle/A2_Stone6.uexp" 2716
"W:/UnrealProject/BuyuKosusuGit/BuyuKosusu/BuyuKosusu/Content/LevelDesignKit/Material/MI_Color_Brown.uasset" 2717
"W:/UnrealProject/BuyuKosusuGit/BuyuKosusu/BuyuKosusu/Content/LevelDesignKit/Material/MI_Color_Brown.uexp" 2718
"W:/UnrealProject/BuyuKosusuGit/BuyuKosusu/BuyuKosusu/Content/Low_Poly_Viking_World/Models/Props/SM_Tent_03_B.ubulk" 2719
"W:/UnrealProject/BuyuKosusuGit/BuyuKosusu/BuyuKosusu/Content/Low_Poly_Viking_World/Models/Props/SM_Tent_03_B.uasset" 2720
"W:/UnrealProject/BuyuKosusuGit/BuyuKosusu/BuyuKosusu/Content/Low_Poly_Viking_World/Models/Props/SM_Tent_03_B.uexp" 2721
"W:/UnrealProject/BuyuKosusuGit/BuyuKosusu/BuyuKosusu/Content/LandscapeSave/GroundRock_LayerInfo2.uasset" 2722
"W:/UnrealProject/BuyuKosusuGit/BuyuKosusu/BuyuKosusu/Content/LandscapeSave/GroundRock_LayerInfo2.uexp" 2723
"W:/UnrealProject/BuyuKosusuGit/BuyuKosusu/BuyuKosusu/Content/Low_Poly_Viking_World/Models/Props/SM_Grave_Stone_03_C.ubulk" 2724
"W:/UnrealProject/BuyuKosusuGit/BuyuKosusu/BuyuKosusu/Content/Low_Poly_Viking_World/Models/Props/SM_Grave_Stone_03_C.uasset" 2725
"W:/UnrealProject/BuyuKosusuGit/BuyuKosusu/BuyuKosusu/Content/Low_Poly_Viking_World/Models/Props/SM_Grave_Stone_03_C.uexp" 2726
"W:/UnrealProject/BuyuKosusuGit/BuyuKosusu/BuyuKosusu/Content/LUSH_StylizedEnvironmentSet/Foliage/Plants/Textures/T_eleplant_leaf_01.ubulk" 2727
"W:/UnrealProject/BuyuKosusuGit/BuyuKosusu/BuyuKosusu/Content/LUSH_StylizedEnvironmentSet/Foliage/Plants/Textures/T_eleplant_leaf_01.uasset" 2728
"W:/UnrealProject/BuyuKosusuGit/BuyuKosusu/BuyuKosusu/Content/LUSH_StylizedEnvironmentSet/Foliage/Plants/Textures/T_eleplant_leaf_01.uexp" 2729
"W:/UnrealProject/BuyuKosusuGit/BuyuKosusu/BuyuKosusu/Content/LUSH_StylizedEnvironmentSet/Foliage/GroundIvy/Textures/T_GroundIvy_N.ubulk" 2730
"W:/UnrealProject/BuyuKosusuGit/BuyuKosusu/BuyuKosusu/Content/LUSH_StylizedEnvironmentSet/Foliage/GroundIvy/Textures/T_GroundIvy_N.uasset" 2731
"W:/UnrealProject/BuyuKosusuGit/BuyuKosusu/BuyuKosusu/Content/LUSH_StylizedEnvironmentSet/Foliage/GroundIvy/Textures/T_GroundIvy_N.uexp" 2732
"W:/UnrealProject/BuyuKosusuGit/BuyuKosusu/BuyuKosusu/Content/LUSH_StylizedEnvironmentSet/Foliage/GroundIvy/Textures/T_GroundIvy_D.ubulk" 2733
"W:/UnrealProject/BuyuKosusuGit/BuyuKosusu/BuyuKosusu/Content/LUSH_StylizedEnvironmentSet/Foliage/GroundIvy/Textures/T_GroundIvy_D.uasset" 2734
"W:/UnrealProject/BuyuKosusuGit/BuyuKosusu/BuyuKosusu/Content/LUSH_StylizedEnvironmentSet/Foliage/GroundIvy/Textures/T_GroundIvy_D.uexp" 2735
"W:/UnrealProject/BuyuKosusuGit/BuyuKosusu/BuyuKosusu/Content/LUSH_StylizedEnvironmentSet/_SharedAssets/Materials/M_Plants_Base_TangentSpace.uasset" 2736
"W:/UnrealProject/BuyuKosusuGit/BuyuKosusu/BuyuKosusu/Content/LUSH_StylizedEnvironmentSet/_SharedAssets/Materials/M_Plants_Base_TangentSpace.uexp" 2737
"W:/UnrealProject/BuyuKosusuGit/BuyuKosusu/BuyuKosusu/Content/LUSH_StylizedEnvironmentSet/Foliage/GroundIvy/Materials/MI_GroundIvy.uasset" 2738
"W:/UnrealProject/BuyuKosusuGit/BuyuKosusu/BuyuKosusu/Content/LUSH_StylizedEnvironmentSet/Foliage/GroundIvy/Materials/MI_GroundIvy.uexp" 2739
"W:/UnrealProject/BuyuKosusuGit/BuyuKosusu/BuyuKosusu/Content/LUSH_StylizedEnvironmentSet/Foliage/GroundIvy/SM_GroundIvy_01.ubulk" 2740
"W:/UnrealProject/BuyuKosusuGit/BuyuKosusu/BuyuKosusu/Content/LUSH_StylizedEnvironmentSet/Foliage/GroundIvy/SM_GroundIvy_01.uasset" 2741
"W:/UnrealProject/BuyuKosusuGit/BuyuKosusu/BuyuKosusu/Content/LUSH_StylizedEnvironmentSet/Foliage/GroundIvy/SM_GroundIvy_01.uexp" 2742
"W:/UnrealProject/BuyuKosusuGit/BuyuKosusu/BuyuKosusu/Content/LandscapeSave/Bok_LayerInfo.uasset" 2743
"W:/UnrealProject/BuyuKosusuGit/BuyuKosusu/BuyuKosusu/Content/LandscapeSave/Bok_LayerInfo.uexp" 2744
"W:/UnrealProject/BuyuKosusuGit/BuyuKosusu/BuyuKosusu/Content/Low_Poly_Viking_World/Materials/Misc/M_Base_Water_Fall.uasset" 2745
"W:/UnrealProject/BuyuKosusuGit/BuyuKosusu/BuyuKosusu/Content/Low_Poly_Viking_World/Materials/Misc/M_Base_Water_Fall.uexp" 2746
"W:/UnrealProject/BuyuKosusuGit/BuyuKosusu/BuyuKosusu/Content/Low_Poly_Viking_World/Materials/Misc/Water/MI_Water_Fall_01.uasset" 2747
"W:/UnrealProject/BuyuKosusuGit/BuyuKosusu/BuyuKosusu/Content/Low_Poly_Viking_World/Materials/Misc/Water/MI_Water_Fall_01.uexp" 2748
"W:/UnrealProject/BuyuKosusuGit/BuyuKosusu/BuyuKosusu/Content/Low_Poly_Viking_World/Models/Misc/Water/SM_Water_Fall_03.ubulk" 2749
"W:/UnrealProject/BuyuKosusuGit/BuyuKosusu/BuyuKosusu/Content/Low_Poly_Viking_World/Models/Misc/Water/SM_Water_Fall_03.uasset" 2750
"W:/UnrealProject/BuyuKosusuGit/BuyuKosusu/BuyuKosusu/Content/Low_Poly_Viking_World/Models/Misc/Water/SM_Water_Fall_03.uexp" 2751
"W:/UnrealProject/BuyuKosusuGit/BuyuKosusu/BuyuKosusu/Content/LUSH_StylizedEnvironmentSet/Foliage/GroundIvy/SM_GroundIvy_02.ubulk" 2752
"W:/UnrealProject/BuyuKosusuGit/BuyuKosusu/BuyuKosusu/Content/LUSH_StylizedEnvironmentSet/Foliage/GroundIvy/SM_GroundIvy_02.uasset" 2753
"W:/UnrealProject/BuyuKosusuGit/BuyuKosusu/BuyuKosusu/Content/LUSH_StylizedEnvironmentSet/Foliage/GroundIvy/SM_GroundIvy_02.uexp" 2754
"W:/UnrealProject/BuyuKosusuGit/BuyuKosusu/BuyuKosusu/Content/LandscapeSave/Grass01_LayerInfo2.uasset" 2755
"W:/UnrealProject/BuyuKosusuGit/BuyuKosusu/BuyuKosusu/Content/LandscapeSave/Grass01_LayerInfo2.uexp" 2756
"W:/UnrealProject/BuyuKosusuGit/BuyuKosusu/BuyuKosusu/Content/LandscapeSave/GroundTile01_LayerInfo2.uasset" 2757
"W:/UnrealProject/BuyuKosusuGit/BuyuKosusu/BuyuKosusu/Content/LandscapeSave/GroundTile01_LayerInfo2.uexp" 2758
"W:/UnrealProject/BuyuKosusuGit/BuyuKosusu/BuyuKosusu/Content/Low_Poly_Viking_World/Materials/Misc/Wind/MI_Atlas_01_Wind_Plant_04.uasset" 2759
"W:/UnrealProject/BuyuKosusuGit/BuyuKosusu/BuyuKosusu/Content/Low_Poly_Viking_World/Materials/Misc/Wind/MI_Atlas_01_Wind_Plant_04.uexp" 2760
"W:/UnrealProject/BuyuKosusuGit/BuyuKosusu/BuyuKosusu/Content/Low_Poly_Viking_World/Models/Vegetations/Grass/SM_Grass_02_C.ubulk" 2761
"W:/UnrealProject/BuyuKosusuGit/BuyuKosusu/BuyuKosusu/Content/Low_Poly_Viking_World/Models/Vegetations/Grass/SM_Grass_02_C.uasset" 2762
"W:/UnrealProject/BuyuKosusuGit/BuyuKosusu/BuyuKosusu/Content/Low_Poly_Viking_World/Models/Vegetations/Grass/SM_Grass_02_C.uexp" 2763
"W:/UnrealProject/BuyuKosusuGit/BuyuKosusu/BuyuKosusu/Content/Low_Poly_Viking_World/Models/Vegetations/Grass/SM_Grass_02_D.ubulk" 2764
"W:/UnrealProject/BuyuKosusuGit/BuyuKosusu/BuyuKosusu/Content/Low_Poly_Viking_World/Models/Vegetations/Grass/SM_Grass_02_D.uasset" 2765
"W:/UnrealProject/BuyuKosusuGit/BuyuKosusu/BuyuKosusu/Content/Low_Poly_Viking_World/Models/Vegetations/Grass/SM_Grass_02_D.uexp" 2766
"W:/UnrealProject/BuyuKosusuGit/BuyuKosusu/BuyuKosusu/Content/Low_Poly_Viking_World/Materials/Misc/Wind/MI_Atlas_01_Wind_Plant_02.uasset" 2767
"W:/UnrealProject/BuyuKosusuGit/BuyuKosusu/BuyuKosusu/Content/Low_Poly_Viking_World/Materials/Misc/Wind/MI_Atlas_01_Wind_Plant_02.uexp" 2768
"W:/UnrealProject/BuyuKosusuGit/BuyuKosusu/BuyuKosusu/Content/Low_Poly_Viking_World/Models/Vegetations/Flowers/SM_Flower_Ground_02_C.ubulk" 2769
"W:/UnrealProject/BuyuKosusuGit/BuyuKosusu/BuyuKosusu/Content/Low_Poly_Viking_World/Models/Vegetations/Flowers/SM_Flower_Ground_02_C.uasset" 2770
"W:/UnrealProject/BuyuKosusuGit/BuyuKosusu/BuyuKosusu/Content/Low_Poly_Viking_World/Models/Vegetations/Flowers/SM_Flower_Ground_02_C.uexp" 2771
"../../../Engine/Plugins/Marketplace/BlockoutToolsPlugin/Content/Meshes/SM_Blockout_Cylinder_Q4.ubulk" 2772
"../../../Engine/Plugins/Marketplace/BlockoutToolsPlugin/Content/Meshes/SM_Blockout_Cylinder_Q4.uasset" 2773
"../../../Engine/Plugins/Marketplace/BlockoutToolsPlugin/Content/Meshes/SM_Blockout_Cylinder_Q4.uexp" 2774
"../../../Engine/Plugins/Marketplace/BlockoutToolsPlugin/Content/Meshes/SM_Blockout_Cylinder_Q1.ubulk" 2775
"../../../Engine/Plugins/Marketplace/BlockoutToolsPlugin/Content/Meshes/SM_Blockout_Cylinder_Q1.uasset" 2776
"../../../Engine/Plugins/Marketplace/BlockoutToolsPlugin/Content/Meshes/SM_Blockout_Cylinder_Q1.uexp" 2777
"../../../Engine/Plugins/Marketplace/BlockoutToolsPlugin/Content/Meshes/SM_Blockout_Cylinder_Q3.ubulk" 2778
"../../../Engine/Plugins/Marketplace/BlockoutToolsPlugin/Content/Meshes/SM_Blockout_Cylinder_Q3.uasset" 2779
"../../../Engine/Plugins/Marketplace/BlockoutToolsPlugin/Content/Meshes/SM_Blockout_Cylinder_Q3.uexp" 2780
"../../../Engine/Plugins/Marketplace/BlockoutToolsPlugin/Content/Meshes/SM_Blockout_Cylinder_Q2.ubulk" 2781
"../../../Engine/Plugins/Marketplace/BlockoutToolsPlugin/Content/Meshes/SM_Blockout_Cylinder_Q2.uasset" 2782
"../../../Engine/Plugins/Marketplace/BlockoutToolsPlugin/Content/Meshes/SM_Blockout_Cylinder_Q2.uexp" 2783
"../../../Engine/Plugins/Marketplace/BlockoutToolsPlugin/Content/Blueprints/Blockout_Cylinder.uasset" 2784
"../../../Engine/Plugins/Marketplace/BlockoutToolsPlugin/Content/Blueprints/Blockout_Cylinder.uexp" 2785
"W:/UnrealProject/BuyuKosusuGit/BuyuKosusu/BuyuKosusu/Content/Materials/LogTexturePNGs/bark_01_normal_dx_1k.ubulk" 2786
"W:/UnrealProject/BuyuKosusuGit/BuyuKosusu/BuyuKosusu/Content/Materials/LogTexturePNGs/bark_01_normal_dx_1k.uasset" 2787
"W:/UnrealProject/BuyuKosusuGit/BuyuKosusu/BuyuKosusu/Content/Materials/LogTexturePNGs/bark_01_normal_dx_1k.uexp" 2788
"W:/UnrealProject/BuyuKosusuGit/BuyuKosusu/BuyuKosusu/Content/Materials/LogTexturePNGs/bark_01_normal_gl_1k.ubulk" 2789
"W:/UnrealProject/BuyuKosusuGit/BuyuKosusu/BuyuKosusu/Content/Materials/LogTexturePNGs/bark_01_normal_gl_1k.uasset" 2790
"W:/UnrealProject/BuyuKosusuGit/BuyuKosusu/BuyuKosusu/Content/Materials/LogTexturePNGs/bark_01_normal_gl_1k.uexp" 2791
"W:/UnrealProject/BuyuKosusuGit/BuyuKosusu/BuyuKosusu/Content/Materials/LogTexturePNGs/bark_01_color_1k.ubulk" 2792
"W:/UnrealProject/BuyuKosusuGit/BuyuKosusu/BuyuKosusu/Content/Materials/LogTexturePNGs/bark_01_color_1k.uasset" 2793
"W:/UnrealProject/BuyuKosusuGit/BuyuKosusu/BuyuKosusu/Content/Materials/LogTexturePNGs/bark_01_color_1k.uexp" 2794
"W:/UnrealProject/BuyuKosusuGit/BuyuKosusu/BuyuKosusu/Content/Materials/LogTexturePNGs/bark_01_roughness_1k.ubulk" 2795
"W:/UnrealProject/BuyuKosusuGit/BuyuKosusu/BuyuKosusu/Content/Materials/LogTexturePNGs/bark_01_roughness_1k.uasset" 2796
"W:/UnrealProject/BuyuKosusuGit/BuyuKosusu/BuyuKosusu/Content/Materials/LogTexturePNGs/bark_01_roughness_1k.uexp" 2797
"W:/UnrealProject/BuyuKosusuGit/BuyuKosusu/BuyuKosusu/Content/Materials/LogTexturePNGs/bark_01_height_1k.ubulk" 2798
"W:/UnrealProject/BuyuKosusuGit/BuyuKosusu/BuyuKosusu/Content/Materials/LogTexturePNGs/bark_01_height_1k.uasset" 2799
"W:/UnrealProject/BuyuKosusuGit/BuyuKosusu/BuyuKosusu/Content/Materials/LogTexturePNGs/bark_01_height_1k.uexp" 2800
"W:/UnrealProject/BuyuKosusuGit/BuyuKosusu/BuyuKosusu/Content/Materials/LogTexturePNGs/bark_01_ambient_occlusion_1k.ubulk" 2801
"W:/UnrealProject/BuyuKosusuGit/BuyuKosusu/BuyuKosusu/Content/Materials/LogTexturePNGs/bark_01_ambient_occlusion_1k.uasset" 2802
"W:/UnrealProject/BuyuKosusuGit/BuyuKosusu/BuyuKosusu/Content/Materials/LogTexturePNGs/bark_01_ambient_occlusion_1k.uexp" 2803
"W:/UnrealProject/BuyuKosusuGit/BuyuKosusu/BuyuKosusu/Content/Materials/M_LogBark.uasset" 2804
"W:/UnrealProject/BuyuKosusuGit/BuyuKosusu/BuyuKosusu/Content/Materials/M_LogBark.uexp" 2805
"W:/UnrealProject/BuyuKosusuGit/BuyuKosusu/BuyuKosusu/Content/Low_Poly_Viking_World/Models/Props/SM_Grave_Stone_03_D.ubulk" 2806
"W:/UnrealProject/BuyuKosusuGit/BuyuKosusu/BuyuKosusu/Content/Low_Poly_Viking_World/Models/Props/SM_Grave_Stone_03_D.uasset" 2807
"W:/UnrealProject/BuyuKosusuGit/BuyuKosusu/BuyuKosusu/Content/Low_Poly_Viking_World/Models/Props/SM_Grave_Stone_03_D.uexp" 2808
"W:/UnrealProject/BuyuKosusuGit/BuyuKosusu/BuyuKosusu/Content/Low_Poly_Viking_World/Models/Props/Lights/SM_Brazier_04.ubulk" 2809
"W:/UnrealProject/BuyuKosusuGit/BuyuKosusu/BuyuKosusu/Content/Low_Poly_Viking_World/Models/Props/Lights/SM_Brazier_04.uasset" 2810
"W:/UnrealProject/BuyuKosusuGit/BuyuKosusu/BuyuKosusu/Content/Low_Poly_Viking_World/Models/Props/Lights/SM_Brazier_04.uexp" 2811
"W:/UnrealProject/BuyuKosusuGit/BuyuKosusu/BuyuKosusu/Content/LUSH_StylizedEnvironmentSet/Foliage/Plants/Textures/T_LilyPad_D.ubulk" 2812
"W:/UnrealProject/BuyuKosusuGit/BuyuKosusu/BuyuKosusu/Content/LUSH_StylizedEnvironmentSet/Foliage/Plants/Textures/T_LilyPad_D.uasset" 2813
"W:/UnrealProject/BuyuKosusuGit/BuyuKosusu/BuyuKosusu/Content/LUSH_StylizedEnvironmentSet/Foliage/Plants/Textures/T_LilyPad_D.uexp" 2814
"W:/UnrealProject/BuyuKosusuGit/BuyuKosusu/BuyuKosusu/Content/LUSH_StylizedEnvironmentSet/Foliage/Plants/Textures/T_LilyPad_N.ubulk" 2815
"W:/UnrealProject/BuyuKosusuGit/BuyuKosusu/BuyuKosusu/Content/LUSH_StylizedEnvironmentSet/Foliage/Plants/Textures/T_LilyPad_N.uasset" 2816
"W:/UnrealProject/BuyuKosusuGit/BuyuKosusu/BuyuKosusu/Content/LUSH_StylizedEnvironmentSet/Foliage/Plants/Textures/T_LilyPad_N.uexp" 2817
"W:/UnrealProject/BuyuKosusuGit/BuyuKosusu/BuyuKosusu/Content/LUSH_StylizedEnvironmentSet/Foliage/Plants/Materials/MI_LilyPad.uasset" 2818
"W:/UnrealProject/BuyuKosusuGit/BuyuKosusu/BuyuKosusu/Content/LUSH_StylizedEnvironmentSet/Foliage/Plants/Materials/MI_LilyPad.uexp" 2819
"W:/UnrealProject/BuyuKosusuGit/BuyuKosusu/BuyuKosusu/Content/LUSH_StylizedEnvironmentSet/Foliage/Plants/SM_LilyPad.uasset" 2820
"W:/UnrealProject/BuyuKosusuGit/BuyuKosusu/BuyuKosusu/Content/LUSH_StylizedEnvironmentSet/Foliage/Plants/SM_LilyPad.uexp" 2821
"../../../Engine/Content/Functions/Engine_MaterialFunctions02/ExampleContent/Textures/OffsetNoiseDistanceFields_ForNormals.ubulk" 2822
"../../../Engine/Content/Functions/Engine_MaterialFunctions02/ExampleContent/Textures/OffsetNoiseDistanceFields_ForNormals.uasset" 2823
"../../../Engine/Content/Functions/Engine_MaterialFunctions02/ExampleContent/Textures/OffsetNoiseDistanceFields_ForNormals.uexp" 2824
"W:/UnrealProject/BuyuKosusuGit/BuyuKosusu/BuyuKosusu/Content/StylizedVolClouds/Textures/Greyscale/MT_Greyscale_01.ubulk" 2825
"W:/UnrealProject/BuyuKosusuGit/BuyuKosusu/BuyuKosusu/Content/StylizedVolClouds/Textures/Greyscale/MT_Greyscale_01.uasset" 2826
"W:/UnrealProject/BuyuKosusuGit/BuyuKosusu/BuyuKosusu/Content/StylizedVolClouds/Textures/Greyscale/MT_Greyscale_01.uexp" 2827
"W:/UnrealProject/BuyuKosusuGit/BuyuKosusu/BuyuKosusu/Content/StylizedVolClouds/Textures/VolumeTextures/VT_Voronoi.ubulk" 2828
"W:/UnrealProject/BuyuKosusuGit/BuyuKosusu/BuyuKosusu/Content/StylizedVolClouds/Textures/VolumeTextures/VT_Voronoi.uasset" 2829
"W:/UnrealProject/BuyuKosusuGit/BuyuKosusu/BuyuKosusu/Content/StylizedVolClouds/Textures/VolumeTextures/VT_Voronoi.uexp" 2830
"W:/UnrealProject/BuyuKosusuGit/BuyuKosusu/BuyuKosusu/Content/StylizedVolClouds/Materials/M_StylizedVolumetricClouds.uasset" 2831
"W:/UnrealProject/BuyuKosusuGit/BuyuKosusu/BuyuKosusu/Content/StylizedVolClouds/Materials/M_StylizedVolumetricClouds.uexp" 2832
"W:/UnrealProject/BuyuKosusuGit/BuyuKosusu/BuyuKosusu/Content/StylizedVolClouds/Materials/MI/MI_VolumetricCloud_Cloudy.uasset" 2833
"W:/UnrealProject/BuyuKosusuGit/BuyuKosusu/BuyuKosusu/Content/StylizedVolClouds/Materials/MI/MI_VolumetricCloud_Cloudy.uexp" 2834
"W:/UnrealProject/BuyuKosusuGit/BuyuKosusu/BuyuKosusu/Content/Low_Poly_Viking_World/Models/Props/SM_Grave_Stone_02_F.ubulk" 2835
"W:/UnrealProject/BuyuKosusuGit/BuyuKosusu/BuyuKosusu/Content/Low_Poly_Viking_World/Models/Props/SM_Grave_Stone_02_F.uasset" 2836
"W:/UnrealProject/BuyuKosusuGit/BuyuKosusu/BuyuKosusu/Content/Low_Poly_Viking_World/Models/Props/SM_Grave_Stone_02_F.uexp" 2837
"../../../Engine/Plugins/Marketplace/BlockoutToolsPlugin/Content/Meshes/SM_Blockout_Cone_Q1.ubulk" 2838
"../../../Engine/Plugins/Marketplace/BlockoutToolsPlugin/Content/Meshes/SM_Blockout_Cone_Q1.uasset" 2839
"../../../Engine/Plugins/Marketplace/BlockoutToolsPlugin/Content/Meshes/SM_Blockout_Cone_Q1.uexp" 2840
"W:/UnrealProject/BuyuKosusuGit/BuyuKosusu/BuyuKosusu/Content/Meshes/Campsite/materials/loglight.uasset" 2841
"W:/UnrealProject/BuyuKosusuGit/BuyuKosusu/BuyuKosusu/Content/Meshes/Campsite/materials/loglight.uexp" 2842
"W:/UnrealProject/BuyuKosusuGit/BuyuKosusu/BuyuKosusu/Content/Meshes/Campsite/materials/log.uasset" 2843
"W:/UnrealProject/BuyuKosusuGit/BuyuKosusu/BuyuKosusu/Content/Meshes/Campsite/materials/log.uexp" 2844
"W:/UnrealProject/BuyuKosusuGit/BuyuKosusu/BuyuKosusu/Content/Meshes/Campsite/fallenlog.ubulk" 2845
"W:/UnrealProject/BuyuKosusuGit/BuyuKosusu/BuyuKosusu/Content/Meshes/Campsite/fallenlog.uasset" 2846
"W:/UnrealProject/BuyuKosusuGit/BuyuKosusu/BuyuKosusu/Content/Meshes/Campsite/fallenlog.uexp" 2847
"W:/UnrealProject/BuyuKosusuGit/BuyuKosusu/BuyuKosusu/Content/Low_Poly_Viking_World/Models/Vegetations/Flowers/SM_Flower_01_A.ubulk" 2848
"W:/UnrealProject/BuyuKosusuGit/BuyuKosusu/BuyuKosusu/Content/Low_Poly_Viking_World/Models/Vegetations/Flowers/SM_Flower_01_A.uasset" 2849
"W:/UnrealProject/BuyuKosusuGit/BuyuKosusu/BuyuKosusu/Content/Low_Poly_Viking_World/Models/Vegetations/Flowers/SM_Flower_01_A.uexp" 2850
"W:/UnrealProject/BuyuKosusuGit/BuyuKosusu/BuyuKosusu/Content/Low_Poly_Viking_World/Models/Vegetations/Mushrooms/SM_Mushroom_01_A.ubulk" 2851
"W:/UnrealProject/BuyuKosusuGit/BuyuKosusu/BuyuKosusu/Content/Low_Poly_Viking_World/Models/Vegetations/Mushrooms/SM_Mushroom_01_A.uasset" 2852
"W:/UnrealProject/BuyuKosusuGit/BuyuKosusu/BuyuKosusu/Content/Low_Poly_Viking_World/Models/Vegetations/Mushrooms/SM_Mushroom_01_A.uexp" 2853
"../../../Engine/Plugins/Marketplace/BlockoutToolsPlugin/Content/Meshes/SM_Blockout_Cone_Q3.ubulk" 2854
"../../../Engine/Plugins/Marketplace/BlockoutToolsPlugin/Content/Meshes/SM_Blockout_Cone_Q3.uasset" 2855
"../../../Engine/Plugins/Marketplace/BlockoutToolsPlugin/Content/Meshes/SM_Blockout_Cone_Q3.uexp" 2856
"../../../Engine/Plugins/Marketplace/BlockoutToolsPlugin/Content/Meshes/SM_Blockout_Cone_Q4.ubulk" 2857
"../../../Engine/Plugins/Marketplace/BlockoutToolsPlugin/Content/Meshes/SM_Blockout_Cone_Q4.uasset" 2858
"../../../Engine/Plugins/Marketplace/BlockoutToolsPlugin/Content/Meshes/SM_Blockout_Cone_Q4.uexp" 2859
"../../../Engine/Plugins/Marketplace/BlockoutToolsPlugin/Content/Meshes/SM_Blockout_Cone_Q2.ubulk" 2860
"../../../Engine/Plugins/Marketplace/BlockoutToolsPlugin/Content/Meshes/SM_Blockout_Cone_Q2.uasset" 2861
"../../../Engine/Plugins/Marketplace/BlockoutToolsPlugin/Content/Meshes/SM_Blockout_Cone_Q2.uexp" 2862
"../../../Engine/Plugins/Marketplace/BlockoutToolsPlugin/Content/Blueprints/Blockout_Cone.uasset" 2863
"../../../Engine/Plugins/Marketplace/BlockoutToolsPlugin/Content/Blueprints/Blockout_Cone.uexp" 2864
"W:/UnrealProject/BuyuKosusuGit/BuyuKosusu/BuyuKosusu/Content/Low_Poly_Viking_World/Models/Props/SM_Sack_02_C.ubulk" 2865
"W:/UnrealProject/BuyuKosusuGit/BuyuKosusu/BuyuKosusu/Content/Low_Poly_Viking_World/Models/Props/SM_Sack_02_C.uasset" 2866
"W:/UnrealProject/BuyuKosusuGit/BuyuKosusu/BuyuKosusu/Content/Low_Poly_Viking_World/Models/Props/SM_Sack_02_C.uexp" 2867
"W:/UnrealProject/BuyuKosusuGit/BuyuKosusu/BuyuKosusu/Content/LevelDesignKit/Material/MI_Grid_WorldAlign.uasset" 2868
"W:/UnrealProject/BuyuKosusuGit/BuyuKosusu/BuyuKosusu/Content/LevelDesignKit/Material/MI_Grid_WorldAlign.uexp" 2869
"W:/UnrealProject/BuyuKosusuGit/BuyuKosusu/BuyuKosusu/Content/Low_Poly_Viking_World/Models/Props/SM_Trough_01_B.ubulk" 2870
"W:/UnrealProject/BuyuKosusuGit/BuyuKosusu/BuyuKosusu/Content/Low_Poly_Viking_World/Models/Props/SM_Trough_01_B.uasset" 2871
"W:/UnrealProject/BuyuKosusuGit/BuyuKosusu/BuyuKosusu/Content/Low_Poly_Viking_World/Models/Props/SM_Trough_01_B.uexp" 2872
"W:/UnrealProject/BuyuKosusuGit/BuyuKosusu/BuyuKosusu/Content/Low_Poly_Viking_World/Materials/Misc/Wind/MI_Atlas_01_Wind_03.uasset" 2873
"W:/UnrealProject/BuyuKosusuGit/BuyuKosusu/BuyuKosusu/Content/Low_Poly_Viking_World/Materials/Misc/Wind/MI_Atlas_01_Wind_03.uexp" 2874
"W:/UnrealProject/BuyuKosusuGit/BuyuKosusu/BuyuKosusu/Content/Low_Poly_Viking_World/Models/Props/Ropes/SM_Rope_Flag_04m_B.ubulk" 2875
"W:/UnrealProject/BuyuKosusuGit/BuyuKosusu/BuyuKosusu/Content/Low_Poly_Viking_World/Models/Props/Ropes/SM_Rope_Flag_04m_B.uasset" 2876
"W:/UnrealProject/BuyuKosusuGit/BuyuKosusu/BuyuKosusu/Content/Low_Poly_Viking_World/Models/Props/Ropes/SM_Rope_Flag_04m_B.uexp" 2877
"W:/UnrealProject/BuyuKosusuGit/BuyuKosusu/BuyuKosusu/Content/Low_Poly_Viking_World/Models/Vegetations/Mushrooms/SM_Mushroom_01_B.ubulk" 2878
"W:/UnrealProject/BuyuKosusuGit/BuyuKosusu/BuyuKosusu/Content/Low_Poly_Viking_World/Models/Vegetations/Mushrooms/SM_Mushroom_01_B.uasset" 2879
"W:/UnrealProject/BuyuKosusuGit/BuyuKosusu/BuyuKosusu/Content/Low_Poly_Viking_World/Models/Vegetations/Mushrooms/SM_Mushroom_01_B.uexp" 2880
"W:/UnrealProject/BuyuKosusuGit/BuyuKosusu/BuyuKosusu/Content/LUSH_StylizedEnvironmentSet/Landscape/Textures/T_LushGrass_D.ubulk" 2881
"W:/UnrealProject/BuyuKosusuGit/BuyuKosusu/BuyuKosusu/Content/LUSH_StylizedEnvironmentSet/Landscape/Textures/T_LushGrass_D.uasset" 2882
"W:/UnrealProject/BuyuKosusuGit/BuyuKosusu/BuyuKosusu/Content/LUSH_StylizedEnvironmentSet/Landscape/Textures/T_LushGrass_D.uexp" 2883
"W:/UnrealProject/BuyuKosusuGit/BuyuKosusu/BuyuKosusu/Content/LUSH_StylizedEnvironmentSet/Landscape/Textures/T_TropicalCliff_D.ubulk" 2884
"W:/UnrealProject/BuyuKosusuGit/BuyuKosusu/BuyuKosusu/Content/LUSH_StylizedEnvironmentSet/Landscape/Textures/T_TropicalCliff_D.uasset" 2885
"W:/UnrealProject/BuyuKosusuGit/BuyuKosusu/BuyuKosusu/Content/LUSH_StylizedEnvironmentSet/Landscape/Textures/T_TropicalCliff_D.uexp" 2886
"W:/UnrealProject/BuyuKosusuGit/BuyuKosusu/BuyuKosusu/Content/LUSH_StylizedEnvironmentSet/Landscape/Textures/RVT_Height.uasset" 2887
"W:/UnrealProject/BuyuKosusuGit/BuyuKosusu/BuyuKosusu/Content/LUSH_StylizedEnvironmentSet/Landscape/Textures/RVT_Height.uexp" 2888
"W:/UnrealProject/BuyuKosusuGit/BuyuKosusu/BuyuKosusu/Content/LUSH_StylizedEnvironmentSet/Landscape/Textures/RVT_BaseColor.uasset" 2889
"W:/UnrealProject/BuyuKosusuGit/BuyuKosusu/BuyuKosusu/Content/LUSH_StylizedEnvironmentSet/Landscape/Textures/RVT_BaseColor.uexp" 2890
"../../../Engine/Content/Functions/Engine_MaterialFunctions01/AlphaBlend/WorldAlignedBlend.uasset" 2891
"../../../Engine/Content/Functions/Engine_MaterialFunctions01/AlphaBlend/WorldAlignedBlend.uexp" 2892
"W:/UnrealProject/BuyuKosusuGit/BuyuKosusu/BuyuKosusu/Content/LUSH_StylizedEnvironmentSet/Meshes/Rocks/Textures/T_StylizedMoss_D.ubulk" 2893
"W:/UnrealProject/BuyuKosusuGit/BuyuKosusu/BuyuKosusu/Content/LUSH_StylizedEnvironmentSet/Meshes/Rocks/Textures/T_StylizedMoss_D.uasset" 2894
"W:/UnrealProject/BuyuKosusuGit/BuyuKosusu/BuyuKosusu/Content/LUSH_StylizedEnvironmentSet/Meshes/Rocks/Textures/T_StylizedMoss_D.uexp" 2895
"W:/UnrealProject/BuyuKosusuGit/BuyuKosusu/BuyuKosusu/Content/LUSH_StylizedEnvironmentSet/_SharedAssets/Materials/M_Rock_Base.uasset" 2896
"W:/UnrealProject/BuyuKosusuGit/BuyuKosusu/BuyuKosusu/Content/LUSH_StylizedEnvironmentSet/_SharedAssets/Materials/M_Rock_Base.uexp" 2897
"W:/UnrealProject/BuyuKosusuGit/BuyuKosusu/BuyuKosusu/Content/LUSH_StylizedEnvironmentSet/Meshes/Rocks/Textures/T_RockSurface_D_01.ubulk" 2898
"W:/UnrealProject/BuyuKosusuGit/BuyuKosusu/BuyuKosusu/Content/LUSH_StylizedEnvironmentSet/Meshes/Rocks/Textures/T_RockSurface_D_01.uasset" 2899
"W:/UnrealProject/BuyuKosusuGit/BuyuKosusu/BuyuKosusu/Content/LUSH_StylizedEnvironmentSet/Meshes/Rocks/Textures/T_RockSurface_D_01.uexp" 2900
"W:/UnrealProject/BuyuKosusuGit/BuyuKosusu/BuyuKosusu/Content/LUSH_StylizedEnvironmentSet/Meshes/Rocks/Textures/T_LongRock_N.ubulk" 2901
"W:/UnrealProject/BuyuKosusuGit/BuyuKosusu/BuyuKosusu/Content/LUSH_StylizedEnvironmentSet/Meshes/Rocks/Textures/T_LongRock_N.uasset" 2902
"W:/UnrealProject/BuyuKosusuGit/BuyuKosusu/BuyuKosusu/Content/LUSH_StylizedEnvironmentSet/Meshes/Rocks/Textures/T_LongRock_N.uexp" 2903
"W:/UnrealProject/BuyuKosusuGit/BuyuKosusu/BuyuKosusu/Content/LUSH_StylizedEnvironmentSet/Meshes/Rocks/Materials/MI_LongRock_01.uasset" 2904
"W:/UnrealProject/BuyuKosusuGit/BuyuKosusu/BuyuKosusu/Content/LUSH_StylizedEnvironmentSet/Meshes/Rocks/Materials/MI_LongRock_01.uexp" 2905
"W:/UnrealProject/BuyuKosusuGit/BuyuKosusu/BuyuKosusu/Content/LUSH_StylizedEnvironmentSet/Meshes/Rocks/SM_LongRock.ubulk" 2906
"W:/UnrealProject/BuyuKosusuGit/BuyuKosusu/BuyuKosusu/Content/LUSH_StylizedEnvironmentSet/Meshes/Rocks/SM_LongRock.uasset" 2907
"W:/UnrealProject/BuyuKosusuGit/BuyuKosusu/BuyuKosusu/Content/LUSH_StylizedEnvironmentSet/Meshes/Rocks/SM_LongRock.uexp" 2908
"W:/UnrealProject/BuyuKosusuGit/BuyuKosusu/BuyuKosusu/Content/LevelDesignKit/Material/MI_Grid_Orange.uasset" 2909
"W:/UnrealProject/BuyuKosusuGit/BuyuKosusu/BuyuKosusu/Content/LevelDesignKit/Material/MI_Grid_Orange.uexp" 2910
"W:/UnrealProject/BuyuKosusuGit/BuyuKosusu/BuyuKosusu/Content/LevelDesignKit/Material/MI_Grid_Green.uasset" 2911
"W:/UnrealProject/BuyuKosusuGit/BuyuKosusu/BuyuKosusu/Content/LevelDesignKit/Material/MI_Grid_Green.uexp" 2912
"W:/UnrealProject/BuyuKosusuGit/BuyuKosusu/BuyuKosusu/Content/LevelDesignKit/Material/MI_Grid_Pink.uasset" 2913
"W:/UnrealProject/BuyuKosusuGit/BuyuKosusu/BuyuKosusu/Content/LevelDesignKit/Material/MI_Grid_Pink.uexp" 2914
"W:/UnrealProject/BuyuKosusuGit/BuyuKosusu/BuyuKosusu/Content/LevelDesignKit/Material/MI_Grid_Blue.uasset" 2915
"W:/UnrealProject/BuyuKosusuGit/BuyuKosusu/BuyuKosusu/Content/LevelDesignKit/Material/MI_Grid_Blue.uexp" 2916
"W:/UnrealProject/BuyuKosusuGit/BuyuKosusu/BuyuKosusu/Content/LevelDesignKit/Material/MI_Color_White.uasset" 2917
"W:/UnrealProject/BuyuKosusuGit/BuyuKosusu/BuyuKosusu/Content/LevelDesignKit/Material/MI_Color_White.uexp" 2918
"W:/UnrealProject/BuyuKosusuGit/BuyuKosusu/BuyuKosusu/Content/LevelDesignKit/Meshes/Ruler/SM_RulerHorizontal.ubulk" 2919
"W:/UnrealProject/BuyuKosusuGit/BuyuKosusu/BuyuKosusu/Content/LevelDesignKit/Meshes/Ruler/SM_RulerHorizontal.uasset" 2920
"W:/UnrealProject/BuyuKosusuGit/BuyuKosusu/BuyuKosusu/Content/LevelDesignKit/Meshes/Ruler/SM_RulerHorizontal.uexp" 2921
"W:/UnrealProject/BuyuKosusuGit/BuyuKosusu/BuyuKosusu/Content/LandscapeSave/RealRock_LayerInfo2.uasset" 2922
"W:/UnrealProject/BuyuKosusuGit/BuyuKosusu/BuyuKosusu/Content/LandscapeSave/RealRock_LayerInfo2.uexp" 2923
"../../../Engine/Content/EngineDebugMaterials/BlackUnlitMaterial.uasset" 2924
"../../../Engine/Content/EngineDebugMaterials/BlackUnlitMaterial.uexp" 2925
"W:/UnrealProject/BuyuKosusuGit/BuyuKosusu/BuyuKosusu/Content/Low_Poly_Viking_World/Models/Props/SM_Sack_02_D.ubulk" 2926
"W:/UnrealProject/BuyuKosusuGit/BuyuKosusu/BuyuKosusu/Content/Low_Poly_Viking_World/Models/Props/SM_Sack_02_D.uasset" 2927
"W:/UnrealProject/BuyuKosusuGit/BuyuKosusu/BuyuKosusu/Content/Low_Poly_Viking_World/Models/Props/SM_Sack_02_D.uexp" 2928
"W:/UnrealProject/BuyuKosusuGit/BuyuKosusu/BuyuKosusu/Content/Low_Poly_Viking_World/Materials/Misc/Wind/MI_Atlas_01_Wind_Plant_01.uasset" 2929
"W:/UnrealProject/BuyuKosusuGit/BuyuKosusu/BuyuKosusu/Content/Low_Poly_Viking_World/Materials/Misc/Wind/MI_Atlas_01_Wind_Plant_01.uexp" 2930
"W:/UnrealProject/BuyuKosusuGit/BuyuKosusu/BuyuKosusu/Content/Low_Poly_Viking_World/Models/Vegetations/Flowers/SM_Flower_04_B.ubulk" 2931
"W:/UnrealProject/BuyuKosusuGit/BuyuKosusu/BuyuKosusu/Content/Low_Poly_Viking_World/Models/Vegetations/Flowers/SM_Flower_04_B.uasset" 2932
"W:/UnrealProject/BuyuKosusuGit/BuyuKosusu/BuyuKosusu/Content/Low_Poly_Viking_World/Models/Vegetations/Flowers/SM_Flower_04_B.uexp" 2933
"W:/UnrealProject/BuyuKosusuGit/BuyuKosusu/BuyuKosusu/Content/Low_Poly_Viking_World/Models/Vegetations/Trees/SM_Tree_Stump_02_B.ubulk" 2934
"W:/UnrealProject/BuyuKosusuGit/BuyuKosusu/BuyuKosusu/Content/Low_Poly_Viking_World/Models/Vegetations/Trees/SM_Tree_Stump_02_B.uasset" 2935
"W:/UnrealProject/BuyuKosusuGit/BuyuKosusu/BuyuKosusu/Content/Low_Poly_Viking_World/Models/Vegetations/Trees/SM_Tree_Stump_02_B.uexp" 2936
"W:/UnrealProject/BuyuKosusuGit/BuyuKosusu/BuyuKosusu/Content/Meshes/Castle/A2_Stone3.ubulk" 2937
"W:/UnrealProject/BuyuKosusuGit/BuyuKosusu/BuyuKosusu/Content/Meshes/Castle/A2_Stone3.uasset" 2938
"W:/UnrealProject/BuyuKosusuGit/BuyuKosusu/BuyuKosusu/Content/Meshes/Castle/A2_Stone3.uexp" 2939
"../../../Engine/Content/Functions/Engine_MaterialFunctions03/Blends/Blend_Overlay.uasset" 2940
"../../../Engine/Content/Functions/Engine_MaterialFunctions03/Blends/Blend_Overlay.uexp" 2941
"W:/UnrealProject/BuyuKosusuGit/BuyuKosusu/BuyuKosusu/Content/LevelDesignKit/Material/Master/MF_ProcGrid_LDGym.uasset" 2942
"W:/UnrealProject/BuyuKosusuGit/BuyuKosusu/BuyuKosusu/Content/LevelDesignKit/Material/Master/MF_ProcGrid_LDGym.uexp" 2943
"W:/UnrealProject/BuyuKosusuGit/BuyuKosusu/BuyuKosusu/Content/LevelDesignKit/Material/Master/M_ProcGrid_LD.uasset" 2944
"W:/UnrealProject/BuyuKosusuGit/BuyuKosusu/BuyuKosusu/Content/LevelDesignKit/Material/Master/M_ProcGrid_LD.uexp" 2945
"W:/UnrealProject/BuyuKosusuGit/BuyuKosusu/BuyuKosusu/Content/LevelDesignKit/Material/MI_ProcGrid_LD.uasset" 2946
"W:/UnrealProject/BuyuKosusuGit/BuyuKosusu/BuyuKosusu/Content/LevelDesignKit/Material/MI_ProcGrid_LD.uexp" 2947
"W:/UnrealProject/BuyuKosusuGit/BuyuKosusu/BuyuKosusu/Content/LevelDesignKit/Meshes/Architecture/SM_Cube1m.ubulk" 2948
"W:/UnrealProject/BuyuKosusuGit/BuyuKosusu/BuyuKosusu/Content/LevelDesignKit/Meshes/Architecture/SM_Cube1m.uasset" 2949
"W:/UnrealProject/BuyuKosusuGit/BuyuKosusu/BuyuKosusu/Content/LevelDesignKit/Meshes/Architecture/SM_Cube1m.uexp" 2950
"W:/UnrealProject/BuyuKosusuGit/BuyuKosusu/BuyuKosusu/Content/BP_SAVETEST.uasset" 2951
"W:/UnrealProject/BuyuKosusuGit/BuyuKosusu/BuyuKosusu/Content/BP_SAVETEST.uexp" 2952
"W:/UnrealProject/BuyuKosusuGit/BuyuKosusu/BuyuKosusu/Content/Meshes/Castle/A2_Stone8.ubulk" 2953
"W:/UnrealProject/BuyuKosusuGit/BuyuKosusu/BuyuKosusu/Content/Meshes/Castle/A2_Stone8.uasset" 2954
"W:/UnrealProject/BuyuKosusuGit/BuyuKosusu/BuyuKosusu/Content/Meshes/Castle/A2_Stone8.uexp" 2955
"W:/UnrealProject/BuyuKosusuGit/BuyuKosusu/BuyuKosusu/Content/LUSH_StylizedEnvironmentSet/StylizedWaterComponent/Materials/M_kotusu.uasset" 2956
"W:/UnrealProject/BuyuKosusuGit/BuyuKosusu/BuyuKosusu/Content/LUSH_StylizedEnvironmentSet/StylizedWaterComponent/Materials/M_kotusu.uexp" 2957
"W:/UnrealProject/BuyuKosusuGit/BuyuKosusu/BuyuKosusu/Content/Low_Poly_Viking_World/Models/Props/Woods/SM_Wood_Pile_02_A.ubulk" 2958
"W:/UnrealProject/BuyuKosusuGit/BuyuKosusu/BuyuKosusu/Content/Low_Poly_Viking_World/Models/Props/Woods/SM_Wood_Pile_02_A.uasset" 2959
"W:/UnrealProject/BuyuKosusuGit/BuyuKosusu/BuyuKosusu/Content/Low_Poly_Viking_World/Models/Props/Woods/SM_Wood_Pile_02_A.uexp" 2960
"W:/UnrealProject/BuyuKosusuGit/BuyuKosusu/BuyuKosusu/Content/VFX/Basic_VFX/Materials/M_star.uasset" 2961
"W:/UnrealProject/BuyuKosusuGit/BuyuKosusu/BuyuKosusu/Content/VFX/Basic_VFX/Materials/M_star.uexp" 2962
"../../../Engine/Content/Functions/Engine_MaterialFunctions03/Procedurals/GeneratedBand.uasset" 2963
"../../../Engine/Content/Functions/Engine_MaterialFunctions03/Procedurals/GeneratedBand.uexp" 2964
"W:/UnrealProject/BuyuKosusuGit/BuyuKosusu/BuyuKosusu/Content/VFX/Basic_VFX/Materials/M_Electric_1.uasset" 2965
"W:/UnrealProject/BuyuKosusuGit/BuyuKosusu/BuyuKosusu/Content/VFX/Basic_VFX/Materials/M_Electric_1.uexp" 2966
"W:/UnrealProject/BuyuKosusuGit/BuyuKosusu/BuyuKosusu/Content/VFX/Basic_VFX/Niagara/NS_Basic_8.uasset" 2967
"W:/UnrealProject/BuyuKosusuGit/BuyuKosusu/BuyuKosusu/Content/VFX/Basic_VFX/Niagara/NS_Basic_8.uexp" 2968
"W:/UnrealProject/BuyuKosusuGit/BuyuKosusu/BuyuKosusu/Content/Low_Poly_Viking_World/Models/Vegetations/Grass/SM_Grass_02_B.ubulk" 2969
"W:/UnrealProject/BuyuKosusuGit/BuyuKosusu/BuyuKosusu/Content/Low_Poly_Viking_World/Models/Vegetations/Grass/SM_Grass_02_B.uasset" 2970
"W:/UnrealProject/BuyuKosusuGit/BuyuKosusu/BuyuKosusu/Content/Low_Poly_Viking_World/Models/Vegetations/Grass/SM_Grass_02_B.uexp" 2971
"W:/UnrealProject/BuyuKosusuGit/BuyuKosusu/BuyuKosusu/Content/Low_Poly_Viking_World/Models/Props/SM_Sack_02_B.ubulk" 2972
"W:/UnrealProject/BuyuKosusuGit/BuyuKosusu/BuyuKosusu/Content/Low_Poly_Viking_World/Models/Props/SM_Sack_02_B.uasset" 2973
"W:/UnrealProject/BuyuKosusuGit/BuyuKosusu/BuyuKosusu/Content/Low_Poly_Viking_World/Models/Props/SM_Sack_02_B.uexp" 2974
"W:/UnrealProject/BuyuKosusuGit/BuyuKosusu/BuyuKosusu/Content/Stylized_PBR_Nature/Foliage/Textures/T_Common_Tree_11_D.ubulk" 2975
"W:/UnrealProject/BuyuKosusuGit/BuyuKosusu/BuyuKosusu/Content/Stylized_PBR_Nature/Foliage/Textures/T_Common_Tree_11_D.uasset" 2976
"W:/UnrealProject/BuyuKosusuGit/BuyuKosusu/BuyuKosusu/Content/Stylized_PBR_Nature/Foliage/Textures/T_Common_Tree_11_D.uexp" 2977
"W:/UnrealProject/BuyuKosusuGit/BuyuKosusu/BuyuKosusu/Content/Stylized_PBR_Nature/Foliage/Textures/T_Common_Tree_11_ORM.ubulk" 2978
"W:/UnrealProject/BuyuKosusuGit/BuyuKosusu/BuyuKosusu/Content/Stylized_PBR_Nature/Foliage/Textures/T_Common_Tree_11_ORM.uasset" 2979
"W:/UnrealProject/BuyuKosusuGit/BuyuKosusu/BuyuKosusu/Content/Stylized_PBR_Nature/Foliage/Textures/T_Common_Tree_11_ORM.uexp" 2980
"W:/UnrealProject/BuyuKosusuGit/BuyuKosusu/BuyuKosusu/Content/Stylized_PBR_Nature/Foliage/Textures/T_Common_Tree_11_N.ubulk" 2981
"W:/UnrealProject/BuyuKosusuGit/BuyuKosusu/BuyuKosusu/Content/Stylized_PBR_Nature/Foliage/Textures/T_Common_Tree_11_N.uasset" 2982
"W:/UnrealProject/BuyuKosusuGit/BuyuKosusu/BuyuKosusu/Content/Stylized_PBR_Nature/Foliage/Textures/T_Common_Tree_11_N.uexp" 2983
"W:/UnrealProject/BuyuKosusuGit/BuyuKosusu/BuyuKosusu/Content/Stylized_PBR_Nature/Foliage/Materials/MI_Common_Tree_11.uasset" 2984
"W:/UnrealProject/BuyuKosusuGit/BuyuKosusu/BuyuKosusu/Content/Stylized_PBR_Nature/Foliage/Materials/MI_Common_Tree_11.uexp" 2985
"W:/UnrealProject/BuyuKosusuGit/BuyuKosusu/BuyuKosusu/Content/Stylized_PBR_Nature/Foliage/Assets/SM_Common_Tree_11.ubulk" 2986
"W:/UnrealProject/BuyuKosusuGit/BuyuKosusu/BuyuKosusu/Content/Stylized_PBR_Nature/Foliage/Assets/SM_Common_Tree_11.uasset" 2987
"W:/UnrealProject/BuyuKosusuGit/BuyuKosusu/BuyuKosusu/Content/Stylized_PBR_Nature/Foliage/Assets/SM_Common_Tree_11.uexp" 2988
"W:/UnrealProject/BuyuKosusuGit/BuyuKosusu/BuyuKosusu/Content/LandscapeSave/SuTas_LayerInfo2.uasset" 2989
"W:/UnrealProject/BuyuKosusuGit/BuyuKosusu/BuyuKosusu/Content/LandscapeSave/SuTas_LayerInfo2.uexp" 2990
"../../../Engine/Content/EngineSky/M_SimpleSkyDome.uasset" 2991
"../../../Engine/Content/EngineSky/M_SimpleSkyDome.uexp" 2992
"../../../Engine/Plugins/Marketplace/BlockoutToolsPlugin/Content/Meshes/SM_Blockout_Ramp.ubulk" 2993
"../../../Engine/Plugins/Marketplace/BlockoutToolsPlugin/Content/Meshes/SM_Blockout_Ramp.uasset" 2994
"../../../Engine/Plugins/Marketplace/BlockoutToolsPlugin/Content/Meshes/SM_Blockout_Ramp.uexp" 2995
"../../../Engine/Plugins/Marketplace/BlockoutToolsPlugin/Content/Blueprints/Blockout_Ramp.uasset" 2996
"../../../Engine/Plugins/Marketplace/BlockoutToolsPlugin/Content/Blueprints/Blockout_Ramp.uexp" 2997
"W:/UnrealProject/BuyuKosusuGit/BuyuKosusu/BuyuKosusu/Content/Low_Poly_Viking_World/Models/Vegetations/Grass/SM_Grass_02_A.ubulk" 2998
"W:/UnrealProject/BuyuKosusuGit/BuyuKosusu/BuyuKosusu/Content/Low_Poly_Viking_World/Models/Vegetations/Grass/SM_Grass_02_A.uasset" 2999
"W:/UnrealProject/BuyuKosusuGit/BuyuKosusu/BuyuKosusu/Content/Low_Poly_Viking_World/Models/Vegetations/Grass/SM_Grass_02_A.uexp" 3000
"W:/UnrealProject/BuyuKosusuGit/BuyuKosusu/BuyuKosusu/Content/LandscapeSave/RealRock2_LayerInfo2.uasset" 3001
"W:/UnrealProject/BuyuKosusuGit/BuyuKosusu/BuyuKosusu/Content/LandscapeSave/RealRock2_LayerInfo2.uexp" 3002
"W:/UnrealProject/BuyuKosusuGit/BuyuKosusu/BuyuKosusu/Content/Meshes/Suleyman/WoodenLighterMat.uasset" 3003
"W:/UnrealProject/BuyuKosusuGit/BuyuKosusu/BuyuKosusu/Content/Meshes/Suleyman/WoodenLighterMat.uexp" 3004
"W:/UnrealProject/BuyuKosusuGit/BuyuKosusu/BuyuKosusu/Content/Meshes/Suleyman/WoodenMat.uasset" 3005
"W:/UnrealProject/BuyuKosusuGit/BuyuKosusu/BuyuKosusu/Content/Meshes/Suleyman/WoodenMat.uexp" 3006
"W:/UnrealProject/BuyuKosusuGit/BuyuKosusu/BuyuKosusu/Content/Meshes/Suleyman/IronDarkerMat.uasset" 3007
"W:/UnrealProject/BuyuKosusuGit/BuyuKosusu/BuyuKosusu/Content/Meshes/Suleyman/IronDarkerMat.uexp" 3008
"W:/UnrealProject/BuyuKosusuGit/BuyuKosusu/BuyuKosusu/Content/Meshes/Suleyman/RopeMat.uasset" 3009
"W:/UnrealProject/BuyuKosusuGit/BuyuKosusu/BuyuKosusu/Content/Meshes/Suleyman/RopeMat.uexp" 3010
"W:/UnrealProject/BuyuKosusuGit/BuyuKosusu/BuyuKosusu/Content/Meshes/Suleyman/SomeAssets_Torch_Tripod.ubulk" 3011
"W:/UnrealProject/BuyuKosusuGit/BuyuKosusu/BuyuKosusu/Content/Meshes/Suleyman/SomeAssets_Torch_Tripod.uasset" 3012
"W:/UnrealProject/BuyuKosusuGit/BuyuKosusu/BuyuKosusu/Content/Meshes/Suleyman/SomeAssets_Torch_Tripod.uexp" 3013
"../../../Engine/Plugins/Marketplace/BlockoutToolsPlugin/Content/Meshes/SM_Blockout_Curved_Corner_Inner_Q2.ubulk" 3014
"../../../Engine/Plugins/Marketplace/BlockoutToolsPlugin/Content/Meshes/SM_Blockout_Curved_Corner_Inner_Q2.uasset" 3015
"../../../Engine/Plugins/Marketplace/BlockoutToolsPlugin/Content/Meshes/SM_Blockout_Curved_Corner_Inner_Q2.uexp" 3016
"../../../Engine/Plugins/Marketplace/BlockoutToolsPlugin/Content/Meshes/SM_Blockout_Curved_Corner_Inner_Q1.ubulk" 3017
"../../../Engine/Plugins/Marketplace/BlockoutToolsPlugin/Content/Meshes/SM_Blockout_Curved_Corner_Inner_Q1.uasset" 3018
"../../../Engine/Plugins/Marketplace/BlockoutToolsPlugin/Content/Meshes/SM_Blockout_Curved_Corner_Inner_Q1.uexp" 3019
"../../../Engine/Plugins/Marketplace/BlockoutToolsPlugin/Content/Meshes/SM_Blockout_Curved_Corner_Outer_Q1.ubulk" 3020
"../../../Engine/Plugins/Marketplace/BlockoutToolsPlugin/Content/Meshes/SM_Blockout_Curved_Corner_Outer_Q1.uasset" 3021
"../../../Engine/Plugins/Marketplace/BlockoutToolsPlugin/Content/Meshes/SM_Blockout_Curved_Corner_Outer_Q1.uexp" 3022
"../../../Engine/Plugins/Marketplace/BlockoutToolsPlugin/Content/Meshes/SM_Blockout_Curved_Corner_Inner_Q3.ubulk" 3023
"../../../Engine/Plugins/Marketplace/BlockoutToolsPlugin/Content/Meshes/SM_Blockout_Curved_Corner_Inner_Q3.uasset" 3024
"../../../Engine/Plugins/Marketplace/BlockoutToolsPlugin/Content/Meshes/SM_Blockout_Curved_Corner_Inner_Q3.uexp" 3025
"../../../Engine/Plugins/Marketplace/BlockoutToolsPlugin/Content/Meshes/SM_Blockout_Curved_Corner_Inner_Q4.ubulk" 3026
"../../../Engine/Plugins/Marketplace/BlockoutToolsPlugin/Content/Meshes/SM_Blockout_Curved_Corner_Inner_Q4.uasset" 3027
"../../../Engine/Plugins/Marketplace/BlockoutToolsPlugin/Content/Meshes/SM_Blockout_Curved_Corner_Inner_Q4.uexp" 3028
"../../../Engine/Plugins/Marketplace/BlockoutToolsPlugin/Content/Meshes/SM_Blockout_Curved_Corner_Outer_Q3.ubulk" 3029
"../../../Engine/Plugins/Marketplace/BlockoutToolsPlugin/Content/Meshes/SM_Blockout_Curved_Corner_Outer_Q3.uasset" 3030
"../../../Engine/Plugins/Marketplace/BlockoutToolsPlugin/Content/Meshes/SM_Blockout_Curved_Corner_Outer_Q3.uexp" 3031
"../../../Engine/Plugins/Marketplace/BlockoutToolsPlugin/Content/Meshes/SM_Blockout_Curved_Corner_Outer_Q4.ubulk" 3032
"../../../Engine/Plugins/Marketplace/BlockoutToolsPlugin/Content/Meshes/SM_Blockout_Curved_Corner_Outer_Q4.uasset" 3033
"../../../Engine/Plugins/Marketplace/BlockoutToolsPlugin/Content/Meshes/SM_Blockout_Curved_Corner_Outer_Q4.uexp" 3034
"../../../Engine/Plugins/Marketplace/BlockoutToolsPlugin/Content/Blueprints/Blockout_Corner_Curved.uasset" 3035
"../../../Engine/Plugins/Marketplace/BlockoutToolsPlugin/Content/Blueprints/Blockout_Corner_Curved.uexp" 3036
"W:/UnrealProject/BuyuKosusuGit/BuyuKosusu/BuyuKosusu/Content/Levels/Level2.uexp" 3037
"W:/UnrealProject/BuyuKosusuGit/BuyuKosusu/BuyuKosusu/Content/Levels/Level2.ubulk" 3038
"W:/UnrealProject/BuyuKosusuGit/BuyuKosusu/BuyuKosusu/Content/Levels/Level2.umap" 3039
"W:/UnrealProject/BuyuKosusuGit/BuyuKosusu/BuyuKosusu/Content/LevelDesignKit/Material/MI_Color_Grey.uasset" 3040
"W:/UnrealProject/BuyuKosusuGit/BuyuKosusu/BuyuKosusu/Content/LevelDesignKit/Material/MI_Color_Grey.uexp" 3041
"W:/UnrealProject/BuyuKosusuGit/BuyuKosusu/BuyuKosusu/Content/LevelDesignKit/Meshes/Organic/Cave_Kit/ST_CaveEntrance.ubulk" 3042
"W:/UnrealProject/BuyuKosusuGit/BuyuKosusu/BuyuKosusu/Content/LevelDesignKit/Meshes/Organic/Cave_Kit/ST_CaveEntrance.uasset" 3043
"W:/UnrealProject/BuyuKosusuGit/BuyuKosusu/BuyuKosusu/Content/LevelDesignKit/Meshes/Organic/Cave_Kit/ST_CaveEntrance.uexp" 3044
"W:/UnrealProject/BuyuKosusuGit/BuyuKosusu/BuyuKosusu/Content/LevelDesignKit/Meshes/Props/SM_Fence_3x02x4.ubulk" 3045
"W:/UnrealProject/BuyuKosusuGit/BuyuKosusu/BuyuKosusu/Content/LevelDesignKit/Meshes/Props/SM_Fence_3x02x4.uasset" 3046
"W:/UnrealProject/BuyuKosusuGit/BuyuKosusu/BuyuKosusu/Content/LevelDesignKit/Meshes/Props/SM_Fence_3x02x4.uexp" 3047
"W:/UnrealProject/BuyuKosusuGit/BuyuKosusu/BuyuKosusu/Content/Meshes/Campsite/materials/TENTWOOD.uasset" 3048
"W:/UnrealProject/BuyuKosusuGit/BuyuKosusu/BuyuKosusu/Content/Meshes/Campsite/materials/TENTWOOD.uexp" 3049
"W:/UnrealProject/BuyuKosusuGit/BuyuKosusu/BuyuKosusu/Content/Meshes/Campsite/materials/TENT1.uasset" 3050
"W:/UnrealProject/BuyuKosusuGit/BuyuKosusu/BuyuKosusu/Content/Meshes/Campsite/materials/TENT1.uexp" 3051
"W:/UnrealProject/BuyuKosusuGit/BuyuKosusu/BuyuKosusu/Content/Meshes/Campsite/tent.ubulk" 3052
"W:/UnrealProject/BuyuKosusuGit/BuyuKosusu/BuyuKosusu/Content/Meshes/Campsite/tent.uasset" 3053
"W:/UnrealProject/BuyuKosusuGit/BuyuKosusu/BuyuKosusu/Content/Meshes/Campsite/tent.uexp" 3054
"W:/UnrealProject/BuyuKosusuGit/BuyuKosusu/BuyuKosusu/Content/Levels/Level1_sharedassets/GrassRock_LayerInfo.uasset" 3055
"W:/UnrealProject/BuyuKosusuGit/BuyuKosusu/BuyuKosusu/Content/Levels/Level1_sharedassets/GrassRock_LayerInfo.uexp" 3056
"W:/UnrealProject/BuyuKosusuGit/BuyuKosusu/BuyuKosusu/Content/LevelDesignKit/Meshes/Organic/Cave_Kit/ST_CaveTunel.ubulk" 3057
"W:/UnrealProject/BuyuKosusuGit/BuyuKosusu/BuyuKosusu/Content/LevelDesignKit/Meshes/Organic/Cave_Kit/ST_CaveTunel.uasset" 3058
"W:/UnrealProject/BuyuKosusuGit/BuyuKosusu/BuyuKosusu/Content/LevelDesignKit/Meshes/Organic/Cave_Kit/ST_CaveTunel.uexp" 3059
"W:/UnrealProject/BuyuKosusuGit/BuyuKosusu/BuyuKosusu/Content/LevelDesignKit/Material/MI_Color_Black.uasset" 3060
"W:/UnrealProject/BuyuKosusuGit/BuyuKosusu/BuyuKosusu/Content/LevelDesignKit/Material/MI_Color_Black.uexp" 3061
"W:/UnrealProject/BuyuKosusuGit/BuyuKosusu/BuyuKosusu/Content/LevelDesignKit/Material/MI_Color_GreyDark.uasset" 3062
"W:/UnrealProject/BuyuKosusuGit/BuyuKosusu/BuyuKosusu/Content/LevelDesignKit/Material/MI_Color_GreyDark.uexp" 3063
"W:/UnrealProject/BuyuKosusuGit/BuyuKosusu/BuyuKosusu/Content/LevelDesignKit/Material/MI_Color_Red.uasset" 3064
"W:/UnrealProject/BuyuKosusuGit/BuyuKosusu/BuyuKosusu/Content/LevelDesignKit/Material/MI_Color_Red.uexp" 3065
"W:/UnrealProject/BuyuKosusuGit/BuyuKosusu/BuyuKosusu/Content/LevelDesignKit/Material/Texture/T_Angry_BC.ubulk" 3066
"W:/UnrealProject/BuyuKosusuGit/BuyuKosusu/BuyuKosusu/Content/LevelDesignKit/Material/Texture/T_Angry_BC.uasset" 3067
"W:/UnrealProject/BuyuKosusuGit/BuyuKosusu/BuyuKosusu/Content/LevelDesignKit/Material/Texture/T_Angry_BC.uexp" 3068
"W:/UnrealProject/BuyuKosusuGit/BuyuKosusu/BuyuKosusu/Content/LevelDesignKit/Material/MI_Emotion_Angry.uasset" 3069
"W:/UnrealProject/BuyuKosusuGit/BuyuKosusu/BuyuKosusu/Content/LevelDesignKit/Material/MI_Emotion_Angry.uexp" 3070
"W:/UnrealProject/BuyuKosusuGit/BuyuKosusu/BuyuKosusu/Content/LevelDesignKit/Meshes/CharacterPose/SM_Pose1B_AimGunRiffle.ubulk" 3071
"W:/UnrealProject/BuyuKosusuGit/BuyuKosusu/BuyuKosusu/Content/LevelDesignKit/Meshes/CharacterPose/SM_Pose1B_AimGunRiffle.uasset" 3072
"W:/UnrealProject/BuyuKosusuGit/BuyuKosusu/BuyuKosusu/Content/LevelDesignKit/Meshes/CharacterPose/SM_Pose1B_AimGunRiffle.uexp" 3073
"W:/UnrealProject/BuyuKosusuGit/BuyuKosusu/BuyuKosusu/Content/LevelDesignKit/Meshes/Mechanics/Blueprints/BP_Enemy.uasset" 3074
"W:/UnrealProject/BuyuKosusuGit/BuyuKosusu/BuyuKosusu/Content/LevelDesignKit/Meshes/Mechanics/Blueprints/BP_Enemy.uexp" 3075
"W:/UnrealProject/BuyuKosusuGit/BuyuKosusu/BuyuKosusu/Content/Levels/Level1_sharedassets/Grass02_LayerInfo.uasset" 3076
"W:/UnrealProject/BuyuKosusuGit/BuyuKosusu/BuyuKosusu/Content/Levels/Level1_sharedassets/Grass02_LayerInfo.uexp" 3077
"W:/UnrealProject/BuyuKosusuGit/BuyuKosusu/BuyuKosusu/Content/Meshes/newstuff/rocks/Material_010.uasset" 3078
"W:/UnrealProject/BuyuKosusuGit/BuyuKosusu/BuyuKosusu/Content/Meshes/newstuff/rocks/Material_010.uexp" 3079
"W:/UnrealProject/BuyuKosusuGit/BuyuKosusu/BuyuKosusu/Content/Meshes/newstuff/rocks/rock6.ubulk" 3080
"W:/UnrealProject/BuyuKosusuGit/BuyuKosusu/BuyuKosusu/Content/Meshes/newstuff/rocks/rock6.uasset" 3081
"W:/UnrealProject/BuyuKosusuGit/BuyuKosusu/BuyuKosusu/Content/Meshes/newstuff/rocks/rock6.uexp" 3082
"W:/UnrealProject/BuyuKosusuGit/BuyuKosusu/BuyuKosusu/Content/Levels/Level1_sharedassets/GroundTile01_LayerInfo.uasset" 3083
"W:/UnrealProject/BuyuKosusuGit/BuyuKosusu/BuyuKosusu/Content/Levels/Level1_sharedassets/GroundTile01_LayerInfo.uexp" 3084
"W:/UnrealProject/BuyuKosusuGit/BuyuKosusu/BuyuKosusu/Content/LandscapeSave/GroundRock_LayerInfo_1.uasset" 3085
"W:/UnrealProject/BuyuKosusuGit/BuyuKosusu/BuyuKosusu/Content/LandscapeSave/GroundRock_LayerInfo_1.uexp" 3086
"W:/UnrealProject/BuyuKosusuGit/BuyuKosusu/BuyuKosusu/Content/LevelDesignKit/Meshes/Props/SM_Campfire.ubulk" 3087
"W:/UnrealProject/BuyuKosusuGit/BuyuKosusu/BuyuKosusu/Content/LevelDesignKit/Meshes/Props/SM_Campfire.uasset" 3088
"W:/UnrealProject/BuyuKosusuGit/BuyuKosusu/BuyuKosusu/Content/LevelDesignKit/Meshes/Props/SM_Campfire.uexp" 3089
"W:/UnrealProject/BuyuKosusuGit/BuyuKosusu/BuyuKosusu/Content/Stylized_PBR_Nature/Foliage/Textures/T_Common_Tree_06_D.ubulk" 3090
"W:/UnrealProject/BuyuKosusuGit/BuyuKosusu/BuyuKosusu/Content/Stylized_PBR_Nature/Foliage/Textures/T_Common_Tree_06_D.uasset" 3091
"W:/UnrealProject/BuyuKosusuGit/BuyuKosusu/BuyuKosusu/Content/Stylized_PBR_Nature/Foliage/Textures/T_Common_Tree_06_D.uexp" 3092
"W:/UnrealProject/BuyuKosusuGit/BuyuKosusu/BuyuKosusu/Content/Stylized_PBR_Nature/Foliage/Textures/T_Common_Tree_06_N.ubulk" 3093
"W:/UnrealProject/BuyuKosusuGit/BuyuKosusu/BuyuKosusu/Content/Stylized_PBR_Nature/Foliage/Textures/T_Common_Tree_06_N.uasset" 3094
"W:/UnrealProject/BuyuKosusuGit/BuyuKosusu/BuyuKosusu/Content/Stylized_PBR_Nature/Foliage/Textures/T_Common_Tree_06_N.uexp" 3095
"W:/UnrealProject/BuyuKosusuGit/BuyuKosusu/BuyuKosusu/Content/Stylized_PBR_Nature/Foliage/Textures/T_Common_Tree_06_ORM.ubulk" 3096
"W:/UnrealProject/BuyuKosusuGit/BuyuKosusu/BuyuKosusu/Content/Stylized_PBR_Nature/Foliage/Textures/T_Common_Tree_06_ORM.uasset" 3097
"W:/UnrealProject/BuyuKosusuGit/BuyuKosusu/BuyuKosusu/Content/Stylized_PBR_Nature/Foliage/Textures/T_Common_Tree_06_ORM.uexp" 3098
"W:/UnrealProject/BuyuKosusuGit/BuyuKosusu/BuyuKosusu/Content/Stylized_PBR_Nature/Foliage/Materials/MI_Common_Tree_06.uasset" 3099
"W:/UnrealProject/BuyuKosusuGit/BuyuKosusu/BuyuKosusu/Content/Stylized_PBR_Nature/Foliage/Materials/MI_Common_Tree_06.uexp" 3100
"W:/UnrealProject/BuyuKosusuGit/BuyuKosusu/BuyuKosusu/Content/Stylized_PBR_Nature/Foliage/Assets/SM_Common_Tree_06.ubulk" 3101
"W:/UnrealProject/BuyuKosusuGit/BuyuKosusu/BuyuKosusu/Content/Stylized_PBR_Nature/Foliage/Assets/SM_Common_Tree_06.uasset" 3102
"W:/UnrealProject/BuyuKosusuGit/BuyuKosusu/BuyuKosusu/Content/Stylized_PBR_Nature/Foliage/Assets/SM_Common_Tree_06.uexp" 3103
"W:/UnrealProject/BuyuKosusuGit/BuyuKosusu/BuyuKosusu/Content/LandscapeSave/Grass03_LayerInfo_1.uasset" 3104
"W:/UnrealProject/BuyuKosusuGit/BuyuKosusu/BuyuKosusu/Content/LandscapeSave/Grass03_LayerInfo_1.uexp" 3105
"W:/UnrealProject/BuyuKosusuGit/BuyuKosusu/BuyuKosusu/Content/Levels/Level1_sharedassets/GroundTile02_LayerInfo.uasset" 3106
"W:/UnrealProject/BuyuKosusuGit/BuyuKosusu/BuyuKosusu/Content/Levels/Level1_sharedassets/GroundTile02_LayerInfo.uexp" 3107
"W:/UnrealProject/BuyuKosusuGit/BuyuKosusu/BuyuKosusu/Content/Stylized_PBR_Nature/Foliage/Assets/SM_Common_Tree_04.ubulk" 3108
"W:/UnrealProject/BuyuKosusuGit/BuyuKosusu/BuyuKosusu/Content/Stylized_PBR_Nature/Foliage/Assets/SM_Common_Tree_04.uasset" 3109
"W:/UnrealProject/BuyuKosusuGit/BuyuKosusu/BuyuKosusu/Content/Stylized_PBR_Nature/Foliage/Assets/SM_Common_Tree_04.uexp" 3110
"W:/UnrealProject/BuyuKosusuGit/BuyuKosusu/BuyuKosusu/Content/Meshes/newstuff/blendermateryal/Material_004.uasset" 3111
"W:/UnrealProject/BuyuKosusuGit/BuyuKosusu/BuyuKosusu/Content/Meshes/newstuff/blendermateryal/Material_004.uexp" 3112
"W:/UnrealProject/BuyuKosusuGit/BuyuKosusu/BuyuKosusu/Content/Meshes/newstuff/blendermateryal/Material_009.uasset" 3113
"W:/UnrealProject/BuyuKosusuGit/BuyuKosusu/BuyuKosusu/Content/Meshes/newstuff/blendermateryal/Material_009.uexp" 3114
"W:/UnrealProject/BuyuKosusuGit/BuyuKosusu/BuyuKosusu/Content/Meshes/newstuff/elarabasi.ubulk" 3115
"W:/UnrealProject/BuyuKosusuGit/BuyuKosusu/BuyuKosusu/Content/Meshes/newstuff/elarabasi.uasset" 3116
"W:/UnrealProject/BuyuKosusuGit/BuyuKosusu/BuyuKosusu/Content/Meshes/newstuff/elarabasi.uexp" 3117
"W:/UnrealProject/BuyuKosusuGit/BuyuKosusu/BuyuKosusu/Content/Meshes/newstuff/rocks/stone.uasset" 3118
"W:/UnrealProject/BuyuKosusuGit/BuyuKosusu/BuyuKosusu/Content/Meshes/newstuff/rocks/stone.uexp" 3119
"W:/UnrealProject/BuyuKosusuGit/BuyuKosusu/BuyuKosusu/Content/Meshes/newstuff/rocks/ustuduztas.ubulk" 3120
"W:/UnrealProject/BuyuKosusuGit/BuyuKosusu/BuyuKosusu/Content/Meshes/newstuff/rocks/ustuduztas.uasset" 3121
"W:/UnrealProject/BuyuKosusuGit/BuyuKosusu/BuyuKosusu/Content/Meshes/newstuff/rocks/ustuduztas.uexp" 3122
"W:/UnrealProject/BuyuKosusuGit/BuyuKosusu/BuyuKosusu/Content/Meshes/newstuff/rocks/rock4.ubulk" 3123
"W:/UnrealProject/BuyuKosusuGit/BuyuKosusu/BuyuKosusu/Content/Meshes/newstuff/rocks/rock4.uasset" 3124
"W:/UnrealProject/BuyuKosusuGit/BuyuKosusu/BuyuKosusu/Content/Meshes/newstuff/rocks/rock4.uexp" 3125
"W:/UnrealProject/BuyuKosusuGit/BuyuKosusu/BuyuKosusu/Content/LandscapeSave/GroundTile03_LayerInfo_1.uasset" 3126
"W:/UnrealProject/BuyuKosusuGit/BuyuKosusu/BuyuKosusu/Content/LandscapeSave/GroundTile03_LayerInfo_1.uexp" 3127
"W:/UnrealProject/BuyuKosusuGit/BuyuKosusu/BuyuKosusu/Content/LandscapeSave/GrassRock_LayerInfo_1.uasset" 3128
"W:/UnrealProject/BuyuKosusuGit/BuyuKosusu/BuyuKosusu/Content/LandscapeSave/GrassRock_LayerInfo_1.uexp" 3129
"W:/UnrealProject/BuyuKosusuGit/BuyuKosusu/BuyuKosusu/Content/Meshes/newstuff/kutukbalta.ubulk" 3130
"W:/UnrealProject/BuyuKosusuGit/BuyuKosusu/BuyuKosusu/Content/Meshes/newstuff/kutukbalta.uasset" 3131
"W:/UnrealProject/BuyuKosusuGit/BuyuKosusu/BuyuKosusu/Content/Meshes/newstuff/kutukbalta.uexp" 3132
"W:/UnrealProject/BuyuKosusuGit/BuyuKosusu/BuyuKosusu/Content/Levels/Level1_sharedassets/Grass03_LayerInfo.uasset" 3133
"W:/UnrealProject/BuyuKosusuGit/BuyuKosusu/BuyuKosusu/Content/Levels/Level1_sharedassets/Grass03_LayerInfo.uexp" 3134
"W:/UnrealProject/BuyuKosusuGit/BuyuKosusu/BuyuKosusu/Content/Stylized_PBR_Nature/Rocks/Assets/SM_S_Rock_11.ubulk" 3135
"W:/UnrealProject/BuyuKosusuGit/BuyuKosusu/BuyuKosusu/Content/Stylized_PBR_Nature/Rocks/Assets/SM_S_Rock_11.uasset" 3136
"W:/UnrealProject/BuyuKosusuGit/BuyuKosusu/BuyuKosusu/Content/Stylized_PBR_Nature/Rocks/Assets/SM_S_Rock_11.uexp" 3137
"W:/UnrealProject/BuyuKosusuGit/BuyuKosusu/BuyuKosusu/Content/Levels/Level1_sharedassets/Grass01_LayerInfo.uasset" 3138
"W:/UnrealProject/BuyuKosusuGit/BuyuKosusu/BuyuKosusu/Content/Levels/Level1_sharedassets/Grass01_LayerInfo.uexp" 3139
"W:/UnrealProject/BuyuKosusuGit/BuyuKosusu/BuyuKosusu/Content/Stylized_PBR_Nature/Foliage/Textures/T_Common_Tree_03_D.ubulk" 3140
"W:/UnrealProject/BuyuKosusuGit/BuyuKosusu/BuyuKosusu/Content/Stylized_PBR_Nature/Foliage/Textures/T_Common_Tree_03_D.uasset" 3141
"W:/UnrealProject/BuyuKosusuGit/BuyuKosusu/BuyuKosusu/Content/Stylized_PBR_Nature/Foliage/Textures/T_Common_Tree_03_D.uexp" 3142
"W:/UnrealProject/BuyuKosusuGit/BuyuKosusu/BuyuKosusu/Content/Stylized_PBR_Nature/Foliage/Textures/T_Common_Tree_03_ORM.ubulk" 3143
"W:/UnrealProject/BuyuKosusuGit/BuyuKosusu/BuyuKosusu/Content/Stylized_PBR_Nature/Foliage/Textures/T_Common_Tree_03_ORM.uasset" 3144
"W:/UnrealProject/BuyuKosusuGit/BuyuKosusu/BuyuKosusu/Content/Stylized_PBR_Nature/Foliage/Textures/T_Common_Tree_03_ORM.uexp" 3145
"W:/UnrealProject/BuyuKosusuGit/BuyuKosusu/BuyuKosusu/Content/Stylized_PBR_Nature/Foliage/Textures/T_Common_Tree_03_N.ubulk" 3146
"W:/UnrealProject/BuyuKosusuGit/BuyuKosusu/BuyuKosusu/Content/Stylized_PBR_Nature/Foliage/Textures/T_Common_Tree_03_N.uasset" 3147
"W:/UnrealProject/BuyuKosusuGit/BuyuKosusu/BuyuKosusu/Content/Stylized_PBR_Nature/Foliage/Textures/T_Common_Tree_03_N.uexp" 3148
"W:/UnrealProject/BuyuKosusuGit/BuyuKosusu/BuyuKosusu/Content/Stylized_PBR_Nature/Foliage/Materials/MI_Common_Tree_03.uasset" 3149
"W:/UnrealProject/BuyuKosusuGit/BuyuKosusu/BuyuKosusu/Content/Stylized_PBR_Nature/Foliage/Materials/MI_Common_Tree_03.uexp" 3150
"W:/UnrealProject/BuyuKosusuGit/BuyuKosusu/BuyuKosusu/Content/Stylized_PBR_Nature/Foliage/Assets/SM_Common_Tree_03.ubulk" 3151
"W:/UnrealProject/BuyuKosusuGit/BuyuKosusu/BuyuKosusu/Content/Stylized_PBR_Nature/Foliage/Assets/SM_Common_Tree_03.uasset" 3152
"W:/UnrealProject/BuyuKosusuGit/BuyuKosusu/BuyuKosusu/Content/Stylized_PBR_Nature/Foliage/Assets/SM_Common_Tree_03.uexp" 3153
"W:/UnrealProject/BuyuKosusuGit/BuyuKosusu/BuyuKosusu/Content/UI/tutorialUI3.uasset" 3154
"W:/UnrealProject/BuyuKosusuGit/BuyuKosusu/BuyuKosusu/Content/UI/tutorialUI3.uexp" 3155
"W:/UnrealProject/BuyuKosusuGit/BuyuKosusu/BuyuKosusu/Content/Keyboard_Icon/T_Space_Key_Alt.ubulk" 3156
"W:/UnrealProject/BuyuKosusuGit/BuyuKosusu/BuyuKosusu/Content/Keyboard_Icon/T_Space_Key_Alt.uasset" 3157
"W:/UnrealProject/BuyuKosusuGit/BuyuKosusu/BuyuKosusu/Content/Keyboard_Icon/T_Space_Key_Alt.uexp" 3158
"W:/UnrealProject/BuyuKosusuGit/BuyuKosusu/BuyuKosusu/Content/W_TutorialRight.uasset" 3159
"W:/UnrealProject/BuyuKosusuGit/BuyuKosusu/BuyuKosusu/Content/W_TutorialRight.uexp" 3160
"W:/UnrealProject/BuyuKosusuGit/BuyuKosusu/BuyuKosusu/Content/UI/tutorialUI4.uasset" 3161
"W:/UnrealProject/BuyuKosusuGit/BuyuKosusu/BuyuKosusu/Content/UI/tutorialUI4.uexp" 3162
"W:/UnrealProject/BuyuKosusuGit/BuyuKosusu/BuyuKosusu/Content/W_TutorialLeft.uasset" 3163
"W:/UnrealProject/BuyuKosusuGit/BuyuKosusu/BuyuKosusu/Content/W_TutorialLeft.uexp" 3164
"W:/UnrealProject/BuyuKosusuGit/BuyuKosusu/BuyuKosusu/Content/Blueprints/BP_TutorialTriggers.uasset" 3165
"W:/UnrealProject/BuyuKosusuGit/BuyuKosusu/BuyuKosusu/Content/Blueprints/BP_TutorialTriggers.uexp" 3166
"W:/UnrealProject/BuyuKosusuGit/BuyuKosusu/BuyuKosusu/Content/Stylized_PBR_Nature/Foliage/Textures/T_Common_Tree_08_ORM.ubulk" 3167
"W:/UnrealProject/BuyuKosusuGit/BuyuKosusu/BuyuKosusu/Content/Stylized_PBR_Nature/Foliage/Textures/T_Common_Tree_08_ORM.uasset" 3168
"W:/UnrealProject/BuyuKosusuGit/BuyuKosusu/BuyuKosusu/Content/Stylized_PBR_Nature/Foliage/Textures/T_Common_Tree_08_ORM.uexp" 3169
"W:/UnrealProject/BuyuKosusuGit/BuyuKosusu/BuyuKosusu/Content/Stylized_PBR_Nature/Foliage/Textures/T_Common_Tree_08_D.ubulk" 3170
"W:/UnrealProject/BuyuKosusuGit/BuyuKosusu/BuyuKosusu/Content/Stylized_PBR_Nature/Foliage/Textures/T_Common_Tree_08_D.uasset" 3171
"W:/UnrealProject/BuyuKosusuGit/BuyuKosusu/BuyuKosusu/Content/Stylized_PBR_Nature/Foliage/Textures/T_Common_Tree_08_D.uexp" 3172
"W:/UnrealProject/BuyuKosusuGit/BuyuKosusu/BuyuKosusu/Content/Stylized_PBR_Nature/Foliage/Textures/T_Common_Tree_08_N.ubulk" 3173
"W:/UnrealProject/BuyuKosusuGit/BuyuKosusu/BuyuKosusu/Content/Stylized_PBR_Nature/Foliage/Textures/T_Common_Tree_08_N.uasset" 3174
"W:/UnrealProject/BuyuKosusuGit/BuyuKosusu/BuyuKosusu/Content/Stylized_PBR_Nature/Foliage/Textures/T_Common_Tree_08_N.uexp" 3175
"W:/UnrealProject/BuyuKosusuGit/BuyuKosusu/BuyuKosusu/Content/Stylized_PBR_Nature/Foliage/Materials/MI_Common_Tree_08.uasset" 3176
"W:/UnrealProject/BuyuKosusuGit/BuyuKosusu/BuyuKosusu/Content/Stylized_PBR_Nature/Foliage/Materials/MI_Common_Tree_08.uexp" 3177
"W:/UnrealProject/BuyuKosusuGit/BuyuKosusu/BuyuKosusu/Content/Stylized_PBR_Nature/Foliage/Assets/SM_Common_Tree_08.ubulk" 3178
"W:/UnrealProject/BuyuKosusuGit/BuyuKosusu/BuyuKosusu/Content/Stylized_PBR_Nature/Foliage/Assets/SM_Common_Tree_08.uasset" 3179
"W:/UnrealProject/BuyuKosusuGit/BuyuKosusu/BuyuKosusu/Content/Stylized_PBR_Nature/Foliage/Assets/SM_Common_Tree_08.uexp" 3180
"W:/UnrealProject/BuyuKosusuGit/BuyuKosusu/BuyuKosusu/Content/LandscapeSave/RealRock2_LayerInfo.uasset" 3181
"W:/UnrealProject/BuyuKosusuGit/BuyuKosusu/BuyuKosusu/Content/LandscapeSave/RealRock2_LayerInfo.uexp" 3182
"W:/UnrealProject/BuyuKosusuGit/BuyuKosusu/BuyuKosusu/Content/Meshes/newstuff/rocks/rock1.ubulk" 3183
"W:/UnrealProject/BuyuKosusuGit/BuyuKosusu/BuyuKosusu/Content/Meshes/newstuff/rocks/rock1.uasset" 3184
"W:/UnrealProject/BuyuKosusuGit/BuyuKosusu/BuyuKosusu/Content/Meshes/newstuff/rocks/rock1.uexp" 3185
"W:/UnrealProject/BuyuKosusuGit/BuyuKosusu/BuyuKosusu/Content/Levels/Level1_sharedassets/RealRock_LayerInfo.uasset" 3186
"W:/UnrealProject/BuyuKosusuGit/BuyuKosusu/BuyuKosusu/Content/Levels/Level1_sharedassets/RealRock_LayerInfo.uexp" 3187
"W:/UnrealProject/BuyuKosusuGit/BuyuKosusu/BuyuKosusu/Content/Meshes/newstuff/rocks/rock5.ubulk" 3188
"W:/UnrealProject/BuyuKosusuGit/BuyuKosusu/BuyuKosusu/Content/Meshes/newstuff/rocks/rock5.uasset" 3189
"W:/UnrealProject/BuyuKosusuGit/BuyuKosusu/BuyuKosusu/Content/Meshes/newstuff/rocks/rock5.uexp" 3190
"W:/UnrealProject/BuyuKosusuGit/BuyuKosusu/BuyuKosusu/Content/Stylized_PBR_Nature/Foliage/Textures/T_Common_Tree_10_D.ubulk" 3191
"W:/UnrealProject/BuyuKosusuGit/BuyuKosusu/BuyuKosusu/Content/Stylized_PBR_Nature/Foliage/Textures/T_Common_Tree_10_D.uasset" 3192
"W:/UnrealProject/BuyuKosusuGit/BuyuKosusu/BuyuKosusu/Content/Stylized_PBR_Nature/Foliage/Textures/T_Common_Tree_10_D.uexp" 3193
"W:/UnrealProject/BuyuKosusuGit/BuyuKosusu/BuyuKosusu/Content/Stylized_PBR_Nature/Foliage/Textures/T_Common_Tree_10_N.ubulk" 3194
"W:/UnrealProject/BuyuKosusuGit/BuyuKosusu/BuyuKosusu/Content/Stylized_PBR_Nature/Foliage/Textures/T_Common_Tree_10_N.uasset" 3195
"W:/UnrealProject/BuyuKosusuGit/BuyuKosusu/BuyuKosusu/Content/Stylized_PBR_Nature/Foliage/Textures/T_Common_Tree_10_N.uexp" 3196
"W:/UnrealProject/BuyuKosusuGit/BuyuKosusu/BuyuKosusu/Content/Stylized_PBR_Nature/Foliage/Materials/MI_Common_Tree_10.uasset" 3197
"W:/UnrealProject/BuyuKosusuGit/BuyuKosusu/BuyuKosusu/Content/Stylized_PBR_Nature/Foliage/Materials/MI_Common_Tree_10.uexp" 3198
"W:/UnrealProject/BuyuKosusuGit/BuyuKosusu/BuyuKosusu/Content/Stylized_PBR_Nature/Foliage/Assets/SM_Common_Tree_10.ubulk" 3199
"W:/UnrealProject/BuyuKosusuGit/BuyuKosusu/BuyuKosusu/Content/Stylized_PBR_Nature/Foliage/Assets/SM_Common_Tree_10.uasset" 3200
"W:/UnrealProject/BuyuKosusuGit/BuyuKosusu/BuyuKosusu/Content/Stylized_PBR_Nature/Foliage/Assets/SM_Common_Tree_10.uexp" 3201
"W:/UnrealProject/BuyuKosusuGit/BuyuKosusu/BuyuKosusu/Content/Meshes/vikingsedited/SM_Fence_02_C.ubulk" 3202
"W:/UnrealProject/BuyuKosusuGit/BuyuKosusu/BuyuKosusu/Content/Meshes/vikingsedited/SM_Fence_02_C.uasset" 3203
"W:/UnrealProject/BuyuKosusuGit/BuyuKosusu/BuyuKosusu/Content/Meshes/vikingsedited/SM_Fence_02_C.uexp" 3204
"W:/UnrealProject/BuyuKosusuGit/BuyuKosusu/BuyuKosusu/Content/Levels/Level1_sharedassets/GroundRock_LayerInfo.uasset" 3205
"W:/UnrealProject/BuyuKosusuGit/BuyuKosusu/BuyuKosusu/Content/Levels/Level1_sharedassets/GroundRock_LayerInfo.uexp" 3206
"W:/UnrealProject/BuyuKosusuGit/BuyuKosusu/BuyuKosusu/Content/Levels/Level1.uexp" 3207
"W:/UnrealProject/BuyuKosusuGit/BuyuKosusu/BuyuKosusu/Content/Levels/Level1.ubulk" 3208
"W:/UnrealProject/BuyuKosusuGit/BuyuKosusu/BuyuKosusu/Content/Levels/Level1.umap" 3209
"W:/UnrealProject/BuyuKosusuGit/BuyuKosusu/BuyuKosusu/Content/Meshes/vikingsedited/SM_Fence_02_B.ubulk" 3210
"W:/UnrealProject/BuyuKosusuGit/BuyuKosusu/BuyuKosusu/Content/Meshes/vikingsedited/SM_Fence_02_B.uasset" 3211
"W:/UnrealProject/BuyuKosusuGit/BuyuKosusu/BuyuKosusu/Content/Meshes/vikingsedited/SM_Fence_02_B.uexp" 3212
"../../../Engine/Content/OpenWorldTemplate/LandscapeMaterial/T_GridChecker_A.ubulk" 3213
"../../../Engine/Content/OpenWorldTemplate/LandscapeMaterial/T_GridChecker_A.uasset" 3214
"../../../Engine/Content/OpenWorldTemplate/LandscapeMaterial/T_GridChecker_A.uexp" 3215
"../../../Engine/Content/OpenWorldTemplate/LandscapeMaterial/MF_ProcGrid.uasset" 3216
"../../../Engine/Content/OpenWorldTemplate/LandscapeMaterial/MF_ProcGrid.uexp" 3217
"../../../Engine/Content/OpenWorldTemplate/LandscapeMaterial/M_ProcGrid.uasset" 3218
"../../../Engine/Content/OpenWorldTemplate/LandscapeMaterial/M_ProcGrid.uexp" 3219
"../../../Engine/Content/OpenWorldTemplate/LandscapeMaterial/MI_ProcGrid.uasset" 3220
"../../../Engine/Content/OpenWorldTemplate/LandscapeMaterial/MI_ProcGrid.uexp" 3221
"W:/UnrealProject/BuyuKosusuGit/BuyuKosusu/BuyuKosusu/Content/VFX/MixedVFX/Particles/Mix/NS_Wind1.uasset" 3222
"W:/UnrealProject/BuyuKosusuGit/BuyuKosusu/BuyuKosusu/Content/VFX/MixedVFX/Particles/Mix/NS_Wind1.uexp" 3223
"W:/UnrealProject/BuyuKosusuGit/BuyuKosusu/BuyuKosusu/Content/LandscapeSave/grassBad_LayerInfo.uasset" 3224
"W:/UnrealProject/BuyuKosusuGit/BuyuKosusu/BuyuKosusu/Content/LandscapeSave/grassBad_LayerInfo.uexp" 3225
"W:/UnrealProject/BuyuKosusuGit/BuyuKosusu/BuyuKosusu/Content/LandscapeSave/RealRock2_LayerInfo3.uasset" 3226
"W:/UnrealProject/BuyuKosusuGit/BuyuKosusu/BuyuKosusu/Content/LandscapeSave/RealRock2_LayerInfo3.uexp" 3227
"../../../Engine/Content/MapTemplates/SM_Template_Map_Floor.ubulk" 3228
"../../../Engine/Content/MapTemplates/SM_Template_Map_Floor.uasset" 3229
"../../../Engine/Content/MapTemplates/SM_Template_Map_Floor.uexp" 3230
"W:/UnrealProject/BuyuKosusuGit/BuyuKosusu/BuyuKosusu/Content/Blueprints/MenuPawn.uasset" 3231
"W:/UnrealProject/BuyuKosusuGit/BuyuKosusu/BuyuKosusu/Content/Blueprints/MenuPawn.uexp" 3232
"W:/UnrealProject/BuyuKosusuGit/BuyuKosusu/BuyuKosusu/Content/BP_MenuGameMode.uasset" 3233
"W:/UnrealProject/BuyuKosusuGit/BuyuKosusu/BuyuKosusu/Content/BP_MenuGameMode.uexp" 3234
"W:/UnrealProject/BuyuKosusuGit/BuyuKosusu/BuyuKosusu/Content/VFX/DrapEffet/VFX/NE_drop_effects06.uasset" 3235
"W:/UnrealProject/BuyuKosusuGit/BuyuKosusu/BuyuKosusu/Content/VFX/DrapEffet/VFX/NE_drop_effects06.uexp" 3236
"W:/UnrealProject/BuyuKosusuGit/BuyuKosusu/BuyuKosusu/Content/VFX/DrapEffet/VFX/NE_drop_effects07.uasset" 3237
"W:/UnrealProject/BuyuKosusuGit/BuyuKosusu/BuyuKosusu/Content/VFX/DrapEffet/VFX/NE_drop_effects07.uexp" 3238
"W:/UnrealProject/BuyuKosusuGit/BuyuKosusu/BuyuKosusu/Content/LandscapeSave/Grass01_LayerInfo3.uasset" 3239
"W:/UnrealProject/BuyuKosusuGit/BuyuKosusu/BuyuKosusu/Content/LandscapeSave/Grass01_LayerInfo3.uexp" 3240
"W:/UnrealProject/BuyuKosusuGit/BuyuKosusu/BuyuKosusu/Content/Levels/MainMenu.uexp" 3241
"W:/UnrealProject/BuyuKosusuGit/BuyuKosusu/BuyuKosusu/Content/Levels/MainMenu.ubulk" 3242
"W:/UnrealProject/BuyuKosusuGit/BuyuKosusu/BuyuKosusu/Content/Levels/MainMenu.umap" 3243
"../../../Engine/Content/Maps/Entry_BuiltData.uasset" 3244
"../../../Engine/Content/Maps/Entry_BuiltData.uexp" 3245
"../../../Engine/Content/Maps/Entry.uexp" 3246
"../../../Engine/Content/Maps/Entry.umap" 3247
